trip_id,distance_km,traffic_density,weather_impact,day_of_week,hour_of_day,actual_time_mins,timestamp,avg_speed_kmh
1,110.62,1,1.1,0,8,173.37,2026-05-13 14:51:57,38.28344004152968
2,21.78,6,1.3,4,5,82.9,2026-05-13 14:51:57,15.763570566948129
3,80.8,10,1.9,1,8,184.64,2026-05-13 14:51:57,26.256499133448873
4,41.26,5,1.2,6,5,106.96,2026-05-13 14:51:57,23.1451009723261
5,54.16,7,1.2,4,16,137.46,2026-05-13 14:51:57,23.640331732867743
6,143.98,3,1.9,0,3,218.6,2026-05-13 14:51:57,39.51875571820677
7,14.19,9,1.6,3,13,104.32,2026-05-13 14:51:57,8.161426380368098
8,74.38,9,1.8,3,8,174.85,2026-05-13 14:51:57,25.5235916499857
9,119.51,7,1.2,5,9,214.14,2026-05-13 14:51:57,33.48557018772766
10,32.11,10,1.0,4,3,127.34,2026-05-13 14:51:57,15.129574367834145
11,107.63,3,1.8,5,14,174.21,2026-05-13 14:51:57,37.06905458928878
12,97.68,1,1.4,1,11,145.53,2026-05-13 14:51:57,40.27210884353742
13,6.49,1,1.9,0,20,58.01,2026-05-13 14:51:57,6.712635752456474
14,50.28,3,1.9,1,19,109.07,2026-05-13 14:51:57,27.65930136609517
15,49.59,10,1.4,5,3,136.35,2026-05-13 14:51:57,21.821782178217823
16,105.65,3,1.3,4,0,166.4,2026-05-13 14:51:57,38.09495192307693
17,124.54,5,1.3,6,6,205.17,2026-05-13 14:51:57,36.42052931715163
18,100.47,10,1.5,1,12,211.95,2026-05-13 14:51:57,28.441613588110407
19,132.03,8,1.9,3,18,248.92,2026-05-13 14:51:57,31.8246826289571
20,19.03,5,1.9,4,23,83.0,2026-05-13 14:51:57,13.756626506024098
21,35.76,3,1.0,6,1,88.44,2026-05-13 14:51:57,24.260515603799185
22,92.26,2,1.2,4,23,159.14,2026-05-13 14:51:57,34.784466507477696
23,29.91,4,1.9,4,22,96.48,2026-05-13 14:51:57,18.600746268656714
25,37.27,7,1.4,2,1,107.9,2026-05-13 14:51:57,20.72474513438369
26,115.22,6,1.5,0,2,195.76,2026-05-13 14:51:57,35.31467102574581
27,65.01,3,1.8,6,22,128.58,2026-05-13 14:51:57,30.335977601493234
28,71.32,7,1.2,0,0,149.69,2026-05-13 14:51:57,28.587079965261537
29,83.28,6,1.5,5,11,165.73,2026-05-13 14:51:57,30.15024437337839
30,132.74,10,1.4,5,0,245.76,2026-05-13 14:51:57,32.4072265625
31,16.02,3,1.6,0,9,74.62,2026-05-13 14:51:57,12.881265076387027
32,39.02,2,1.2,2,22,76.81,2026-05-13 14:51:57,30.480406197109755
33,132.29,10,1.4,2,3,242.63,2026-05-13 14:51:57,32.714008984874084
34,17.61,4,1.1,3,7,78.61,2026-05-13 14:51:57,13.441038035873298
35,117.7,6,1.9,4,7,219.81,2026-05-13 14:51:57,32.12774669032346
36,147.56,7,1.4,5,19,247.05,2026-05-13 14:51:57,35.837279902853666
37,76.3,2,1.9,0,3,141.46,2026-05-13 14:51:57,32.36250530185211
38,105.46,10,1.0,5,17,213.59,2026-05-13 14:51:57,29.624982442998267
39,113.54,10,1.1,1,10,208.28,2026-05-13 14:51:57,32.707893220664495
40,94.76,7,1.2,3,0,178.25,2026-05-13 14:51:57,31.89677419354839
41,11.39,9,1.3,0,3,90.1,2026-05-13 14:51:57,7.58490566037736
42,148.15,5,1.7,2,9,234.36,2026-05-13 14:51:57,37.928827444956475
43,114.53,1,1.3,0,9,171.13,2026-05-13 14:51:57,40.155437386781976
44,129.58,10,1.0,1,6,230.64,2026-05-13 14:51:57,33.70967741935484
45,34.68,4,1.9,1,1,109.98,2026-05-13 14:51:57,18.919803600654664
46,97.28,1,1.1,6,3,141.84,2026-05-13 14:51:57,41.15059221658207
47,53.52,7,1.0,3,3,134.52,2026-05-13 14:51:57,23.871543264942016
48,143.39,3,1.3,3,7,219.72,2026-05-13 14:51:57,39.156198798470776
49,15.3,4,1.7,0,11,82.04,2026-05-13 14:51:57,11.189663578742076
50,52.12,9,1.9,2,22,144.26,2026-05-13 14:51:57,21.67752668792458
51,53.82,3,1.3,2,0,104.2,2026-05-13 14:51:57,30.990403071017273
52,62.37,9,1.5,5,4,157.18,2026-05-13 14:51:57,23.808372566484284
53,57.67,5,1.6,3,19,127.95,2026-05-13 14:51:57,27.043376318874564
54,89.86,6,1.1,1,22,162.65,2026-05-13 14:51:57,33.14847832769751
55,38.48,2,1.5,1,23,80.9,2026-05-13 14:51:57,28.538936959208897
56,18.18,8,1.1,3,7,94.06,2026-05-13 14:51:57,11.59685307250691
57,48.1,6,1.8,2,4,131.19,2026-05-13 14:51:57,21.998627944203065
58,25.47,8,1.8,4,1,108.91,2026-05-13 14:51:57,14.031769350840143
59,19.12,1,1.1,0,3,53.74,2026-05-13 14:51:57,21.34722739114254
60,69.71,5,1.6,3,14,145.7,2026-05-13 14:51:57,28.706932052161974
61,98.12,6,1.2,3,3,174.12,2026-05-13 14:51:57,33.81116471399035
62,28.75,4,1.8,0,21,89.08,2026-05-13 14:51:57,19.36461607543781
63,19.6,3,1.3,5,14,74.41,2026-05-13 14:51:57,15.804327375352777
64,25.22,7,1.2,4,11,97.93,2026-05-13 14:51:57,15.451853364648217
65,55.61,2,1.1,1,4,102.29,2026-05-13 14:51:57,32.61902434255548
66,53.06,10,1.4,3,18,145.64,2026-05-13 14:51:57,21.859379291403464
67,11.59,3,2.0,1,4,61.01,2026-05-13 14:51:57,11.398131453860024
68,103.54,3,1.8,2,9,177.41,2026-05-13 14:51:57,35.01719181556846
69,98.84,1,1.6,4,6,152.94,2026-05-13 14:51:57,38.77599058454296
70,9.68,4,1.4,4,10,69.34,2026-05-13 14:51:57,8.376117680992213
71,65.3,1,1.4,2,20,114.02,2026-05-13 14:51:57,34.3623925627083
72,85.19,3,1.9,5,20,159.21,2026-05-13 14:51:57,32.104767288486904
73,104.66,3,1.7,2,18,175.14,2026-05-13 14:51:57,35.85474477560809
74,148.54,3,1.7,2,14,228.38,2026-05-13 14:51:57,39.02443296260618
75,75.38,2,1.1,5,12,136.16,2026-05-13 14:51:57,33.21680376028202
76,77.61,10,1.1,6,10,179.33,2026-05-13 14:51:57,25.966653655272403
77,98.31,8,1.1,1,5,191.82,2026-05-13 14:51:57,30.750703784798247
78,103.8,10,1.5,4,15,218.79,2026-05-13 14:51:57,28.46565199506376
79,145.38,7,1.3,1,19,244.72,2026-05-13 14:51:57,35.64400130761687
80,60.2,8,1.5,3,21,146.02,2026-05-13 14:51:57,24.73633748801534
81,40.53,4,1.2,4,21,106.83,2026-05-13 14:51:57,22.763268744734628
82,106.46,5,1.4,5,10,196.18,2026-05-13 14:51:57,32.55989397492099
83,48.03,8,1.8,4,5,146.94,2026-05-13 14:51:57,19.612086565945287
84,57.85,7,1.3,3,14,131.2,2026-05-13 14:51:57,26.45579268292683
85,70.51,7,1.6,0,6,159.01,2026-05-13 14:51:57,26.605873844412308
86,21.51,5,1.9,0,2,81.85,2026-05-13 14:51:57,15.76786805131338
87,71.7,8,1.6,6,3,162.56,2026-05-13 14:51:57,26.464074803149607
88,24.79,7,1.8,4,22,101.33,2026-05-13 14:51:57,14.678772328037105
89,88.35,5,1.7,6,13,159.15,2026-05-13 14:51:57,33.30819981149858
90,23.64,4,1.5,4,0,74.23,2026-05-13 14:51:57,19.108177286811262
91,31.93,9,1.5,5,3,111.72,2026-05-13 14:51:57,17.148227712137487
92,14.56,2,1.3,1,2,67.81,2026-05-13 14:51:57,12.883055596519688
93,94.09,5,1.8,2,21,172.19,2026-05-13 14:51:57,32.78587606713514
94,128.62,9,1.6,4,6,244.76,2026-05-13 14:51:57,31.529661709429647
95,14.41,1,1.6,6,6,53.8,2026-05-13 14:51:57,16.070631970260223
96,109.31,10,1.2,2,9,206.29,2026-05-13 14:51:57,31.793106791410153
97,65.33,4,1.1,0,20,131.83,2026-05-13 14:51:57,29.733748008799207
98,99.08,7,1.1,2,15,188.84,2026-05-13 14:51:57,31.480618513026897
99,133.65,10,1.7,3,5,256.17,2026-05-13 14:51:57,31.30343131514229
100,87.87,4,2.0,2,6,171.57,2026-05-13 14:51:57,30.72914845252667
101,65.68,9,1.5,6,2,164.45,2026-05-13 14:51:57,23.963514746123444
102,55.73,3,1.6,6,10,121.83,2026-05-13 14:51:57,27.44644176311253
103,30.11,1,1.4,4,19,64.37,2026-05-13 14:51:57,28.065869193723785
104,34.52,7,1.8,3,15,109.29,2026-05-13 14:51:57,18.951413670052155
105,146.89,5,1.2,1,13,226.42,2026-05-13 14:51:57,38.925006624856465
106,119.08,6,1.6,4,18,211.63,2026-05-13 14:51:57,33.760808959032275
107,62.63,7,1.2,0,1,135.34,2026-05-13 14:51:57,27.765627308999555
108,34.38,4,1.5,1,7,93.05,2026-05-13 14:51:57,22.1687264911338
109,97.69,9,1.6,1,22,202.8,2026-05-13 14:51:57,28.90236686390532
110,20.44,9,1.5,5,7,106.59,2026-05-13 14:51:57,11.505769772023642
111,88.08,6,1.2,2,1,160.25,2026-05-13 14:51:57,32.97847113884555
112,128.55,10,1.4,3,5,240.26,2026-05-13 14:51:57,32.1027220511113
113,146.75,7,1.2,3,5,238.68,2026-05-13 14:51:57,36.89039718451483
114,48.92,8,1.8,1,9,133.37,2026-05-13 14:51:57,22.007947814351052
115,20.84,1,1.2,5,3,55.56,2026-05-13 14:51:57,22.505399568034555
116,8.68,3,1.7,6,4,54.23,2026-05-13 14:51:57,9.60354047575143
117,84.29,1,1.4,2,12,131.61,2026-05-13 14:51:57,38.427171187599725
119,110.08,3,1.9,5,2,186.25,2026-05-13 14:51:57,35.46201342281879
120,126.67,3,1.5,1,6,208.45,2026-05-13 14:51:57,36.460542096426
121,18.98,9,1.9,0,13,112.71,2026-05-13 14:51:57,10.103806228373703
122,136.28,9,1.3,6,4,236.86,2026-05-13 14:51:57,34.521658363590305
123,101.92,9,1.7,3,13,211.88,2026-05-13 14:51:57,28.86161978478384
124,130.13,10,2.0,0,8,241.19,2026-05-13 14:51:57,32.371988888428206
125,32.98,4,1.5,6,22,96.43,2026-05-13 14:51:57,20.520584880223993
126,34.63,1,1.9,4,5,92.81,2026-05-13 14:51:57,22.38767374205366
127,76.16,7,1.6,1,13,157.45,2026-05-13 14:51:57,29.022546840266752
128,49.26,10,1.1,3,3,141.25,2026-05-13 14:51:57,20.924601769911504
129,91.16,7,1.2,4,1,174.56,2026-05-13 14:51:57,31.333638863428042
130,11.26,4,1.3,1,10,58.77,2026-05-13 14:51:57,11.495661051556915
131,149.25,7,1.2,3,19,239.62,2026-05-13 14:51:57,37.37167181370503
132,120.31,9,1.2,3,12,231.0,2026-05-13 14:51:57,31.24935064935065
133,70.37,6,1.7,0,9,144.94,2026-05-13 14:51:57,29.13067476197047
134,109.6,3,1.6,4,17,190.68,2026-05-13 14:51:57,34.48709880427942
135,107.27,9,1.5,1,10,214.41,2026-05-13 14:51:57,30.01818945011893
136,34.55,6,1.6,3,7,110.61,2026-05-13 14:51:57,18.741524274477893
137,118.88,5,1.9,2,21,199.09,2026-05-13 14:51:57,35.82701290873474
138,44.13,8,1.4,0,6,124.59,2026-05-13 14:51:57,21.252106910666985
139,52.58,8,1.2,5,16,132.34,2026-05-13 14:51:57,23.838597551760614
140,111.13,2,1.4,4,15,171.13,2026-05-13 14:51:57,38.96336118740139
141,23.2,7,1.4,4,23,102.3,2026-05-13 14:51:57,13.607038123167156
142,106.22,8,1.9,6,7,215.44,2026-05-13 14:51:57,29.582250278499817
143,13.49,10,1.1,0,9,102.48,2026-05-13 14:51:57,7.898126463700234
144,18.63,2,1.4,1,21,68.81,2026-05-13 14:51:57,16.244731870367676
145,12.36,10,1.5,0,0,96.29,2026-05-13 14:51:57,7.701734344168657
147,61.64,1,1.3,0,10,103.07,2026-05-13 14:51:57,35.88241001261279
148,23.54,3,1.2,2,18,74.5,2026-05-13 14:51:57,18.958389261744966
149,18.55,1,1.1,6,11,56.5,2026-05-13 14:51:57,19.69911504424779
150,26.26,4,1.5,0,13,92.03,2026-05-13 14:51:57,17.12050418341845
151,74.01,7,1.1,0,11,146.41,2026-05-13 14:51:57,30.32989549894133
152,8.45,6,1.8,5,6,89.49,2026-05-13 14:51:57,5.665437479047939
153,44.57,5,1.3,4,21,105.48,2026-05-13 14:51:57,25.352673492605234
154,68.05,3,1.8,5,21,142.75,2026-05-13 14:51:57,28.602451838879155
155,135.13,7,1.4,5,18,235.57,2026-05-13 14:51:57,34.417795135203974
156,134.69,7,1.1,5,4,225.94,2026-05-13 14:51:57,35.76790298309285
157,59.22,6,1.6,1,19,147.89,2026-05-13 14:51:57,24.02596524443844
158,46.12,8,1.6,5,11,124.65,2026-05-13 14:51:57,22.199759326113114
159,78.71,5,1.4,3,8,146.41,2026-05-13 14:51:57,32.25599344307082
160,20.52,1,1.5,5,19,61.8,2026-05-13 14:51:57,19.92233009708738
161,126.02,8,1.3,0,20,226.82,2026-05-13 14:51:57,33.335684683890314
162,132.09,4,1.2,3,21,212.64,2026-05-13 14:51:57,37.271444695259596
163,75.93,8,1.7,6,15,164.87,2026-05-13 14:51:57,27.63268029356463
164,64.55,2,1.2,3,23,121.34,2026-05-13 14:51:57,31.91857590242294
165,104.27,9,1.2,0,5,195.32,2026-05-13 14:51:57,32.030514028261315
166,50.45,10,1.6,4,23,153.59,2026-05-13 14:51:57,19.708314343381733
167,114.1,6,1.1,0,4,190.97,2026-05-13 14:51:57,35.848562601455725
168,135.62,9,1.0,4,23,240.71,2026-05-13 14:51:57,33.80499356071621
169,100.35,3,1.7,3,8,163.36,2026-05-13 14:51:57,36.85724779627815
170,15.42,2,1.9,0,20,69.39,2026-05-13 14:51:57,13.333333333333332
171,120.78,9,1.0,6,3,222.81,2026-05-13 14:51:57,32.52457250572236
172,48.85,4,1.5,2,6,112.81,2026-05-13 14:51:57,25.981739207517062
173,131.81,2,1.5,0,7,207.71,2026-05-13 14:51:57,38.07520100139618
174,77.12,6,1.4,5,8,148.95,2026-05-13 14:51:57,31.065458207452167
175,107.02,8,1.1,3,13,189.42,2026-05-13 14:51:57,33.89927146024707
176,50.46,4,1.3,5,16,103.97,2026-05-13 14:51:57,29.119938443781862
177,23.87,8,1.8,5,7,109.7,2026-05-13 14:51:57,13.055606198723792
178,81.28,9,1.5,5,5,185.5,2026-05-13 14:51:57,26.290026954177897
179,30.92,2,1.2,5,1,80.45,2026-05-13 14:51:57,23.0602858918583
180,73.31,8,1.7,4,16,172.64,2026-05-13 14:51:57,25.47845227062095
181,135.56,1,1.8,2,8,206.87,2026-05-13 14:51:57,39.31744573886982
182,43.53,3,2.0,0,1,118.27,2026-05-13 14:51:57,22.0833685634565
183,34.05,6,1.4,6,16,104.93,2026-05-13 14:51:57,19.470122939102257
184,41.68,2,1.3,5,16,94.46,2026-05-13 14:51:57,26.474698284988357
185,132.91,5,1.6,5,15,218.03,2026-05-13 14:51:57,36.57570059166169
186,111.14,2,1.8,6,10,189.61,2026-05-13 14:51:57,35.169031169242125
187,116.38,4,1.3,0,12,193.03,2026-05-13 14:51:57,36.17468787235145
188,23.9,6,1.5,4,11,101.55,2026-05-13 14:51:57,14.121122599704579
189,65.64,7,1.3,5,6,140.17,2026-05-13 14:51:57,28.097310408789333
190,60.82,4,1.4,6,3,123.19,2026-05-13 14:51:57,29.622534296614983
191,140.92,7,1.4,4,15,229.49,2026-05-13 14:51:57,36.843435443810186
192,42.42,3,1.6,4,7,109.78,2026-05-13 14:51:57,23.184550920021863
193,77.12,8,1.3,1,8,167.38,2026-05-13 14:51:57,27.644879913968218
194,46.55,6,1.7,6,0,122.34,2026-05-13 14:51:57,22.82981853849926
195,68.69,4,1.1,2,10,139.23,2026-05-13 14:51:57,29.601379013143717
196,72.37,7,1.6,4,10,162.96,2026-05-13 14:51:57,26.64580265095729
197,20.86,2,1.2,6,4,64.07,2026-05-13 14:51:57,19.534883720930235
198,49.58,5,1.8,5,16,128.66,2026-05-13 14:51:57,23.121405254158244
199,89.43,2,1.0,1,19,141.37,2026-05-13 14:51:57,37.95571903515597
200,30.81,4,1.3,5,15,92.71,2026-05-13 14:51:57,19.93959659152195
201,137.38,2,1.9,4,4,216.11,2026-05-13 14:51:57,38.141687103789735
202,22.13,4,1.7,3,2,83.19,2026-05-13 14:51:57,15.961053011179226
203,88.47,4,1.4,5,7,156.12,2026-05-13 14:51:57,34.000768639508074
204,72.03,10,2.0,4,19,182.58,2026-05-13 14:51:57,23.670719684521853
205,113.23,2,1.4,2,5,169.13,2026-05-13 14:51:57,40.16910069177556
206,38.61,7,1.8,1,15,130.53,2026-05-13 14:51:57,17.747644219719604
207,75.28,1,1.6,4,21,127.37,2026-05-13 14:51:57,35.46203972678025
208,45.31,7,1.5,6,4,129.77,2026-05-13 14:51:57,20.94937196578562
209,23.53,1,1.2,2,8,71.33,2026-05-13 14:51:57,19.79251366886303
210,117.86,4,1.6,5,8,200.44,2026-05-13 14:51:57,35.28038315705448
211,99.53,2,1.2,3,16,158.16,2026-05-13 14:51:57,37.75796661608498
212,43.9,8,1.2,3,7,117.86,2026-05-13 14:51:57,22.348549126081792
213,147.2,9,1.3,1,8,264.47,2026-05-13 14:51:57,33.39509207093432
214,34.46,2,1.2,5,6,87.71,2026-05-13 14:51:57,23.573138752707788
215,90.19,5,1.1,0,13,154.52,2026-05-13 14:51:57,35.02070929329536
216,115.45,1,1.8,5,2,171.75,2026-05-13 14:51:57,40.33187772925765
217,85.3,8,1.9,0,7,186.67,2026-05-13 14:51:57,27.417367547008087
218,51.84,2,1.2,4,7,104.8,2026-05-13 14:51:57,29.679389312977104
219,47.28,2,1.4,3,10,95.09,2026-05-13 14:51:57,29.832789988432012
220,9.53,3,1.9,1,9,59.62,2026-05-13 14:51:57,9.590741361959074
221,28.58,5,1.6,5,12,87.72,2026-05-13 14:51:57,19.548563611491108
222,147.98,9,2.0,0,13,258.27,2026-05-13 14:51:57,34.37797653618306
223,114.07,7,1.3,4,16,209.54,2026-05-13 14:51:57,32.66297604276033
224,98.13,4,1.4,0,7,162.31,2026-05-13 14:51:57,36.275029264986756
225,49.07,9,1.4,4,15,134.52,2026-05-13 14:51:57,21.88670829616414
226,64.51,7,1.9,6,16,160.89,2026-05-13 14:51:57,24.057430542606753
227,138.05,7,1.6,2,6,231.75,2026-05-13 14:51:57,35.7411003236246
228,95.21,3,1.8,1,1,158.56,2026-05-13 14:51:57,36.02800201816347
229,125.16,1,1.3,2,1,194.95,2026-05-13 14:51:57,38.520646319569124
230,71.86,1,1.0,2,2,109.47,2026-05-13 14:51:57,39.386133187174565
231,18.49,1,1.8,0,22,66.25,2026-05-13 14:51:57,16.745660377358487
232,114.17,1,1.9,6,23,178.76,2026-05-13 14:51:57,38.32065339002014
233,16.96,5,1.1,5,16,67.42,2026-05-13 14:51:57,15.093444081874816
234,138.58,6,2.0,5,21,239.99,2026-05-13 14:51:57,34.64644360181674
235,10.61,7,1.4,4,11,81.82,2026-05-13 14:51:57,7.780493766805182
236,69.53,1,1.7,2,21,129.85,2026-05-13 14:51:57,32.127839815171356
237,48.05,8,1.6,1,7,136.36,2026-05-13 14:51:57,21.142563801701375
238,74.11,6,1.8,4,12,162.49,2026-05-13 14:51:57,27.36537633085113
239,120.12,8,1.2,6,4,215.9,2026-05-13 14:51:57,33.382121352477995
240,21.23,5,1.1,2,11,78.61,2026-05-13 14:51:57,16.204045286859177
241,13.94,8,1.5,1,5,97.08,2026-05-13 14:51:57,8.61557478368356
242,13.35,10,1.4,5,10,95.11,2026-05-13 14:51:57,8.421827357796236
243,119.24,2,1.9,2,21,197.62,2026-05-13 14:51:57,36.20281348041696
244,52.55,2,1.6,4,7,101.32,2026-05-13 14:51:57,31.119226213975523
245,105.29,10,1.3,4,17,219.41,2026-05-13 14:51:57,28.792671254728592
246,98.42,10,2.0,6,4,221.91,2026-05-13 14:51:57,26.610788157361092
247,135.79,4,1.5,3,13,220.57,2026-05-13 14:51:57,36.93793353583896
248,103.84,2,1.4,3,21,163.3,2026-05-13 14:51:57,38.153092467850584
249,30.44,1,1.9,3,20,78.73,2026-05-13 14:51:57,23.198272577162456
250,51.75,8,1.5,2,22,144.02,2026-05-13 14:51:57,21.559505624218854
251,53.06,10,1.3,2,22,145.18,2026-05-13 14:51:57,21.92864030858245
252,22.89,3,1.8,5,3,87.5,2026-05-13 14:51:57,15.696000000000002
253,95.28,2,2.0,6,23,174.57,2026-05-13 14:51:57,32.74789482728991
254,16.79,6,1.2,0,12,85.28,2026-05-13 14:51:57,11.812851782363976
255,141.2,3,1.4,3,9,210.06,2026-05-13 14:51:57,40.33133390459869
256,76.8,8,1.6,3,19,171.29,2026-05-13 14:51:57,26.90174557767529
257,27.45,6,1.1,2,22,84.31,2026-05-13 14:51:57,19.535049223105208
258,22.48,10,1.1,0,13,107.93,2026-05-13 14:51:57,12.496988789029926
259,144.94,8,1.9,3,3,257.86,2026-05-13 14:51:57,33.725277282246175
260,12.5,1,2.0,4,8,55.19,2026-05-13 14:51:57,13.589418372893642
261,92.67,10,1.1,1,9,184.25,2026-05-13 14:51:57,30.177476255088195
262,145.29,4,1.5,0,12,229.82,2026-05-13 14:51:57,37.93142459315986
263,116.46,6,1.5,3,6,199.98,2026-05-13 14:51:57,34.94149414941494
264,132.14,4,1.9,3,9,220.28,2026-05-13 14:51:57,35.992373343017974
265,27.58,8,1.2,2,23,98.36,2026-05-13 14:51:57,16.823912159414395
266,9.28,2,1.7,0,2,58.62,2026-05-13 14:51:57,9.498464687819856
267,72.28,4,1.3,1,2,132.31,2026-05-13 14:51:57,32.77756783311919
268,54.04,6,1.6,0,3,138.99,2026-05-13 14:51:57,23.328296999784158
269,50.14,7,1.4,6,13,129.83,2026-05-13 14:51:57,23.17184009859046
270,120.66,9,1.6,5,22,224.86,2026-05-13 14:51:57,32.196033087254285
271,25.46,6,1.0,5,19,86.47,2026-05-13 14:51:57,17.666242627500868
272,28.84,4,1.5,4,18,96.32,2026-05-13 14:51:57,17.96511627906977
273,126.78,8,1.4,4,5,229.47,2026-05-13 14:51:57,33.14943129820892
274,66.96,3,1.3,5,7,135.36,2026-05-13 14:51:57,29.68085106382978
275,120.7,10,1.5,2,19,222.59,2026-05-13 14:51:57,32.53515431960106
276,72.85,2,2.0,2,1,136.45,2026-05-13 14:51:57,32.03371198241114
277,91.77,9,1.0,2,22,187.11,2026-05-13 14:51:57,29.427609427609426
278,15.04,2,1.4,3,18,62.87,2026-05-13 14:51:57,14.353427707968823
279,44.48,6,1.9,5,7,124.12,2026-05-13 14:51:57,21.501772478246856
280,28.14,7,1.2,1,15,108.36,2026-05-13 14:51:57,15.581395348837209
281,43.6,8,1.0,3,20,113.35,2026-05-13 14:51:57,23.078958976621085
282,55.65,9,1.2,2,9,147.12,2026-05-13 14:51:57,22.695758564437195
283,53.9,5,1.8,5,23,120.49,2026-05-13 14:51:57,26.840401693086566
284,80.32,1,1.8,0,3,137.6,2026-05-13 14:51:57,35.02325581395348
285,64.39,2,1.5,2,20,117.68,2026-05-13 14:51:57,32.82970768184908
286,114.16,3,1.2,3,5,182.43,2026-05-13 14:51:57,37.54645617497122
287,8.74,1,1.2,6,11,34.69,2026-05-13 14:51:57,15.116748342461806
288,43.37,8,1.5,4,12,128.95,2026-05-13 14:51:57,20.179914695618457
289,28.97,4,1.9,5,23,94.05,2026-05-13 14:51:57,18.481658692185007
290,120.4,4,1.9,6,15,213.25,2026-05-13 14:51:57,33.875732708089096
291,144.7,10,1.7,2,8,266.33,2026-05-13 14:51:57,32.59865580295122
292,28.77,6,1.2,2,8,96.07,2026-05-13 14:51:57,17.96814822525242
293,129.33,1,1.8,5,22,205.24,2026-05-13 14:51:57,37.80841941142078
294,120.94,6,1.3,2,22,213.74,2026-05-13 14:51:57,33.949658463553845
295,77.91,7,1.8,0,23,159.44,2026-05-13 14:51:57,29.31886603110888
296,142.05,2,1.3,3,23,203.42,2026-05-13 14:51:57,41.898535050634166
297,38.54,8,1.4,2,2,127.11,2026-05-13 14:51:57,18.19211706396035
298,82.86,8,1.6,5,1,182.06,2026-05-13 14:51:57,27.30748105020323
299,12.76,9,1.6,3,21,97.13,2026-05-13 14:51:57,7.8822197055492635
300,78.88,9,1.5,2,11,168.5,2026-05-13 14:51:57,28.087833827893174
301,126.56,4,1.7,1,12,204.01,2026-05-13 14:51:57,37.22170481839126
302,86.67,1,1.7,4,17,135.05,2026-05-13 14:51:57,38.50573861532766
303,60.09,10,1.3,4,23,156.2,2026-05-13 14:51:57,23.0819462227913
304,143.33,2,1.2,3,8,219.69,2026-05-13 14:51:57,39.14515908780555
305,56.36,2,1.0,4,1,106.74,2026-05-13 14:51:57,31.68071950534008
306,117.96,10,1.6,0,11,227.01,2026-05-13 14:51:57,31.177481168230475
307,21.53,10,1.8,1,21,120.14,2026-05-13 14:51:57,10.752455468619942
308,44.82,2,1.4,1,13,95.78,2026-05-13 14:51:57,28.07684276466903
309,51.92,9,1.3,4,2,132.44,2026-05-13 14:51:57,23.521594684385384
310,142.91,9,1.5,0,10,254.22,2026-05-13 14:51:57,33.72905357564314
311,89.53,8,1.1,5,4,186.76,2026-05-13 14:51:57,28.76311844077961
312,95.69,2,1.8,3,9,158.47,2026-05-13 14:51:57,36.23020129993059
313,147.63,4,1.2,2,4,236.33,2026-05-13 14:51:57,37.48064147590234
314,149.35,6,1.3,6,7,251.49,2026-05-13 14:51:57,35.63163545270189
315,38.14,6,1.4,3,7,101.6,2026-05-13 14:51:57,22.523622047244096
316,133.55,9,1.3,3,16,232.46,2026-05-13 14:51:57,34.470446528435005
317,22.81,9,1.5,3,2,101.05,2026-05-13 14:51:57,13.543790202869866
318,59.64,5,2.0,6,20,147.58,2026-05-13 14:51:57,24.247187965849033
319,126.43,1,1.9,6,2,188.04,2026-05-13 14:51:57,40.34141671984685
320,66.18,10,1.6,3,5,170.86,2026-05-13 14:51:57,23.24007959733115
321,81.88,5,1.6,1,5,162.49,2026-05-13 14:51:57,30.23447596775186
322,136.25,8,1.3,4,8,227.17,2026-05-13 14:51:57,35.98626579213805
323,127.61,6,1.6,4,23,224.15,2026-05-13 14:51:57,34.15837608744145
324,37.67,1,1.1,4,20,83.06,2026-05-13 14:51:57,27.211654225860823
325,129.42,7,1.1,0,23,221.01,2026-05-13 14:51:57,35.135061761911224
326,32.56,2,1.1,2,7,83.96,2026-05-13 14:51:57,23.268222963315868
327,134.69,2,2.0,3,1,213.99,2026-05-13 14:51:57,37.76531613626805
328,71.53,10,1.6,4,6,167.23,2026-05-13 14:51:57,25.664055492435573
329,85.56,7,1.0,2,13,161.36,2026-05-13 14:51:57,31.81457610312345
331,40.82,1,1.8,2,21,94.73,2026-05-13 14:51:57,25.85453393856223
332,86.01,5,1.2,5,19,156.37,2026-05-13 14:51:57,33.00249408454307
333,114.53,9,1.0,4,5,207.76,2026-05-13 14:51:57,33.075664227955336
334,46.22,3,1.1,3,13,105.84,2026-05-13 14:51:57,26.201814058956916
335,13.27,1,1.2,3,9,43.54,2026-05-13 14:51:57,18.286632981166743
336,100.16,10,1.1,2,13,201.2,2026-05-13 14:51:57,29.86878727634195
337,52.76,4,1.0,3,7,115.38,2026-05-13 14:51:57,27.436297451898078
338,101.91,10,1.7,4,20,213.66,2026-05-13 14:51:57,28.618365627632688
339,13.45,8,1.9,3,5,107.12,2026-05-13 14:51:57,7.533607169529499
340,88.43,10,1.6,0,2,196.24,2026-05-13 14:51:57,27.037301263758664
341,26.73,3,1.3,5,5,84.48,2026-05-13 14:51:57,18.984375
342,12.17,1,1.4,2,20,48.69,2026-05-13 14:51:57,14.996919285274183
343,45.9,8,1.2,1,15,135.0,2026-05-13 14:51:57,20.4
344,99.08,8,2.0,3,7,210.12,2026-05-13 14:51:57,28.292404340376926
345,112.51,8,1.5,1,8,216.53,2026-05-13 14:51:57,31.17628042303607
346,62.33,10,1.9,0,12,176.94,2026-05-13 14:51:57,21.135978297728045
347,55.53,2,1.0,6,21,97.99,2026-05-13 14:51:57,34.001428717216044
348,67.2,9,1.6,2,21,159.14,2026-05-13 14:51:57,25.336181978132466
349,44.23,10,1.1,2,6,136.23,2026-05-13 14:51:57,19.480290684871175
350,67.01,2,1.0,4,5,115.04,2026-05-13 14:51:57,34.94958275382476
351,13.26,7,1.7,4,11,92.31,2026-05-13 14:51:57,8.61878453038674
352,88.28,6,1.6,0,7,168.81,2026-05-13 14:51:57,31.37728807535099
354,126.29,8,1.7,4,8,233.99,2026-05-13 14:51:57,32.38343518953801
355,95.51,2,1.9,1,8,165.16,2026-05-13 14:51:57,34.69726325986922
356,136.02,9,1.7,1,14,252.24,2026-05-13 14:51:57,32.354900095147485
357,50.41,4,1.5,2,12,113.34,2026-05-13 14:51:57,26.686077289571198
358,87.55,1,1.2,4,11,145.03,2026-05-13 14:51:57,36.22009239467696
359,27.68,8,1.6,5,18,110.14,2026-05-13 14:51:57,15.078990375885235
360,108.03,4,1.9,0,23,196.19,2026-05-13 14:51:57,33.038381161119325
361,19.45,9,1.8,5,12,104.67,2026-05-13 14:51:57,11.14932645457151
362,77.6,5,1.5,3,8,160.96,2026-05-13 14:51:57,28.926441351888663
363,102.08,4,1.9,5,11,173.29,2026-05-13 14:51:57,35.344220670552254
364,76.23,2,1.6,1,7,139.06,2026-05-13 14:51:57,32.89083848698404
365,64.13,10,1.9,4,15,163.07,2026-05-13 14:51:57,23.596001717054026
366,87.6,4,1.0,5,18,155.76,2026-05-13 14:51:57,33.7442218798151
367,40.43,9,1.6,0,0,125.47,2026-05-13 14:51:57,19.3337052681916
368,7.79,8,1.2,1,19,75.09,2026-05-13 14:51:57,6.224530563324011
369,23.09,2,1.4,3,19,60.45,2026-05-13 14:51:57,22.918114143920594
370,64.79,2,1.9,1,15,129.5,2026-05-13 14:51:57,30.018532818532822
371,132.17,1,1.9,0,20,196.73,2026-05-13 14:51:57,40.31006963859096
372,95.57,3,2.0,4,14,170.28,2026-05-13 14:51:57,33.67512332628611
373,49.96,5,1.9,5,21,135.89,2026-05-13 14:51:57,22.059018323644125
374,43.93,1,1.4,1,10,93.1,2026-05-13 14:51:57,28.311493018259938
375,63.35,10,1.4,1,18,159.39,2026-05-13 14:51:57,23.847167325428195
376,14.46,7,1.4,2,8,80.26,2026-05-13 14:51:57,10.809867929230002
377,15.71,4,1.0,2,11,57.66,2026-05-13 14:51:57,16.347554630593134
378,123.37,9,1.8,6,6,233.34,2026-05-13 14:51:57,31.72280791977372
379,36.51,10,1.5,1,10,126.23,2026-05-13 14:51:57,17.35403628297552
380,96.22,8,1.7,5,2,188.51,2026-05-13 14:51:57,30.625431011617422
381,33.89,10,1.6,3,10,134.58,2026-05-13 14:51:57,15.109228711547033
382,79.14,1,1.8,6,17,140.0,2026-05-13 14:51:57,33.917142857142856
383,91.81,6,1.3,1,21,171.81,2026-05-13 14:51:57,32.062161690239215
384,66.41,7,1.3,4,0,153.69,2026-05-13 14:51:57,25.926215108334958
385,70.01,6,1.3,1,0,138.14,2026-05-13 14:51:57,30.40828145359781
386,64.9,3,1.8,0,23,136.68,2026-05-13 14:51:57,28.48990342405619
387,98.19,9,1.3,0,12,200.09,2026-05-13 14:51:57,29.443750312359438
388,131.21,8,1.7,1,6,243.42,2026-05-13 14:51:57,32.34163174759675
389,73.52,10,1.5,5,17,170.02,2026-05-13 14:51:57,25.94518291965651
390,117.32,10,1.7,2,7,226.07,2026-05-13 14:51:57,31.137258371300923
391,82.53,9,1.8,2,9,180.78,2026-05-13 14:51:57,27.39130434782609
392,18.99,2,1.4,4,10,70.34,2026-05-13 14:51:57,16.198464600511798
393,109.81,4,1.8,5,19,183.9,2026-05-13 14:51:57,35.82707993474715
394,54.18,1,1.8,3,8,111.1,2026-05-13 14:51:57,29.260126012601262
395,101.62,8,1.6,0,8,204.33,2026-05-13 14:51:57,29.839964762883568
396,81.1,2,1.1,0,9,127.88,2026-05-13 14:51:57,38.051298091961215
397,99.0,6,1.6,2,3,192.68,2026-05-13 14:51:57,30.828316379489305
398,40.51,8,1.3,0,7,119.22,2026-05-13 14:51:57,20.38751887267237
399,95.54,9,1.0,6,5,182.18,2026-05-13 14:51:57,31.465583488857177
400,76.23,4,1.3,6,8,150.74,2026-05-13 14:51:57,30.34231126442882
401,40.89,9,1.6,0,12,131.88,2026-05-13 14:51:57,18.603275705186533
402,147.24,9,1.5,5,3,267.51,2026-05-13 14:51:57,33.024559829539086
403,12.24,6,1.1,2,22,74.45,2026-05-13 14:51:57,9.86433848220282
404,20.27,4,1.1,1,22,80.74,2026-05-13 14:51:57,15.063165717116672
405,24.75,7,1.3,3,1,102.27,2026-05-13 14:51:57,14.520387210325609
406,17.62,10,1.9,1,1,111.29,2026-05-13 14:51:57,9.499505795668973
407,134.74,6,1.3,2,6,224.74,2026-05-13 14:51:57,35.97223458218386
408,142.57,9,1.2,6,3,242.94,2026-05-13 14:51:57,35.21116325018522
409,97.84,3,1.2,0,22,168.76,2026-05-13 14:51:57,34.78549419293672
410,146.75,6,1.1,6,4,234.57,2026-05-13 14:51:57,37.53676940785267
411,129.95,1,1.3,3,8,181.54,2026-05-13 14:51:57,42.94921229481106
412,141.72,10,1.2,5,11,259.11,2026-05-13 14:51:57,32.81695032997568
413,52.45,2,1.2,3,5,111.83,2026-05-13 14:51:57,28.140928194581065
414,35.53,6,1.4,5,2,97.81,2026-05-13 14:51:57,21.79531745220325
415,10.43,7,1.8,0,20,94.71,2026-05-13 14:51:57,6.607538802660755
416,39.18,7,1.0,2,0,103.05,2026-05-13 14:51:57,22.812227074235807
417,89.09,6,1.2,0,12,172.91,2026-05-13 14:51:57,30.914348505002604
418,139.84,7,1.5,6,22,246.79,2026-05-13 14:51:57,33.99813606710159
419,36.97,8,2.0,5,12,134.39,2026-05-13 14:51:57,16.50569238782648
420,141.7,9,1.1,4,21,249.29,2026-05-13 14:51:57,34.10485779614104
421,121.66,7,1.3,4,7,222.35,2026-05-13 14:51:57,32.82932313919496
422,113.05,2,1.3,5,23,178.79,2026-05-13 14:51:57,37.93836344314559
423,30.0,8,1.2,5,5,116.37,2026-05-13 14:51:57,15.467904098994586
424,85.12,4,1.1,1,9,151.87,2026-05-13 14:51:57,33.62876144070587
425,125.23,2,1.3,2,16,197.7,2026-05-13 14:51:57,38.00606980273141
426,127.07,4,1.6,0,5,204.99,2026-05-13 14:51:57,37.19303380652715
427,102.26,3,1.8,6,4,177.97,2026-05-13 14:51:57,34.47547339439232
428,92.74,4,1.9,3,2,173.18,2026-05-13 14:51:57,32.13073103129691
429,75.83,7,1.4,1,15,160.99,2026-05-13 14:51:57,28.261382694577303
430,25.26,4,1.4,5,12,78.16,2026-05-13 14:51:57,19.39099283520983
431,43.1,7,1.6,6,17,130.73,2026-05-13 14:51:57,19.78122848619292
432,104.61,10,1.0,1,0,207.03,2026-05-13 14:51:57,30.317345312273584
433,78.79,3,1.1,1,10,141.72,2026-05-13 14:51:57,33.35732430143946
434,72.56,8,1.4,3,16,154.8,2026-05-13 14:51:57,28.124031007751938
435,14.93,2,1.7,6,14,60.47,2026-05-13 14:51:57,14.813957334215313
436,55.88,8,1.5,3,12,139.27,2026-05-13 14:51:57,24.07410066776764
437,13.02,3,1.8,4,5,59.33,2026-05-13 14:51:57,13.16703185572223
438,37.28,3,1.8,1,8,102.57,2026-05-13 14:51:57,21.807546066101203
439,33.59,8,1.6,0,8,127.09,2026-05-13 14:51:57,15.85805334802109
440,14.6,6,1.4,1,7,88.62,2026-05-13 14:51:57,9.88490182802979
441,148.67,9,1.7,1,16,261.73,2026-05-13 14:51:57,34.08168723493676
442,80.01,10,1.5,6,4,174.08,2026-05-13 14:51:57,27.576976102941178
443,18.0,9,1.2,0,13,105.75,2026-05-13 14:51:57,10.212765957446809
444,82.29,3,1.9,1,1,151.53,2026-05-13 14:51:57,32.583646802613345
445,119.56,6,1.0,0,12,192.59,2026-05-13 14:51:57,37.24803987745989
446,8.15,2,1.8,6,23,57.49,2026-05-13 14:51:57,8.50582710036528
447,134.57,1,1.5,0,16,208.14,2026-05-13 14:51:57,38.792159123666764
448,43.6,8,1.6,5,13,129.68,2026-05-13 14:51:57,20.172732880937694
449,52.64,8,1.1,6,11,140.05,2026-05-13 14:51:57,22.551945733666546
450,13.77,7,1.6,0,2,96.14,2026-05-13 14:51:57,8.593717495319325
451,98.29,2,1.1,5,5,146.85,2026-05-13 14:51:57,40.15934627170583
452,113.98,9,1.0,0,23,212.95,2026-05-13 14:51:57,32.11458088753229
453,42.1,7,1.5,1,21,113.36,2026-05-13 14:51:57,22.282992237120677
454,116.89,6,1.7,5,14,202.27,2026-05-13 14:51:57,34.67345627132051
455,66.66,1,1.1,6,1,117.37,2026-05-13 14:51:57,34.07685098406748
456,104.3,9,1.9,2,17,211.76,2026-05-13 14:51:57,29.55232338496411
457,40.06,2,1.6,0,10,101.82,2026-05-13 14:51:57,23.60636417206836
458,95.05,7,1.5,1,9,183.32,2026-05-13 14:51:57,31.10953523892647
459,69.88,9,1.2,3,8,151.53,2026-05-13 14:51:57,27.669768362700452
460,128.31,7,1.1,1,23,221.5,2026-05-13 14:51:57,34.756659142212186
461,17.28,6,1.0,5,1,71.01,2026-05-13 14:51:57,14.600760456273765
462,105.06,9,1.3,6,8,210.08,2026-05-13 14:51:57,30.005712109672505
463,84.87,8,1.0,2,8,171.48,2026-05-13 14:51:57,29.695591322603224
464,97.62,9,1.2,3,6,191.01,2026-05-13 14:51:57,30.664363122349616
465,25.77,7,1.2,0,1,97.53,2026-05-13 14:51:57,15.853583512765303
466,103.78,9,1.0,4,10,198.16,2026-05-13 14:51:57,31.423092450545013
467,86.4,2,1.7,3,10,141.95,2026-05-13 14:51:57,36.519901373723144
468,87.03,4,1.8,4,4,165.23,2026-05-13 14:51:57,31.603219754281913
469,50.95,2,1.5,6,17,97.79,2026-05-13 14:51:57,31.260865119132834
470,24.08,5,2.0,5,5,86.68,2026-05-13 14:51:57,16.668204891555142
471,49.14,7,1.2,2,3,124.02,2026-05-13 14:51:57,23.773584905660382
472,8.65,6,1.1,2,12,67.04,2026-05-13 14:51:57,7.741646778042958
473,12.24,4,1.0,5,2,59.86,2026-05-13 14:51:57,12.268626795857
474,49.17,1,1.5,3,10,93.21,2026-05-13 14:51:57,31.651110395880274
475,59.52,4,1.1,3,5,113.23,2026-05-13 14:51:57,31.53934469663517
476,64.86,9,1.2,6,8,164.32,2026-05-13 14:51:57,23.683057448880234
477,42.12,6,1.9,2,17,127.27,2026-05-13 14:51:57,19.85699693564862
478,147.09,1,1.3,6,23,214.64,2026-05-13 14:51:57,41.117219530376445
479,48.83,4,1.7,1,16,113.01,2026-05-13 14:51:57,25.925139368197502
480,142.28,4,1.6,3,17,229.39,2026-05-13 14:51:57,37.215222982693234
481,139.38,10,1.9,2,1,251.5,2026-05-13 14:51:57,33.25168986083499
482,7.34,4,1.5,6,15,67.82,2026-05-13 14:51:57,6.493659687407845
483,83.53,2,1.4,3,2,149.78,2026-05-13 14:51:57,33.46107624515957
484,19.37,5,1.9,2,21,85.3,2026-05-13 14:51:57,13.624853458382182
485,83.98,10,1.3,3,21,191.51,2026-05-13 14:51:57,26.31089760325832
486,123.63,10,1.3,1,2,224.33,2026-05-13 14:51:57,33.0664645834262
487,64.23,7,1.8,5,9,157.83,2026-05-13 14:51:57,24.417411138566813
488,55.5,6,1.2,5,16,126.68,2026-05-13 14:51:57,26.28670666245658
489,28.27,9,1.0,3,0,105.3,2026-05-13 14:51:57,16.10826210826211
490,130.03,4,1.1,0,14,200.7,2026-05-13 14:51:57,38.8729446935725
491,118.09,5,2.0,0,12,199.77,2026-05-13 14:51:57,35.46778795614957
492,144.28,9,1.9,3,8,269.3,2026-05-13 14:51:57,32.14556256962496
493,57.66,6,1.7,5,11,129.75,2026-05-13 14:51:57,26.6635838150289
494,80.81,1,1.9,5,20,141.97,2026-05-13 14:51:57,34.15228569416074
495,53.6,6,1.6,3,18,131.6,2026-05-13 14:51:57,24.437689969604865
496,59.35,6,1.7,6,5,134.57,2026-05-13 14:51:57,26.462064353124774
497,94.59,7,1.8,0,2,180.34,2026-05-13 14:51:57,31.47055561716757
498,95.65,1,1.3,2,23,147.22,2026-05-13 14:51:57,38.982475207172946
499,77.69,4,1.1,5,18,133.93,2026-05-13 14:51:57,34.80474874934667
500,6.09,1,1.4,0,18,47.43,2026-05-13 14:51:57,7.7039848197343455
501,34.24,5,1.4,3,6,106.35,2026-05-13 14:51:57,19.31734837799718
502,134.27,2,2.0,5,13,210.11,2026-05-13 14:51:57,38.34277283327781
503,71.92,6,1.2,5,6,150.21,2026-05-13 14:51:57,28.727781106450966
504,35.27,2,1.0,4,16,74.84,2026-05-13 14:51:57,28.27632282202031
505,23.79,2,1.7,4,3,82.51,2026-05-13 14:51:57,17.299721245909588
506,117.62,5,1.2,0,4,203.62,2026-05-13 14:51:57,34.658677929476475
507,36.42,8,1.4,1,13,112.66,2026-05-13 14:51:57,19.396413988993434
508,90.29,9,1.5,1,22,196.61,2026-05-13 14:51:57,27.554040994862927
509,139.79,7,1.6,6,22,232.26,2026-05-13 14:51:57,36.11211573236889
510,65.91,9,1.1,3,13,152.88,2026-05-13 14:51:57,25.86734693877551
511,92.42,7,1.4,5,2,189.36,2026-05-13 14:51:57,29.283903675538657
512,88.21,8,1.2,2,0,183.18,2026-05-13 14:51:57,28.89289223714379
513,96.22,5,1.8,1,6,179.61,2026-05-13 14:51:57,32.142976448972775
514,80.49,1,1.3,1,13,129.18,2026-05-13 14:51:57,37.38504412447747
515,13.05,10,1.2,6,1,90.34,2026-05-13 14:51:57,8.66725702900155
516,9.68,2,1.9,4,18,62.73,2026-05-13 14:51:57,9.258727881396462
517,61.69,1,1.6,5,18,113.07,2026-05-13 14:51:57,32.73547360042452
518,145.62,8,1.1,2,9,235.75,2026-05-13 14:51:57,37.06129374337222
519,114.95,6,1.9,0,15,216.75,2026-05-13 14:51:57,31.82006920415225
520,40.77,2,1.7,6,5,94.2,2026-05-13 14:51:57,25.96815286624204
521,108.28,5,1.7,0,15,202.91,2026-05-13 14:51:57,32.01813611946183
522,58.76,7,1.5,3,17,140.61,2026-05-13 14:51:57,25.073607851504157
523,116.28,3,1.5,1,14,195.49,2026-05-13 14:51:57,35.68878203488669
524,67.51,10,1.5,6,23,165.61,2026-05-13 14:51:57,24.458667954833643
525,84.78,9,1.7,0,9,194.5,2026-05-13 14:51:57,26.153213367609254
526,26.07,4,1.3,1,4,76.47,2026-05-13 14:51:57,20.455080423695566
527,144.11,7,1.1,1,4,237.42,2026-05-13 14:51:57,36.419004296183985
528,96.27,8,1.4,1,0,193.58,2026-05-13 14:51:57,29.838826325033573
529,54.16,3,1.4,6,0,106.33,2026-05-13 14:51:57,30.561459606884227
530,16.82,9,1.1,5,19,104.23,2026-05-13 14:51:57,9.682433080686941
531,35.97,1,1.2,5,20,84.97,2026-05-13 14:51:57,25.399552783335295
532,9.08,7,1.6,5,1,90.45,2026-05-13 14:51:57,6.023217247097844
533,55.62,4,1.7,5,16,125.35,2026-05-13 14:51:57,26.62305544475469
534,134.03,1,1.5,6,17,199.84,2026-05-13 14:51:57,40.24119295436349
535,39.37,3,1.1,4,23,85.61,2026-05-13 14:51:57,27.59257096133629
536,124.03,6,1.4,3,10,214.65,2026-05-13 14:51:57,34.669461914744936
537,28.25,8,1.4,5,23,106.51,2026-05-13 14:51:57,15.913998685569428
538,86.2,1,1.5,4,7,143.63,2026-05-13 14:51:57,36.009190280582054
539,89.89,4,1.3,3,20,153.96,2026-05-13 14:51:57,35.03117692907248
540,73.32,10,1.7,0,19,184.88,2026-05-13 14:51:57,23.794893985287754
541,103.71,10,1.8,4,23,225.99,2026-05-13 14:51:57,27.534846674631616
542,40.4,7,1.9,2,22,123.03,2026-05-13 14:51:57,19.702511582540843
543,149.56,8,1.5,4,9,254.21,2026-05-13 14:51:57,35.29994886117777
544,15.62,4,1.3,0,17,78.41,2026-05-13 14:51:57,11.952557071802065
545,99.61,3,1.1,1,1,165.44,2026-05-13 14:51:57,36.1254835589942
546,118.35,6,1.9,4,7,217.44,2026-05-13 14:51:57,32.657284768211916
547,73.01,5,1.8,3,21,147.9,2026-05-13 14:51:57,29.61866125760649
548,39.21,2,1.4,2,7,86.07,2026-05-13 14:51:57,27.33356570233531
549,111.54,3,1.4,4,7,181.73,2026-05-13 14:51:57,36.826060639410116
550,133.71,9,1.9,0,11,252.5,2026-05-13 14:51:57,31.772673267326738
551,48.67,6,1.6,3,0,117.13,2026-05-13 14:51:57,24.93127294459148
552,48.05,4,1.6,2,18,121.18,2026-05-13 14:51:57,23.79105462947681
553,54.07,5,1.1,3,14,124.33,2026-05-13 14:51:57,26.093460950695732
554,122.38,3,1.0,2,4,195.16,2026-05-13 14:51:57,37.624513219922115
555,142.46,10,1.6,3,4,263.65,2026-05-13 14:51:57,32.42025412478665
556,6.99,4,2.0,4,12,77.38,2026-05-13 14:51:57,5.4200051692943925
557,12.17,3,1.6,6,18,59.99,2026-05-13 14:51:57,12.17202867144524
558,94.82,3,1.8,0,19,160.08,2026-05-13 14:51:57,35.539730134932526
559,13.4,4,1.6,3,14,78.35,2026-05-13 14:51:57,10.261646458200385
560,15.66,8,1.2,1,15,96.65,2026-05-13 14:51:57,9.721676151060528
561,133.72,10,1.5,1,19,242.04,2026-05-13 14:51:57,33.148239960337136
562,42.4,1,1.2,6,10,76.54,2026-05-13 14:51:57,33.23752286386203
563,12.31,4,1.1,6,12,68.14,2026-05-13 14:51:57,10.839448194892869
564,21.1,5,1.9,1,23,97.18,2026-05-13 14:51:57,13.027371887219592
565,132.04,9,1.6,6,10,251.8,2026-05-13 14:51:57,31.463065925337563
566,77.22,4,1.6,0,12,142.5,2026-05-13 14:51:57,32.513684210526314
567,112.64,5,1.4,1,8,184.39,2026-05-13 14:51:57,36.65274689516785
568,94.91,7,1.3,5,16,187.98,2026-05-13 14:51:57,30.29364826045324
569,99.38,7,1.4,3,22,186.51,2026-05-13 14:51:57,31.970403731703396
570,85.1,1,1.3,5,8,138.72,2026-05-13 14:51:57,36.80795847750865
571,65.3,10,1.1,2,10,168.53,2026-05-13 14:51:57,23.248086394113805
572,145.46,7,1.1,3,14,230.89,2026-05-13 14:51:57,37.799818095196855
573,43.99,2,1.3,4,23,85.35,2026-05-13 14:51:57,30.92442882249561
574,30.04,4,1.3,3,5,96.21,2026-05-13 14:51:57,18.734019332709696
575,111.39,2,1.1,5,6,171.71,2026-05-13 14:51:57,38.92260206161551
576,98.93,8,1.7,2,1,189.93,2026-05-13 14:51:57,31.252566735112936
577,125.39,6,2.0,4,14,228.56,2026-05-13 14:51:57,32.9165208260413
578,22.38,9,1.4,6,16,109.15,2026-05-13 14:51:57,12.302336234539624
579,41.59,1,1.1,2,1,84.79,2026-05-13 14:51:57,29.430357353461496
580,111.32,6,2.0,3,5,211.38,2026-05-13 14:51:57,31.59806982685211
581,79.58,1,1.8,2,14,133.52,2026-05-13 14:51:57,35.76093469143199
582,121.24,3,1.4,5,18,192.86,2026-05-13 14:51:57,37.71855231774344
583,61.87,6,1.9,6,10,140.56,2026-05-13 14:51:57,26.410073989755265
584,70.68,2,1.8,2,17,125.6,2026-05-13 14:51:57,33.76433121019109
585,55.44,9,1.4,2,14,149.4,2026-05-13 14:51:57,22.26506024096385
586,51.04,3,1.7,2,1,110.88,2026-05-13 14:51:57,27.61904761904762
587,120.15,5,1.5,5,3,196.13,2026-05-13 14:51:57,36.75623311069189
588,132.56,1,1.6,5,23,198.71,2026-05-13 14:51:57,40.02616878868703
589,60.94,3,1.6,0,21,126.08,2026-05-13 14:51:57,29.000634517766496
590,80.05,2,1.8,6,20,150.32,2026-05-13 14:51:57,31.951836083022886
591,97.65,7,1.1,5,8,178.01,2026-05-13 14:51:57,32.91388124262682
592,134.9,4,1.3,2,13,221.52,2026-05-13 14:51:57,36.53846153846154
593,34.62,7,1.9,2,7,109.76,2026-05-13 14:51:57,18.924927113702623
594,110.26,5,1.0,6,8,186.22,2026-05-13 14:51:57,35.52572226398883
596,128.67,10,1.4,4,13,243.61,2026-05-13 14:51:57,31.690817289930624
597,39.37,8,1.1,4,9,122.96,2026-05-13 14:51:57,19.211125569290825
598,62.71,8,1.1,1,6,142.3,2026-05-13 14:51:57,26.441321152494726
599,79.63,6,1.2,1,12,164.16,2026-05-13 14:51:57,29.10453216374269
600,110.47,6,1.8,4,13,204.16,2026-05-13 14:51:57,32.4657131661442
601,5.81,2,1.3,5,7,51.29,2026-05-13 14:51:57,6.796646519789432
602,24.49,10,1.3,5,13,118.47,2026-05-13 14:51:57,12.403140035452013
603,42.32,1,1.0,5,11,75.96,2026-05-13 14:51:57,33.42812006319116
604,85.01,9,1.7,3,5,188.29,2026-05-13 14:51:57,27.08906474055978
605,141.74,2,1.9,5,4,209.98,2026-05-13 14:51:57,40.50100009524717
606,38.23,3,1.3,5,11,86.42,2026-05-13 14:51:57,26.542467021522793
607,79.88,8,1.9,0,21,172.66,2026-05-13 14:51:57,27.758600718174446
608,33.83,6,1.6,1,0,100.73,2026-05-13 14:51:57,20.15089844137794
609,142.67,4,1.6,2,23,219.9,2026-05-13 14:51:57,38.927694406548426
610,114.75,6,1.1,2,2,193.4,2026-05-13 14:51:57,35.59979317476732
611,41.06,9,1.8,3,21,142.26,2026-05-13 14:51:57,17.31758751581611
612,99.37,8,1.3,3,6,195.53,2026-05-13 14:51:57,30.492507543599448
613,37.69,6,1.5,2,9,112.24,2026-05-13 14:51:57,20.147897362794012
614,76.57,8,1.7,6,3,169.45,2026-05-13 14:51:57,27.112422543523163
615,33.04,9,1.4,3,7,126.25,2026-05-13 14:51:57,15.702178217821784
616,52.53,10,1.1,5,20,136.35,2026-05-13 14:51:57,23.115511551155116
617,118.76,8,1.5,6,3,213.24,2026-05-13 14:51:57,33.41586944288126
618,106.01,3,1.4,0,16,168.43,2026-05-13 14:51:57,37.764056284509884
619,97.37,9,1.5,4,3,198.64,2026-05-13 14:51:57,29.41099476439791
620,103.08,8,1.4,4,9,198.61,2026-05-13 14:51:57,31.14042596042495
621,142.83,6,1.1,6,9,228.86,2026-05-13 14:51:57,37.445599930088264
622,77.88,3,1.8,4,2,145.48,2026-05-13 14:51:57,32.11987902117129
623,53.55,5,1.0,6,10,121.42,2026-05-13 14:51:57,26.4618678965574
624,22.98,8,1.2,2,12,95.16,2026-05-13 14:51:57,14.489281210592688
625,148.91,5,1.6,3,4,245.23,2026-05-13 14:51:57,36.43355217550871
626,112.39,10,1.3,4,3,219.06,2026-05-13 14:51:57,30.78334702821145
627,8.29,1,1.4,1,22,37.27,2026-05-13 14:51:57,13.345854574724976
628,124.39,10,1.3,6,11,235.56,2026-05-13 14:51:57,31.683647478349464
629,147.49,9,1.5,3,5,254.33,2026-05-13 14:51:57,34.794951441041164
630,128.91,3,1.6,3,14,214.8,2026-05-13 14:51:57,36.00837988826815
631,108.86,10,1.3,6,11,211.34,2026-05-13 14:51:57,30.90564966404845
632,135.4,10,1.6,4,20,242.13,2026-05-13 14:51:57,33.55222401189444
633,134.49,1,1.9,3,16,212.06,2026-05-13 14:51:57,38.052437989248325
634,100.53,3,1.0,4,11,167.68,2026-05-13 14:51:57,35.97208969465649
635,140.68,9,1.5,1,5,257.73,2026-05-13 14:51:57,32.75055290420207
636,130.8,9,1.8,1,22,242.24,2026-05-13 14:51:57,32.39762219286658
637,144.74,2,1.7,1,23,225.53,2026-05-13 14:51:57,38.506628829867424
638,76.23,5,1.8,2,12,150.35,2026-05-13 14:51:57,30.421017625540408
639,113.81,2,1.7,1,15,192.59,2026-05-13 14:51:57,35.456669609013964
640,81.54,1,1.6,5,16,133.43,2026-05-13 14:51:57,36.66641684778536
641,59.95,10,1.8,3,0,163.1,2026-05-13 14:51:57,22.053954629061927
642,26.82,7,1.9,3,19,105.68,2026-05-13 14:51:57,15.227100681302044
643,148.0,10,1.7,4,2,259.49,2026-05-13 14:51:57,34.22097190643185
644,138.79,6,1.2,4,18,223.47,2026-05-13 14:51:57,37.2640622902403
645,94.88,2,1.0,3,8,159.07,2026-05-13 14:51:57,35.78801785377507
646,14.87,7,1.4,0,1,94.89,2026-05-13 14:51:57,9.402466013278532
647,123.86,9,1.1,0,13,233.75,2026-05-13 14:51:57,31.79294117647059
648,71.04,6,1.1,0,0,150.92,2026-05-13 14:51:57,28.24277763053274
649,139.52,2,1.1,1,3,212.09,2026-05-13 14:51:57,39.47003630534208
650,117.59,10,1.6,3,18,226.45,2026-05-13 14:51:57,31.156546699050566
651,39.53,2,1.9,4,20,99.26,2026-05-13 14:51:57,23.89482168043522
652,134.32,1,1.6,6,4,202.34,2026-05-13 14:51:57,39.829989127211626
653,56.95,3,1.2,2,7,107.3,2026-05-13 14:51:57,31.8452935694315
654,71.57,5,1.3,2,16,141.04,2026-05-13 14:51:57,30.446681792399318
655,29.24,3,1.3,2,9,83.95,2026-05-13 14:51:57,20.89815366289458
656,104.56,1,1.3,5,21,153.88,2026-05-13 14:51:57,40.76943072524045
657,85.32,2,1.6,1,20,155.28,2026-05-13 14:51:57,32.96754250386398
658,14.81,4,1.6,1,15,77.14,2026-05-13 14:51:57,11.519315530204823
659,43.46,10,1.9,2,23,139.61,2026-05-13 14:51:57,18.677745147195758
660,145.31,3,1.1,2,2,212.59,2026-05-13 14:51:57,41.011336375182275
661,20.69,5,1.5,0,21,78.03,2026-05-13 14:51:57,15.909265667051136
662,133.59,6,1.9,4,10,226.32,2026-05-13 14:51:57,35.41622481442206
663,82.25,8,1.2,5,3,164.51,2026-05-13 14:51:57,29.998176402650298
664,142.62,4,1.5,1,19,216.42,2026-05-13 14:51:57,39.53978375381204
665,70.23,1,1.4,1,12,124.47,2026-05-13 14:51:57,33.85394070860448
666,21.59,3,1.4,4,1,78.31,2026-05-13 14:51:57,16.541948665559953
667,55.61,8,1.5,6,3,138.97,2026-05-13 14:51:57,24.009498452903504
668,94.58,6,1.8,4,13,188.74,2026-05-13 14:51:57,30.06675850376179
669,70.6,2,1.0,2,2,124.76,2026-05-13 14:51:57,33.953190125040074
670,60.77,8,1.7,2,6,154.92,2026-05-13 14:51:57,23.536018590240126
671,69.54,9,1.0,6,23,149.42,2026-05-13 14:51:57,27.923972694418424
672,26.54,5,1.9,0,9,103.11,2026-05-13 14:51:57,15.443700901949375
673,18.32,3,1.7,0,23,66.85,2026-05-13 14:51:57,16.442782348541513
674,79.5,1,1.4,2,3,135.76,2026-05-13 14:51:57,35.13553329404832
675,35.92,9,1.8,6,15,138.99,2026-05-13 14:51:57,15.506151521692209
676,54.11,8,1.1,4,1,134.86,2026-05-13 14:51:57,24.07385436749221
677,43.46,5,1.1,4,3,101.74,2026-05-13 14:51:57,25.63003735010812
678,117.32,4,1.8,2,18,209.11,2026-05-13 14:51:57,33.66266558270766
679,21.49,6,1.7,3,23,95.23,2026-05-13 14:51:57,13.53985088732542
680,53.69,9,1.3,5,15,142.15,2026-05-13 14:51:57,22.661976785086175
681,57.2,10,1.6,2,14,158.42,2026-05-13 14:51:57,21.663931321802806
682,41.78,1,1.2,2,21,78.7,2026-05-13 14:51:57,31.852604828462514
683,57.71,6,1.0,5,11,124.38,2026-05-13 14:51:57,27.838880849011097
684,24.5,7,1.5,1,15,104.56,2026-05-13 14:51:57,14.058913542463657
685,41.55,1,1.5,6,18,80.89,2026-05-13 14:51:57,30.81963159846705
686,38.47,2,1.3,5,13,83.91,2026-05-13 14:51:57,27.50804433321416
687,35.22,9,1.8,3,6,132.2,2026-05-13 14:51:57,15.984871406959154
688,15.57,7,1.7,3,21,94.38,2026-05-13 14:51:57,9.898283534647172
689,32.71,5,1.2,4,7,88.52,2026-05-13 14:51:57,22.17126073203796
690,111.51,5,1.4,2,0,185.52,2026-05-13 14:51:57,36.064036222509706
691,102.06,8,1.9,6,11,209.69,2026-05-13 14:51:57,29.203109351900427
692,14.17,9,1.5,6,2,107.5,2026-05-13 14:51:57,7.908837209302325
693,82.95,2,1.4,2,10,149.06,2026-05-13 14:51:57,33.38923923252382
694,124.37,10,2.0,5,0,239.01,2026-05-13 14:51:57,31.221287812225434
695,69.85,8,1.9,0,6,173.09,2026-05-13 14:51:57,24.21283725229649
696,92.12,7,1.9,6,23,187.06,2026-05-13 14:51:57,29.547738693467338
697,54.18,7,1.7,2,15,132.29,2026-05-13 14:51:57,24.5732859626578
698,130.84,8,2.0,3,23,231.08,2026-05-13 14:51:57,33.97265016444521
699,147.02,8,1.1,3,4,252.02,2026-05-13 14:51:57,35.00198396952623
700,141.89,8,1.2,6,2,251.07,2026-05-13 14:51:57,33.908471740948734
701,69.22,4,1.4,0,17,130.76,2026-05-13 14:51:57,31.762006729886817
702,121.71,5,1.2,3,19,208.9,2026-05-13 14:51:57,34.9573958831977
703,97.26,10,2.0,6,9,217.87,2026-05-13 14:51:57,26.78477991462799
704,117.07,6,1.7,3,13,202.0,2026-05-13 14:51:57,34.77326732673267
705,51.6,10,1.3,4,5,150.26,2026-05-13 14:51:57,20.604285904432317
706,103.19,3,1.9,6,15,177.34,2026-05-13 14:51:57,34.912597270779294
707,149.62,3,1.8,4,11,223.68,2026-05-13 14:51:57,40.13412017167382
708,137.42,6,1.4,3,3,222.17,2026-05-13 14:51:57,37.1121213485169
709,115.69,5,1.2,1,7,184.81,2026-05-13 14:51:57,37.55965586277799
710,139.23,10,1.0,0,19,251.05,2026-05-13 14:51:57,33.27544313881696
711,56.51,9,1.7,4,23,158.73,2026-05-13 14:51:57,21.36080136080136
712,59.46,4,1.5,2,20,127.49,2026-05-13 14:51:57,27.983371244803518
713,149.07,2,1.9,5,12,228.85,2026-05-13 14:51:57,39.083242298448766
714,120.49,1,1.5,1,1,179.58,2026-05-13 14:51:57,40.2572669562312
715,113.21,4,2.0,0,9,204.69,2026-05-13 14:51:57,33.18481606331526
716,80.94,9,1.2,4,5,170.51,2026-05-13 14:51:57,28.48161398158466
717,146.37,5,1.9,5,3,237.93,2026-05-13 14:51:57,36.91085613415711
718,95.05,2,1.0,3,3,147.89,2026-05-13 14:51:57,38.56244506051796
719,58.88,3,1.1,5,7,110.15,2026-05-13 14:51:57,32.07262823422605
720,147.84,3,1.7,0,13,227.38,2026-05-13 14:51:57,39.01134664438385
721,109.78,7,1.4,2,5,202.0,2026-05-13 14:51:57,32.607920792079206
722,28.76,7,1.6,0,11,107.42,2026-05-13 14:51:57,16.064047663377398
723,35.33,9,1.3,2,9,131.0,2026-05-13 14:51:57,16.18167938931298
724,6.04,3,1.4,0,16,56.96,2026-05-13 14:51:57,6.362359550561798
725,107.34,7,1.4,4,4,190.07,2026-05-13 14:51:57,33.88435839427579
726,44.85,5,1.4,1,8,108.13,2026-05-13 14:51:57,24.88671044113567
727,118.65,9,2.0,3,18,224.39,2026-05-13 14:51:57,31.726012745666033
728,122.71,6,1.5,2,12,210.14,2026-05-13 14:51:57,35.03664223850766
729,100.96,10,1.2,2,20,194.68,2026-05-13 14:51:57,31.115677008424075
730,63.91,3,1.1,0,11,126.53,2026-05-13 14:51:57,30.3058563186596
731,29.14,8,1.5,5,6,115.36,2026-05-13 14:51:57,15.156033287101248
732,34.89,9,1.2,5,13,115.19,2026-05-13 14:51:57,18.173452556645543
733,122.6,1,1.1,0,5,183.15,2026-05-13 14:51:57,40.16380016380016
734,93.91,7,1.4,3,23,185.69,2026-05-13 14:51:57,30.344121923636166
735,18.83,10,1.3,6,12,100.47,2026-05-13 14:51:57,11.24514780531502
736,132.53,8,1.5,4,23,233.17,2026-05-13 14:51:57,34.10301496762019
737,119.25,5,1.5,6,2,208.51,2026-05-13 14:51:57,34.314900963982545
738,88.02,3,1.8,0,18,165.36,2026-05-13 14:51:57,31.937590711175613
739,107.06,7,1.5,4,16,199.87,2026-05-13 14:51:57,32.13889027868114
740,43.07,1,1.8,5,2,95.53,2026-05-13 14:51:57,27.051188108447608
741,31.15,7,1.6,4,15,106.49,2026-05-13 14:51:57,17.55094375058691
742,53.79,4,1.5,2,17,124.43,2026-05-13 14:51:57,25.937474885477776
743,128.58,8,1.5,0,19,221.28,2026-05-13 14:51:57,34.864425162689805
744,20.04,2,1.5,3,6,72.07,2026-05-13 14:51:57,16.683779658665188
745,58.51,8,2.0,6,17,150.25,2026-05-13 14:51:57,23.365058236272876
746,23.86,9,1.8,6,19,117.98,2026-05-13 14:51:57,12.134260044075265
747,7.53,4,1.7,5,6,57.75,2026-05-13 14:51:57,7.823376623376624
748,50.95,2,1.7,0,23,116.12,2026-05-13 14:51:57,26.3262142611092
749,103.16,3,1.9,6,22,184.71,2026-05-13 14:51:57,33.50982621406529
750,26.25,9,1.8,1,15,124.12,2026-05-13 14:51:57,12.689332903641636
751,127.26,3,1.5,4,4,195.92,2026-05-13 14:51:57,38.97305022458147
752,89.21,1,1.5,2,5,135.44,2026-05-13 14:51:57,39.520082693443584
753,104.03,10,1.5,1,5,213.18,2026-05-13 14:51:57,29.279482127779342
754,15.29,7,1.6,4,1,84.58,2026-05-13 14:51:57,10.846535824071884
755,23.41,6,1.6,5,20,97.98,2026-05-13 14:51:57,14.335578689528475
756,34.4,7,1.7,0,2,110.49,2026-05-13 14:51:57,18.680423567743688
757,104.64,9,1.4,0,15,215.62,2026-05-13 14:51:57,29.117892588813653
758,46.15,8,1.1,3,20,124.77,2026-05-13 14:51:57,22.192834816061552
759,64.55,1,1.7,6,11,119.42,2026-05-13 14:51:57,32.431753475129796
760,123.01,3,1.1,1,16,195.46,2026-05-13 14:51:57,37.76015553054334
761,147.81,10,1.9,4,23,278.32,2026-05-13 14:51:57,31.864759988502446
762,72.53,9,1.9,3,12,179.35,2026-05-13 14:51:57,24.264287705603568
764,117.8,7,1.4,0,4,219.74,2026-05-13 14:51:57,32.165286247383264
765,113.4,1,1.4,6,10,167.92,2026-05-13 14:51:57,40.519294902334444
766,145.78,4,1.1,6,23,214.73,2026-05-13 14:51:57,40.73394495412844
767,66.2,8,1.4,3,21,154.5,2026-05-13 14:51:57,25.70873786407767
768,92.49,3,1.5,1,8,153.02,2026-05-13 14:51:57,36.2658476016207
769,78.82,3,1.3,4,12,137.26,2026-05-13 14:51:57,34.454320268104325
770,81.4,6,1.3,0,7,165.05,2026-05-13 14:51:57,29.59103302029688
771,104.29,7,1.1,1,22,192.57,2026-05-13 14:51:57,32.49415796853093
772,139.37,6,1.0,0,23,220.48,2026-05-13 14:51:57,37.9272496371553
773,91.58,10,1.1,1,2,198.81,2026-05-13 14:51:57,27.63844877018259
774,133.17,10,1.8,5,19,258.56,2026-05-13 14:51:57,30.902691831683168
775,65.79,10,1.8,1,8,162.42,2026-05-13 14:51:57,24.303657185075732
776,89.94,10,2.0,3,6,200.32,2026-05-13 14:51:57,26.938897763578275
777,6.59,6,1.4,0,1,63.28,2026-05-13 14:51:57,6.248419721871049
778,129.13,4,1.1,0,8,198.79,2026-05-13 14:51:57,38.97479752502641
779,77.15,7,1.6,2,12,160.45,2026-05-13 14:51:57,28.850109068245565
780,95.44,1,1.4,3,19,142.25,2026-05-13 14:51:57,40.25588752196837
781,67.26,5,1.1,2,5,128.59,2026-05-13 14:51:57,31.383466832568633
782,149.25,5,1.3,5,13,245.75,2026-05-13 14:51:57,36.43947100712106
783,115.79,10,1.4,4,19,218.28,2026-05-13 14:51:57,31.827927432655308
784,147.66,4,1.1,1,0,234.08,2026-05-13 14:51:57,37.848598769651396
785,15.36,4,1.7,0,21,82.28,2026-05-13 14:51:57,11.200777831793875
786,93.03,6,1.3,5,13,170.19,2026-05-13 14:51:57,32.79746166049709
787,136.06,9,1.7,3,15,245.18,2026-05-13 14:51:57,33.29635369932295
788,60.62,10,1.9,3,11,161.47,2026-05-13 14:51:57,22.525546541153155
789,148.48,2,1.5,1,4,217.58,2026-05-13 14:51:57,40.944939792260314
790,104.03,3,1.7,0,5,173.0,2026-05-13 14:51:57,36.07976878612717
791,110.0,9,1.9,5,4,226.12,2026-05-13 14:51:57,29.18804174774456
792,84.1,10,1.7,6,2,185.37,2026-05-13 14:51:57,27.221233209257157
793,15.32,5,1.4,5,9,86.85,2026-05-13 14:51:57,10.583765112262522
794,141.68,4,1.2,3,2,221.51,2026-05-13 14:51:57,38.376596993363734
795,138.58,4,1.8,4,21,234.28,2026-05-13 14:51:57,35.49086563086905
796,99.99,6,1.1,2,20,172.2,2026-05-13 14:51:57,34.8397212543554
797,19.37,7,1.8,6,17,107.6,2026-05-13 14:51:57,10.801115241635689
798,22.25,2,1.0,3,13,71.22,2026-05-13 14:51:57,18.744734625105306
799,145.66,8,1.2,2,15,239.36,2026-05-13 14:51:57,36.512366310160424
800,68.17,7,1.9,4,17,158.96,2026-05-13 14:51:57,25.73100150981379
801,93.97,10,1.8,4,12,204.31,2026-05-13 14:51:57,27.59629974059028
802,73.24,3,1.9,1,15,137.27,2026-05-13 14:51:57,32.01282144678371
803,80.02,6,1.4,5,20,166.34,2026-05-13 14:51:57,28.863772995070335
804,58.05,10,1.6,3,20,152.04,2026-05-13 14:51:57,22.90844514601421
805,49.68,8,1.1,0,12,132.28,2026-05-13 14:51:57,22.534018748110068
806,103.86,10,1.8,0,21,210.81,2026-05-13 14:51:57,29.560267539490535
807,146.16,1,1.6,6,8,214.88,2026-05-13 14:51:57,40.81161578555473
808,42.04,2,1.1,4,1,89.35,2026-05-13 14:51:57,28.230554001119195
809,41.26,2,1.1,3,19,89.82,2026-05-13 14:51:57,27.56179024716099
810,70.36,7,1.6,3,5,157.27,2026-05-13 14:51:57,26.843008838303554
811,17.42,1,1.3,5,8,52.64,2026-05-13 14:51:57,19.855623100303955
812,15.65,9,1.1,1,9,89.94,2026-05-13 14:51:57,10.440293529019348
813,116.23,10,1.4,1,17,221.61,2026-05-13 14:51:57,31.468796534452416
814,127.99,9,1.3,5,2,227.99,2026-05-13 14:51:57,33.683056274398
815,58.08,2,1.1,1,11,110.01,2026-05-13 14:51:57,31.67712026179438
816,53.86,1,1.4,3,4,99.7,2026-05-13 14:51:57,32.413239719157474
817,95.72,10,1.7,3,6,205.89,2026-05-13 14:51:57,27.894506775462627
818,132.36,6,1.4,0,7,227.46,2026-05-13 14:51:57,34.91427064099183
819,57.56,10,1.8,3,19,161.23,2026-05-13 14:51:57,21.420331203870248
820,81.34,8,1.6,3,9,169.46,2026-05-13 14:51:57,28.799716747315
821,53.48,7,2.0,1,6,145.96,2026-05-13 14:51:57,21.984105234310768
822,49.2,9,1.7,6,23,151.33,2026-05-13 14:51:57,19.507037599947136
823,50.93,2,1.8,6,9,107.57,2026-05-13 14:51:57,28.40754857302222
824,11.92,5,1.7,1,18,71.23,2026-05-13 14:51:57,10.04071318264776
825,10.17,1,1.5,6,5,42.03,2026-05-13 14:51:57,14.518201284796573
826,78.8,10,1.2,2,7,175.33,2026-05-13 14:51:57,26.966292134831455
827,26.14,8,1.3,3,7,113.99,2026-05-13 14:51:57,13.759101675585578
828,85.14,3,1.5,5,20,151.33,2026-05-13 14:51:57,33.75669067600608
829,43.63,4,1.4,0,1,106.29,2026-05-13 14:51:57,24.62884561106407
830,10.69,3,2.0,1,3,78.8,2026-05-13 14:51:57,8.139593908629442
831,128.4,1,1.1,0,20,181.87,2026-05-13 14:51:57,42.35992742068511
832,29.47,6,1.6,3,4,109.2,2026-05-13 14:51:57,16.19230769230769
833,38.47,2,1.2,5,7,83.22,2026-05-13 14:51:57,27.73612112472963
834,121.77,1,1.2,5,18,170.47,2026-05-13 14:51:57,42.85915410336129
835,102.96,3,1.7,3,8,184.34,2026-05-13 14:51:57,33.51198871650212
836,138.32,9,1.5,5,9,255.37,2026-05-13 14:51:57,32.498727336805416
837,82.92,9,1.3,6,21,179.41,2026-05-13 14:51:57,27.730895713728334
838,109.15,4,1.3,0,20,189.55,2026-05-13 14:51:57,34.550250593510945
839,56.77,10,1.1,6,7,142.89,2026-05-13 14:51:57,23.837917279025827
840,136.34,10,1.9,5,19,252.33,2026-05-13 14:51:57,32.419450719296165
841,142.8,1,1.2,1,17,208.75,2026-05-13 14:51:57,41.04431137724551
843,39.15,8,1.8,5,0,123.29,2026-05-13 14:51:57,19.052640116797793
844,144.01,6,1.2,0,7,224.27,2026-05-13 14:51:57,38.52766754358585
845,21.71,10,1.5,0,5,104.44,2026-05-13 14:51:57,12.472232860972808
846,134.61,10,1.3,4,21,236.32,2026-05-13 14:51:57,34.17654028436019
847,71.75,2,1.3,2,13,122.05,2026-05-13 14:51:57,35.27242933224088
848,104.25,1,1.8,0,8,174.47,2026-05-13 14:51:57,35.8514357769244
849,106.98,9,1.4,2,5,208.85,2026-05-13 14:51:57,30.73401963131434
850,22.84,9,2.0,6,21,110.91,2026-05-13 14:51:57,12.355964295374628
851,100.6,9,1.1,5,14,186.9,2026-05-13 14:51:57,32.29534510433386
852,66.77,6,1.4,4,14,143.97,2026-05-13 14:51:57,27.826630548030835
853,31.09,10,1.8,3,15,137.51,2026-05-13 14:51:57,13.565558868445931
854,113.34,5,1.1,5,6,182.47,2026-05-13 14:51:57,37.268592097331066
855,85.73,5,1.9,0,5,167.78,2026-05-13 14:51:57,30.658004529741326
856,145.37,10,1.9,1,18,274.48,2026-05-13 14:51:57,31.77717866511221
857,110.16,3,1.7,4,8,181.69,2026-05-13 14:51:57,36.37844680499752
858,59.26,10,2.0,0,6,167.82,2026-05-13 14:51:57,21.186986056489097
859,90.0,8,2.0,2,7,183.7,2026-05-13 14:51:57,29.395753946652153
860,116.54,1,1.6,0,23,171.01,2026-05-13 14:51:57,40.88883691012222
861,9.44,3,1.6,6,8,65.76,2026-05-13 14:51:57,8.613138686131386
862,65.7,2,1.4,6,13,116.31,2026-05-13 14:51:57,33.89218467887542
863,72.24,4,1.8,1,2,137.36,2026-05-13 14:51:57,31.555037856726845
864,103.27,3,1.3,5,22,171.38,2026-05-13 14:51:57,36.15474384408916
865,56.24,7,1.2,0,23,133.96,2026-05-13 14:51:57,25.18960883845924
866,67.07,7,1.1,0,19,144.51,2026-05-13 14:51:57,27.84720780568819
867,81.55,2,1.5,3,6,143.14,2026-05-13 14:51:57,34.18331703227609
868,48.54,8,2.0,3,11,147.79,2026-05-13 14:51:57,19.706340077136478
869,61.92,1,1.3,4,5,106.16,2026-05-13 14:51:57,34.996232102486815
870,102.13,8,1.0,3,9,191.91,2026-05-13 14:51:57,31.93059246521807
871,78.96,2,2.0,3,20,153.23,2026-05-13 14:51:57,30.918227501142077
872,115.18,2,1.9,1,20,193.03,2026-05-13 14:51:57,35.80168885665441
873,25.79,3,1.6,3,6,91.29,2026-05-13 14:51:57,16.95037791652974
874,125.57,6,1.5,2,0,220.12,2026-05-13 14:51:57,34.22769398509904
875,38.19,4,1.8,0,6,106.9,2026-05-13 14:51:57,21.43498596819457
876,126.8,10,1.9,3,6,249.64,2026-05-13 14:51:57,30.475885274795704
877,24.06,8,1.2,5,7,108.36,2026-05-13 14:51:57,13.322259136212624
878,70.37,4,1.0,3,23,123.53,2026-05-13 14:51:57,34.179551525945115
879,90.12,1,1.6,2,14,142.72,2026-05-13 14:51:57,37.88677130044843
880,16.81,6,1.5,3,21,93.91,2026-05-13 14:51:57,10.740070280055372
881,43.45,2,1.6,1,21,87.34,2026-05-13 14:51:57,29.848866498740556
882,131.91,7,1.7,6,8,233.82,2026-05-13 14:51:57,33.84911470361817
884,28.59,2,1.3,1,1,83.36,2026-05-13 14:51:57,20.578214971209214
885,108.31,4,1.9,4,8,180.97,2026-05-13 14:51:57,35.90981930706747
886,88.54,8,1.8,0,16,189.38,2026-05-13 14:51:57,28.051536593093253
887,8.51,9,1.4,3,4,95.83,2026-05-13 14:51:57,5.328185328185328
888,46.61,1,1.3,5,0,84.58,2026-05-13 14:51:57,33.0645542681485
889,29.44,7,1.9,4,23,120.17,2026-05-13 14:51:57,14.699176167096615
890,8.38,7,1.7,0,11,78.3,2026-05-13 14:51:57,6.421455938697319
891,76.95,2,2.0,2,3,145.36,2026-05-13 14:51:57,31.76252063841497
892,126.58,10,1.4,4,21,235.8,2026-05-13 14:51:57,32.208651399491096
893,55.08,4,1.5,2,1,129.26,2026-05-13 14:51:57,25.567074114188458
894,113.31,5,1.0,1,12,190.61,2026-05-13 14:51:57,35.66759351555532
895,149.32,10,1.8,1,8,270.67,2026-05-13 14:51:57,33.100084974322975
896,94.88,6,1.9,1,23,187.22,2026-05-13 14:51:57,30.407007798312144
897,73.63,8,1.9,1,1,178.57,2026-05-13 14:51:57,24.739877919023353
898,108.75,9,1.4,4,22,217.85,2026-05-13 14:51:57,29.95180169841634
899,48.6,7,1.9,5,17,134.0,2026-05-13 14:51:57,21.761194029850746
900,90.02,7,1.6,3,6,178.29,2026-05-13 14:51:57,30.294464075382805
901,148.71,6,1.6,1,20,236.35,2026-05-13 14:51:57,37.751639517664486
902,130.65,6,1.8,5,9,216.83,2026-05-13 14:51:57,36.152746391182035
903,7.52,3,1.3,6,17,47.76,2026-05-13 14:51:57,9.447236180904524
904,39.66,6,1.7,0,4,112.56,2026-05-13 14:51:57,21.140724946695094
905,82.74,10,1.8,6,10,196.16,2026-05-13 14:51:57,25.307911908646002
906,23.48,10,1.2,0,16,113.96,2026-05-13 14:51:57,12.362232362232362
907,89.74,9,1.3,0,3,177.88,2026-05-13 14:51:57,30.26984483921745
908,6.75,5,1.2,2,5,71.77,2026-05-13 14:51:57,5.643026334122893
909,17.47,5,1.4,2,13,89.26,2026-05-13 14:51:57,11.743222047949809
910,96.01,8,1.9,6,8,190.34,2026-05-13 14:51:57,30.264789324366923
911,17.42,1,1.1,2,4,54.56,2026-05-13 14:51:57,19.156891495601176
912,16.95,3,1.4,3,2,67.51,2026-05-13 14:51:57,15.06443489853355
913,63.09,2,1.5,3,11,125.51,2026-05-13 14:51:57,30.160146601864398
914,20.19,6,1.0,0,12,80.17,2026-05-13 14:51:57,15.110390420356742
915,42.07,9,1.8,4,17,137.93,2026-05-13 14:51:57,18.300587254404405
916,40.68,4,1.3,2,2,101.82,2026-05-13 14:51:57,23.971714790807308
917,109.08,4,1.4,4,21,186.31,2026-05-13 14:51:57,35.128549192206535
918,41.94,4,1.2,3,15,95.99,2026-05-13 14:51:57,26.21523075320346
919,7.36,2,1.4,0,7,51.06,2026-05-13 14:51:57,8.648648648648647
920,79.85,8,1.2,4,3,170.85,2026-05-13 14:51:57,28.04214223002634
921,143.7,3,1.4,6,2,225.37,2026-05-13 14:51:57,38.25708834361272
922,46.13,6,2.0,1,19,119.98,2026-05-13 14:51:57,23.06884480746791
923,20.76,4,1.8,3,0,84.78,2026-05-13 14:51:57,14.692144373673036
924,145.71,2,1.4,3,7,209.82,2026-05-13 14:51:57,41.66714326565628
925,57.65,10,1.5,2,16,160.87,2026-05-13 14:51:57,21.50183377882762
926,93.92,2,1.1,4,14,159.52,2026-05-13 14:51:57,35.325977933801404
927,104.11,8,1.7,6,21,195.89,2026-05-13 14:51:57,31.88830466077901
928,130.33,10,1.3,6,10,244.86,2026-05-13 14:51:57,31.935800049007597
929,95.76,10,2.0,2,0,205.59,2026-05-13 14:51:57,27.94688457609806
930,81.03,2,1.5,3,8,138.5,2026-05-13 14:51:57,35.103249097472926
931,11.57,1,1.2,2,9,42.72,2026-05-13 14:51:57,16.25
932,34.43,3,1.1,5,9,91.4,2026-05-13 14:51:57,22.60175054704595
933,8.01,8,1.2,1,10,87.96,2026-05-13 14:51:57,5.463847203274216
934,105.16,10,1.1,2,0,201.86,2026-05-13 14:51:57,31.257307044486275
935,64.4,6,1.5,3,15,149.96,2026-05-13 14:51:57,25.766871165644172
936,11.53,7,1.0,4,1,72.03,2026-05-13 14:51:57,9.604331528529778
937,18.68,5,2.0,5,19,94.78,2026-05-13 14:51:57,11.825279594851233
938,138.99,6,1.5,1,4,227.15,2026-05-13 14:51:57,36.713185119964784
939,115.38,7,1.1,5,23,204.17,2026-05-13 14:51:57,33.90703825243669
940,127.56,6,1.8,0,12,222.13,2026-05-13 14:51:57,34.455499032098324
941,149.76,1,1.8,6,23,229.25,2026-05-13 14:51:57,39.195637949836424
942,89.63,10,1.1,4,5,187.63,2026-05-13 14:51:57,28.661727868677715
943,23.54,10,1.7,5,23,127.16,2026-05-13 14:51:57,11.10726643598616
944,133.22,4,1.3,6,18,202.41,2026-05-13 14:51:57,39.490143767600415
945,10.69,2,1.2,4,9,52.87,2026-05-13 14:51:57,12.131643654246265
946,26.14,6,1.9,2,4,96.89,2026-05-13 14:51:57,16.18742904324492
947,7.42,3,1.8,1,22,67.64,2026-05-13 14:51:57,6.581904198698995
948,82.98,7,1.3,6,23,166.89,2026-05-13 14:51:57,29.832824015818804
949,109.72,9,1.9,2,10,219.55,2026-05-13 14:51:57,29.98496925529492
950,31.23,3,1.5,2,10,92.06,2026-05-13 14:51:57,20.35411688029546
951,133.52,10,1.7,4,13,248.94,2026-05-13 14:51:57,32.18124849361292
952,57.48,9,1.1,2,21,136.59,2026-05-13 14:51:57,25.24928618493301
953,9.98,2,1.0,6,8,55.76,2026-05-13 14:51:57,10.738880918220946
954,86.92,1,1.3,4,10,136.04,2026-05-13 14:51:57,38.33578359306087
955,97.66,1,1.9,2,9,163.95,2026-05-13 14:51:57,35.74016468435499
956,120.95,7,1.4,4,10,220.64,2026-05-13 14:51:57,32.89068165337201
957,26.37,10,1.0,1,3,106.91,2026-05-13 14:51:57,14.79936395098681
958,141.47,2,1.1,6,12,201.85,2026-05-13 14:51:57,42.052018825860785
959,57.34,1,1.4,0,19,96.27,2026-05-13 14:51:57,35.73698971642256
960,149.29,8,1.9,6,6,266.08,2026-05-13 14:51:57,33.66431148526759
961,102.7,3,1.7,0,5,180.85,2026-05-13 14:51:57,34.07243572021012
962,49.12,2,1.1,4,12,103.33,2026-05-13 14:51:57,28.52221039388367
963,27.19,2,1.4,1,12,68.56,2026-05-13 14:51:57,23.79521586931155
964,94.69,1,1.6,2,8,162.24,2026-05-13 14:51:57,35.01849112426035
965,48.0,3,1.0,5,20,89.36,2026-05-13 14:51:57,32.22918531781558
966,144.57,1,1.0,4,9,205.56,2026-05-13 14:51:57,42.19789842381786
967,136.06,10,1.8,4,10,263.25,2026-05-13 14:51:57,31.01082621082621
968,20.38,3,1.8,4,12,72.15,2026-05-13 14:51:57,16.948024948024944
969,19.57,4,1.9,5,5,76.96,2026-05-13 14:51:57,15.257276507276508
970,13.23,3,1.8,5,15,67.88,2026-05-13 14:51:57,11.694166175604007
971,126.35,2,1.1,6,14,198.7,2026-05-13 14:51:57,38.1529944640161
972,71.79,1,1.7,2,5,131.8,2026-05-13 14:51:57,32.68133535660091
973,16.48,8,1.4,1,5,104.23,2026-05-13 14:51:57,9.486712079055934
974,98.77,8,1.4,0,12,188.45,2026-05-13 14:51:57,31.447068187848235
975,98.84,6,1.9,2,22,180.19,2026-05-13 14:51:57,32.91192630001665
976,18.23,4,1.9,1,11,75.15,2026-05-13 14:51:57,14.554890219560876
977,70.27,5,1.5,4,13,149.28,2026-05-13 14:51:57,28.243569131832796
979,31.09,5,1.7,1,18,106.09,2026-05-13 14:51:57,17.583184088981053
980,123.31,6,1.4,6,8,214.27,2026-05-13 14:51:57,34.529332151024406
981,30.2,10,1.5,2,11,128.36,2026-05-13 14:51:57,14.116547210969147
982,71.01,5,1.6,1,11,144.03,2026-05-13 14:51:57,29.581337221412205
983,49.81,4,1.2,6,9,105.28,2026-05-13 14:51:57,28.38715805471125
984,84.41,6,1.4,0,7,168.09,2026-05-13 14:51:57,30.13028734606461
985,31.66,8,1.8,4,16,109.44,2026-05-13 14:51:57,17.357456140350877
986,130.85,6,1.0,3,12,213.49,2026-05-13 14:51:57,36.774556185301414
987,93.33,4,1.6,4,19,166.63,2026-05-13 14:51:57,33.60619336253976
988,109.32,8,1.1,4,16,209.1,2026-05-13 14:51:57,31.368723098995694
989,78.57,3,1.7,0,0,141.49,2026-05-13 14:51:57,33.3182557071171
990,105.04,7,1.8,1,0,199.74,2026-05-13 14:51:57,31.553018924601982
991,97.3,8,1.9,4,22,197.44,2026-05-13 14:51:57,29.568476499189625
992,93.61,1,1.4,6,12,155.02,2026-05-13 14:51:57,36.231454005934715
993,16.28,4,1.4,2,18,69.5,2026-05-13 14:51:57,14.054676258992805
994,42.22,6,1.4,5,18,107.45,2026-05-13 14:51:57,23.57561656584458
995,85.73,3,1.1,3,16,145.19,2026-05-13 14:51:57,35.42805978373166
996,54.4,3,1.3,2,0,111.99,2026-05-13 14:51:57,29.14545941601929
997,131.15,1,1.8,3,9,199.47,2026-05-13 14:51:57,39.44954128440367
998,81.33,4,1.3,6,9,140.02,2026-05-13 14:51:57,34.850735609198686
999,67.5,3,1.9,5,22,133.27,2026-05-13 14:51:57,30.389434981616265
1000,80.86,3,1.2,4,3,144.72,2026-05-13 14:51:57,33.524046434494196
1001,17.84,8,1.6,1,7,102.25,2026-05-13 14:51:57,10.468459657701711
1002,62.54,9,1.6,5,21,155.83,2026-05-13 14:51:57,24.080087274594106
1003,90.35,5,1.2,5,15,173.08,2026-05-13 14:51:57,31.320776519528536
1004,115.8,10,1.0,0,15,213.02,2026-05-13 14:51:57,32.61665571307858
1005,146.62,3,1.7,4,13,230.87,2026-05-13 14:51:57,38.10456100835968
1006,131.83,9,1.8,3,5,236.73,2026-05-13 14:51:57,33.41274870105183
1007,97.61,4,1.6,1,2,178.8,2026-05-13 14:51:57,32.75503355704698
1008,55.7,6,1.8,4,8,133.83,2026-05-13 14:51:57,24.97197937682134
1009,8.65,1,1.9,1,15,53.41,2026-05-13 14:51:57,9.717281407976035
1010,148.86,7,1.2,3,14,237.31,2026-05-13 14:51:57,37.6368463191606
1011,115.38,10,2.0,1,18,239.79,2026-05-13 14:51:57,28.870261478793946
1012,111.88,4,1.6,0,13,182.86,2026-05-13 14:51:57,36.71005140544679
1013,73.17,1,1.2,2,0,117.37,2026-05-13 14:51:57,37.404788276390896
1014,93.57,6,1.2,0,1,167.07,2026-05-13 14:51:57,33.60387861375471
1015,57.46,3,1.7,0,14,130.83,2026-05-13 14:51:57,26.351754184819992
1016,85.77,2,1.8,0,16,149.23,2026-05-13 14:51:57,34.48502311867587
1017,75.03,8,1.5,0,16,156.56,2026-05-13 14:51:57,28.754471129279512
1018,38.58,7,1.5,2,5,113.57,2026-05-13 14:51:57,20.382143171612224
1019,147.58,5,1.7,5,0,247.4,2026-05-13 14:51:57,35.79143088116411
1020,65.14,2,1.0,0,7,115.54,2026-05-13 14:51:57,33.827245975419764
1021,59.1,7,1.0,1,21,136.41,2026-05-13 14:51:57,25.99516164504069
1022,136.03,8,1.7,6,2,234.22,2026-05-13 14:51:57,34.84672530099906
1023,29.45,4,1.5,0,5,99.77,2026-05-13 14:51:57,17.71073468978651
1024,52.59,5,1.8,6,12,135.22,2026-05-13 14:51:57,23.3353054281911
1025,40.26,3,1.2,6,18,100.73,2026-05-13 14:51:57,23.980939144246996
1026,121.24,9,1.1,5,7,222.15,2026-05-13 14:51:57,32.745442268737335
1027,110.89,5,1.1,0,23,184.45,2026-05-13 14:51:57,36.07156410951478
1028,12.82,1,1.0,1,9,40.97,2026-05-13 14:51:57,18.77471320478399
1029,24.22,4,1.7,5,0,81.51,2026-05-13 14:51:57,17.82848730217151
1030,14.67,4,1.6,2,6,64.24,2026-05-13 14:51:57,13.701743462017435
1031,116.05,6,1.0,4,14,202.82,2026-05-13 14:51:57,34.33093383295533
1032,70.87,2,1.2,4,4,133.06,2026-05-13 14:51:57,31.957011874342403
1033,137.35,4,1.7,5,20,222.87,2026-05-13 14:51:57,36.97671288194911
1034,141.64,4,1.0,3,11,214.88,2026-05-13 14:51:57,39.549516008935214
1035,29.38,4,1.7,4,16,101.83,2026-05-13 14:51:57,17.311204949425512
1036,19.78,1,1.4,5,13,62.34,2026-05-13 14:51:57,19.037536092396532
1037,26.18,9,1.5,3,8,116.06,2026-05-13 14:51:57,13.534378769601929
1038,45.53,8,1.5,5,12,130.99,2026-05-13 14:51:57,20.855027101305442
1039,30.88,2,1.2,4,16,71.42,2026-05-13 14:51:57,25.942313077569306
1040,53.73,3,1.5,1,14,118.58,2026-05-13 14:51:57,27.1867093945016
1041,39.81,10,1.1,5,17,126.95,2026-05-13 14:51:57,18.815281606931865
1042,42.99,2,1.1,4,23,84.42,2026-05-13 14:51:57,30.554371002132196
1043,13.17,2,1.6,3,16,53.65,2026-05-13 14:51:57,14.728797763280522
1044,38.96,9,1.8,0,2,137.93,2026-05-13 14:51:57,16.94772710795331
1045,87.58,2,1.8,4,9,161.32,2026-05-13 14:51:57,32.573766426977436
1046,84.36,6,1.4,2,6,158.91,2026-05-13 14:51:57,31.851991693411367
1048,79.53,5,1.9,3,11,154.0,2026-05-13 14:51:57,30.985714285714284
1049,100.05,8,1.0,4,15,186.43,2026-05-13 14:51:57,32.19975325859572
1050,16.39,5,1.7,2,6,76.39,2026-05-13 14:51:57,12.873412750359995
1051,59.94,4,1.5,3,20,126.62,2026-05-13 14:51:57,28.403095877428523
1052,142.7,1,1.8,4,15,206.71,2026-05-13 14:51:57,41.42034734652411
1053,87.67,2,1.8,6,5,143.65,2026-05-13 14:51:57,36.61816916115559
1054,133.32,4,1.5,6,11,223.05,2026-05-13 14:51:57,35.86281102891728
1055,81.83,2,1.6,6,19,145.29,2026-05-13 14:51:57,33.793103448275865
1056,61.89,3,1.6,2,19,117.36,2026-05-13 14:51:57,31.641104294478527
1057,60.42,1,1.0,0,2,99.03,2026-05-13 14:51:57,36.60708876098152
1058,11.4,5,1.9,0,1,89.49,2026-05-13 14:51:57,7.643312101910829
1059,50.0,10,2.0,0,14,146.03,2026-05-13 14:51:57,20.543723892350886
1060,120.01,5,1.5,0,7,204.2,2026-05-13 14:51:57,35.262487757100885
1061,149.89,3,1.1,4,17,222.97,2026-05-13 14:51:57,40.334574157958464
1062,123.34,5,1.3,2,20,200.81,2026-05-13 14:51:57,36.85274637717245
1063,62.34,7,1.3,2,18,138.69,2026-05-13 14:51:57,26.969500324464633
1064,49.51,5,1.9,0,12,132.6,2026-05-13 14:51:57,22.402714932126695
1065,95.68,2,1.1,6,12,155.79,2026-05-13 14:51:57,36.84960523782015
1066,15.76,6,1.2,1,9,88.77,2026-05-13 14:51:57,10.652247380871916
1067,86.36,7,1.3,6,6,180.16,2026-05-13 14:51:57,28.76110124333925
1068,148.7,6,1.1,6,4,243.24,2026-05-13 14:51:57,36.679822397631966
1069,121.83,4,1.6,6,20,210.47,2026-05-13 14:51:57,34.730840499833704
1070,27.04,7,1.4,2,23,101.64,2026-05-13 14:51:57,15.962219598583236
1071,137.55,10,1.9,3,13,267.51,2026-05-13 14:51:57,30.851183133340815
1072,43.05,1,1.9,0,5,86.08,2026-05-13 14:51:57,30.00697026022305
1073,88.37,9,1.4,0,15,185.22,2026-05-13 14:51:57,28.62649821833495
1074,34.08,8,1.4,1,3,112.5,2026-05-13 14:51:57,18.176
1075,135.32,7,2.0,1,9,236.64,2026-05-13 14:51:57,34.310344827586206
1076,66.42,6,1.8,5,20,158.39,2026-05-13 14:51:57,25.160679335816656
1077,107.66,1,1.3,1,12,167.17,2026-05-13 14:51:57,38.64090446850511
1078,118.63,9,1.6,0,20,224.17,2026-05-13 14:51:57,31.75179551233439
1079,36.19,7,1.2,1,12,103.12,2026-05-13 14:51:57,21.05702094647013
1080,73.14,6,1.2,4,0,145.2,2026-05-13 14:51:57,30.22314049586777
1081,96.02,7,1.2,1,15,173.0,2026-05-13 14:51:57,33.30173410404624
1082,64.39,6,1.7,2,9,155.46,2026-05-13 14:51:57,24.851408722500963
1083,100.91,10,1.7,6,4,214.31,2026-05-13 14:51:57,28.251598152209418
1084,28.38,9,1.6,4,4,119.06,2026-05-13 14:51:57,14.302032588610784
1085,85.35,7,1.2,1,7,174.59,2026-05-13 14:51:57,29.331576837161347
1086,132.17,10,1.1,5,11,240.26,2026-05-13 14:51:57,33.0067426954133
1087,69.02,9,1.5,0,9,170.59,2026-05-13 14:51:57,24.275748871563394
1088,58.97,2,1.3,1,13,106.3,2026-05-13 14:51:57,33.28504233301975
1089,93.26,2,1.2,4,20,150.33,2026-05-13 14:51:57,37.22211135501896
1090,31.62,10,1.4,3,15,130.68,2026-05-13 14:51:57,14.517906336088155
1091,46.73,4,1.3,6,19,98.46,2026-05-13 14:51:57,28.476538695917124
1092,15.86,8,1.9,4,9,110.48,2026-05-13 14:51:57,8.613323678493844
1093,60.29,2,1.6,4,20,127.2,2026-05-13 14:51:57,28.438679245283016
1094,44.89,4,1.3,2,17,109.42,2026-05-13 14:51:57,24.615244013891427
1095,38.01,6,1.3,3,22,104.79,2026-05-13 14:51:57,21.763527054108213
1096,102.72,9,1.6,3,8,199.55,2026-05-13 14:51:57,30.88549235780506
1097,55.44,2,1.9,3,9,113.13,2026-05-13 14:51:57,29.403341288782816
1098,126.96,9,1.2,1,20,229.4,2026-05-13 14:51:57,33.20662598081953
1099,23.92,6,1.4,6,6,99.64,2026-05-13 14:51:57,14.403853873946208
1100,18.58,9,1.2,2,4,98.11,2026-05-13 14:51:57,11.362756090102945
1101,115.74,10,1.4,0,2,234.47,2026-05-13 14:51:57,29.617435066319782
1102,142.18,2,1.0,5,3,205.2,2026-05-13 14:51:57,41.57309941520468
1103,107.05,10,1.3,5,17,212.29,2026-05-13 14:51:57,30.25578218474728
1104,17.84,1,1.2,5,13,52.41,2026-05-13 14:51:57,20.423583285632514
1105,124.8,5,1.6,3,5,215.36,2026-05-13 14:51:57,34.76968796433878
1106,107.36,6,1.0,5,3,189.21,2026-05-13 14:51:57,34.044712224512445
1107,95.8,2,1.5,3,19,158.0,2026-05-13 14:51:57,36.379746835443036
1108,31.97,9,1.1,4,12,111.82,2026-05-13 14:51:57,17.154355213736363
1109,143.64,1,1.5,2,1,207.79,2026-05-13 14:51:57,41.47649068771356
1110,33.35,8,1.2,2,1,103.66,2026-05-13 14:51:57,19.30349218599267
1111,120.17,2,1.6,2,18,180.69,2026-05-13 14:51:57,39.903702473850245
1112,136.68,8,1.7,4,14,239.73,2026-05-13 14:51:57,34.20848454511326
1113,109.03,6,1.4,2,1,204.66,2026-05-13 14:51:57,31.964233362650248
1114,146.58,10,1.7,4,7,275.82,2026-05-13 14:51:57,31.886012616924088
1115,105.57,5,1.1,6,4,176.02,2026-05-13 14:51:57,35.98568344506305
1116,59.66,7,1.4,5,6,141.46,2026-05-13 14:51:57,25.30467976813233
1117,33.11,7,1.1,2,14,109.39,2026-05-13 14:51:57,18.16070938842673
1118,149.61,9,1.1,2,14,252.8,2026-05-13 14:51:57,35.50870253164557
1119,81.63,7,1.2,1,10,156.66,2026-05-13 14:51:57,31.2638835695136
1120,7.56,5,1.4,4,5,64.8,2026-05-13 14:51:57,7.000000000000001
1121,120.81,4,1.9,4,15,208.43,2026-05-13 14:51:57,34.77714340545987
1122,140.13,2,2.0,3,6,222.4,2026-05-13 14:51:57,37.80485611510792
1123,9.73,3,1.2,4,6,53.38,2026-05-13 14:51:57,10.936680404645935
1124,84.92,4,1.3,2,17,159.52,2026-05-13 14:51:57,31.940822467402203
1125,49.51,6,1.1,1,23,110.32,2026-05-13 14:51:57,26.92712110224801
1126,47.75,2,1.7,2,12,108.18,2026-05-13 14:51:57,26.48363838047698
1127,28.37,7,1.3,0,11,106.59,2026-05-13 14:51:57,15.969603152265691
1128,15.52,4,2.0,5,22,80.49,2026-05-13 14:51:57,11.569139023481178
1129,54.02,1,1.8,4,6,101.5,2026-05-13 14:51:57,31.933004926108378
1130,128.41,10,1.8,4,9,255.65,2026-05-13 14:51:57,30.137297085859572
1131,43.93,10,1.4,4,9,129.24,2026-05-13 14:51:57,20.394614670380683
1132,104.96,1,1.2,4,14,156.0,2026-05-13 14:51:57,40.36923076923077
1133,62.82,10,1.0,5,22,147.59,2026-05-13 14:51:57,25.53831560403821
1134,121.97,8,1.7,2,22,224.07,2026-05-13 14:51:57,32.66032936136029
1135,18.65,10,1.9,3,10,109.94,2026-05-13 14:51:57,10.178279061306165
1137,134.28,8,1.6,0,1,231.14,2026-05-13 14:51:57,34.856796746560526
1138,77.52,7,1.1,4,10,161.3,2026-05-13 14:51:57,28.835709857408553
1139,137.26,4,1.0,6,9,220.76,2026-05-13 14:51:57,37.305671317267624
1140,133.39,5,1.8,0,9,218.7,2026-05-13 14:51:57,36.59533607681755
1141,145.45,6,1.6,0,7,232.23,2026-05-13 14:51:57,37.579124144167416
1142,84.96,3,1.6,5,15,153.88,2026-05-13 14:51:57,33.12711203535222
1143,72.72,6,1.8,4,18,161.3,2026-05-13 14:51:57,27.05021698698078
1144,139.89,8,1.7,5,14,254.38,2026-05-13 14:51:57,32.99551851560657
1145,103.0,3,1.7,3,12,181.12,2026-05-13 14:51:57,34.12102473498233
1146,145.47,2,1.2,1,11,208.43,2026-05-13 14:51:57,41.875929568680135
1147,124.49,7,1.5,5,11,214.13,2026-05-13 14:51:57,34.88254798486901
1148,100.36,5,1.7,0,10,178.18,2026-05-13 14:51:57,33.79503872488495
1149,110.06,2,1.5,6,7,184.67,2026-05-13 14:51:57,35.75892131910977
1150,137.34,9,1.9,4,0,260.63,2026-05-13 14:51:57,31.617235160956145
1151,121.98,5,1.2,3,7,194.62,2026-05-13 14:51:57,37.60559038125578
1152,54.2,6,1.6,3,0,135.39,2026-05-13 14:51:57,24.019499224462667
1153,39.68,3,1.1,0,10,82.46,2026-05-13 14:51:57,28.87218045112782
1154,64.32,1,1.8,1,21,120.26,2026-05-13 14:51:57,32.09047064693164
1155,121.19,9,1.8,1,16,236.73,2026-05-13 14:51:57,30.716005575972627
1156,140.41,5,1.8,6,19,237.03,2026-05-13 14:51:57,35.54233641311227
1157,140.87,3,1.4,2,7,208.3,2026-05-13 14:51:57,40.57705232837254
1158,95.7,1,1.1,5,20,145.2,2026-05-13 14:51:57,39.54545454545455
1159,128.99,1,1.3,0,18,197.42,2026-05-13 14:51:57,39.202715023807116
1160,108.35,1,1.0,5,18,160.01,2026-05-13 14:51:57,40.6287107055809
1161,127.73,6,1.7,0,19,218.24,2026-05-13 14:51:57,35.116385630498534
1162,106.4,2,1.3,3,10,167.9,2026-05-13 14:51:57,38.02263251935676
1163,65.49,10,1.7,3,19,175.37,2026-05-13 14:51:57,22.406340879283796
1164,138.78,5,1.2,0,17,220.51,2026-05-13 14:51:57,37.76155276404698
1165,117.45,9,1.7,1,10,219.57,2026-05-13 14:51:57,32.09454843557863
1166,141.89,1,1.4,4,15,210.38,2026-05-13 14:51:57,40.46677440821371
1167,31.56,2,1.2,2,21,77.93,2026-05-13 14:51:57,24.298729629154366
1168,48.22,1,1.8,0,22,103.39,2026-05-13 14:51:57,27.983363961698423
1169,61.73,2,2.0,6,16,132.04,2026-05-13 14:51:57,28.050590730081797
1170,90.51,3,1.1,3,21,151.25,2026-05-13 14:51:57,35.90479338842975
1171,55.27,3,1.9,4,11,130.69,2026-05-13 14:51:57,25.374550462927537
1172,9.3,6,1.4,4,4,71.03,2026-05-13 14:51:57,7.855835562438407
1173,82.37,2,1.8,0,16,156.2,2026-05-13 14:51:57,31.640204865556985
1174,101.39,7,1.5,5,6,191.55,2026-05-13 14:51:57,31.758809710258415
1175,107.43,4,1.1,4,19,183.85,2026-05-13 14:51:57,35.06010334511831
1176,101.23,8,1.9,5,1,203.55,2026-05-13 14:51:57,29.839351510685336
1177,67.62,2,1.5,5,21,124.62,2026-05-13 14:51:57,32.556571978815604
1178,67.14,2,1.6,0,14,133.92,2026-05-13 14:51:57,30.080645161290327
1179,135.24,6,1.1,0,9,215.62,2026-05-13 14:51:57,37.632872646322234
1180,68.92,6,1.9,5,7,145.3,2026-05-13 14:51:57,28.459738472126634
1181,95.93,7,1.2,2,18,185.55,2026-05-13 14:51:57,31.02021018593371
1182,146.31,4,1.8,4,9,230.43,2026-05-13 14:51:57,38.09660200494727
1183,110.21,5,1.7,5,9,189.16,2026-05-13 14:51:57,34.95770776062592
1184,44.33,3,1.2,5,8,103.88,2026-05-13 14:51:57,25.604543704274164
1185,7.74,4,1.2,4,9,55.09,2026-05-13 14:51:57,8.429842076601924
1186,64.16,5,1.4,2,15,138.04,2026-05-13 14:51:57,27.887568820631703
1187,112.91,1,1.7,2,21,181.96,2026-05-13 14:51:57,37.23125961749835
1188,123.46,2,1.1,4,11,179.48,2026-05-13 14:51:57,41.27256518832182
1189,7.09,9,1.5,1,6,83.5,2026-05-13 14:51:57,5.094610778443114
1190,111.99,3,1.5,3,10,187.03,2026-05-13 14:51:57,35.926856654012724
1191,56.32,9,1.4,5,18,146.66,2026-05-13 14:51:57,23.041047320332744
1192,15.32,10,1.0,4,22,104.98,2026-05-13 14:51:57,8.75595351495523
1193,94.01,3,1.2,1,5,165.09,2026-05-13 14:51:57,34.16681809921861
1194,110.18,8,1.7,3,2,210.41,2026-05-13 14:51:57,31.41865880899197
1195,18.46,4,1.2,0,6,68.47,2026-05-13 14:51:57,16.1764276325398
1196,109.72,10,1.1,2,18,222.72,2026-05-13 14:51:57,29.558189655172413
1197,9.6,6,1.3,2,3,79.61,2026-05-13 14:51:57,7.235271950759954
1198,55.93,7,1.2,5,12,135.43,2026-05-13 14:51:57,24.778852543749537
1199,76.8,10,1.8,1,0,186.37,2026-05-13 14:51:57,24.72500938992327
1200,41.13,9,1.7,0,17,131.47,2026-05-13 14:51:57,18.770822240815395
1201,132.23,4,1.6,1,12,214.55,2026-05-13 14:51:57,36.978792822185966
1202,57.15,8,1.1,6,23,147.47,2026-05-13 14:51:57,23.25218688546823
1203,51.57,9,1.9,4,5,151.45,2026-05-13 14:51:57,20.430505117200397
1204,20.3,1,1.8,4,7,59.28,2026-05-13 14:51:57,20.546558704453442
1205,146.34,3,1.5,1,2,231.76,2026-05-13 14:51:57,37.88574387297204
1206,7.59,3,1.5,6,7,65.67,2026-05-13 14:51:57,6.93467336683417
1207,81.77,8,1.1,3,23,161.72,2026-05-13 14:51:57,30.337620578778136
1208,74.43,2,1.0,1,19,119.27,2026-05-13 14:51:57,37.44277689276432
1209,122.26,5,1.3,1,5,203.37,2026-05-13 14:51:57,36.0702168461425
1210,31.02,4,1.3,1,17,82.78,2026-05-13 14:51:57,22.48369171297415
1211,148.64,2,1.8,3,21,224.8,2026-05-13 14:51:57,39.672597864768676
1212,122.12,5,1.6,4,12,210.45,2026-05-13 14:51:57,34.8168210976479
1213,144.72,2,1.3,0,10,222.0,2026-05-13 14:51:57,39.11351351351351
1214,79.98,2,1.7,6,21,144.38,2026-05-13 14:51:57,33.23729048344646
1215,132.58,2,1.5,4,21,208.9,2026-05-13 14:51:57,38.07946385830541
1216,101.73,3,1.4,5,22,171.05,2026-05-13 14:51:57,35.684302835428234
1217,74.95,1,1.4,2,0,130.6,2026-05-13 14:51:57,34.43338437978561
1218,30.32,10,1.4,1,6,125.68,2026-05-13 14:51:57,14.474856779121577
1219,144.96,8,1.9,6,15,261.95,2026-05-13 14:51:57,33.20328306928804
1220,64.88,10,1.6,2,17,159.86,2026-05-13 14:51:57,24.35130739396972
1221,63.38,6,1.1,3,23,135.16,2026-05-13 14:51:57,28.135543060076944
1222,124.6,3,1.6,4,17,196.64,2026-05-13 14:51:57,38.018714401952806
1223,107.64,6,1.4,5,3,198.9,2026-05-13 14:51:57,32.470588235294116
1224,35.26,1,1.6,4,4,83.02,2026-05-13 14:51:57,25.483016140688992
1225,21.71,6,1.1,4,3,82.35,2026-05-13 14:51:57,15.81785063752277
1226,92.41,10,1.1,6,23,198.18,2026-05-13 14:51:57,27.97759612473509
1227,100.69,2,2.0,2,7,176.25,2026-05-13 14:51:57,34.27744680851064
1228,5.29,3,1.2,0,13,57.4,2026-05-13 14:51:57,5.529616724738676
1229,84.34,6,1.5,6,13,169.83,2026-05-13 14:51:57,29.79685567920862
1230,140.51,10,1.0,6,19,250.11,2026-05-13 14:51:57,33.707568669785296
1231,121.47,9,1.8,4,2,240.52,2026-05-13 14:51:57,30.301846000332613
1232,34.32,6,1.9,6,21,105.45,2026-05-13 14:51:57,19.527738264580368
1233,26.24,6,1.4,2,3,104.7,2026-05-13 14:51:57,15.03724928366762
1234,64.19,9,1.2,5,23,147.32,2026-05-13 14:51:57,26.14308987238664
1235,63.99,8,1.3,6,9,141.21,2026-05-13 14:51:57,27.189292543021033
1236,125.75,3,1.2,2,22,201.94,2026-05-13 14:51:57,37.36258294542933
1237,59.47,3,1.4,5,19,116.53,2026-05-13 14:51:57,30.620441088131813
1238,118.79,2,1.1,4,14,175.88,2026-05-13 14:51:57,40.52422105981351
1239,149.54,5,1.5,0,6,236.43,2026-05-13 14:51:57,37.949498794569216
1240,123.47,5,1.1,2,8,204.51,2026-05-13 14:51:57,36.224145518556554
1241,41.02,9,1.8,4,19,141.34,2026-05-13 14:51:57,17.41332955992642
1242,48.21,9,1.3,6,20,127.7,2026-05-13 14:51:57,22.651527016444792
1243,35.02,9,1.1,1,13,108.67,2026-05-13 14:51:57,19.33560320235576
1244,45.47,4,1.6,4,11,104.89,2026-05-13 14:51:57,26.010105825150156
1245,89.57,10,1.5,1,1,191.87,2026-05-13 14:51:57,28.009589826444984
1246,56.65,3,1.4,0,9,117.08,2026-05-13 14:51:57,29.031431499829175
1247,16.4,7,1.0,4,7,85.01,2026-05-13 14:51:57,11.575108810728148
1248,5.51,4,1.0,2,1,50.48,2026-05-13 14:51:57,6.549128367670365
1249,56.63,8,1.2,5,10,133.38,2026-05-13 14:51:57,25.47458389563653
1250,85.77,9,1.3,0,2,179.48,2026-05-13 14:51:57,28.67283262759082
1251,128.52,6,1.1,5,2,210.76,2026-05-13 14:51:57,36.5875877775669
1252,126.93,2,1.4,1,22,191.87,2026-05-13 14:51:57,39.69250013029655
1253,37.24,7,1.6,2,2,110.98,2026-05-13 14:51:57,20.13335736168679
1254,16.99,6,1.0,5,11,81.93,2026-05-13 14:51:57,12.442328817283045
1255,43.8,10,1.7,1,4,152.92,2026-05-13 14:51:57,17.185456447815852
1256,143.27,10,1.6,3,0,257.67,2026-05-13 14:51:57,33.361276050762605
1257,42.03,8,1.1,6,6,118.24,2026-05-13 14:51:57,21.327807848443843
1258,86.46,9,1.2,2,11,173.16,2026-05-13 14:51:57,29.958419958419956
1259,106.64,1,1.8,0,9,171.28,2026-05-13 14:51:57,37.35637552545539
1260,112.21,7,1.3,4,12,201.78,2026-05-13 14:51:57,33.36604222420458
1261,55.39,7,1.0,2,13,126.6,2026-05-13 14:51:57,26.251184834123226
1262,79.37,8,1.4,4,11,167.42,2026-05-13 14:51:57,28.444630271174294
1263,39.57,2,1.4,3,7,80.21,2026-05-13 14:51:57,29.599800523625483
1264,12.59,8,1.9,0,1,97.74,2026-05-13 14:51:57,7.728667894413751
1265,64.13,8,1.6,0,22,146.82,2026-05-13 14:51:57,26.207601144258273
1266,145.66,3,1.4,5,21,220.96,2026-05-13 14:51:57,39.5528602461984
1267,61.91,2,1.5,4,1,114.88,2026-05-13 14:51:57,32.334610027855156
1268,116.37,5,1.1,0,16,193.36,2026-05-13 14:51:57,36.10984691766652
1269,87.71,8,1.1,6,4,175.73,2026-05-13 14:51:57,29.947077903602118
1270,138.89,8,1.7,3,22,243.0,2026-05-13 14:51:57,34.29382716049383
1271,28.21,8,1.8,5,14,113.43,2026-05-13 14:51:57,14.92197831261571
1272,56.18,1,1.7,3,15,103.59,2026-05-13 14:51:57,32.539820445988994
1273,46.99,3,1.8,4,6,101.76,2026-05-13 14:51:57,27.7063679245283
1274,142.3,4,1.6,5,1,222.26,2026-05-13 14:51:57,38.414469540178175
1275,15.08,10,1.5,6,0,112.99,2026-05-13 14:51:57,8.007788299849544
1276,41.34,5,1.1,2,10,105.62,2026-05-13 14:51:57,23.48418860064382
1277,39.45,9,1.5,2,12,119.78,2026-05-13 14:51:57,19.761228919686094
1278,35.21,3,1.8,3,5,94.28,2026-05-13 14:51:57,22.407721680101826
1279,53.4,7,1.8,5,7,135.38,2026-05-13 14:51:57,23.66671591076969
1280,37.86,2,1.4,0,22,94.05,2026-05-13 14:51:57,24.15311004784689
1281,74.58,9,1.7,3,17,175.19,2026-05-13 14:51:57,25.5425537987328
1282,7.36,5,1.9,5,20,70.78,2026-05-13 14:51:57,6.239050579259678
1283,120.81,4,1.2,4,7,193.75,2026-05-13 14:51:57,37.412129032258065
1284,93.18,7,1.4,3,6,179.46,2026-05-13 14:51:57,31.153460381143432
1285,31.09,5,1.8,1,17,98.03,2026-05-13 14:51:57,19.028868713659087
1286,42.63,8,1.8,4,12,129.8,2026-05-13 14:51:57,19.705701078582432
1287,136.92,7,1.3,4,21,240.94,2026-05-13 14:51:57,34.09645554909936
1288,27.61,2,1.8,4,22,81.12,2026-05-13 14:51:57,20.42159763313609
1289,16.3,5,1.7,0,15,79.86,2026-05-13 14:51:57,12.246431254695718
1290,136.67,10,1.9,5,7,252.48,2026-05-13 14:51:57,32.478612167300376
1291,59.93,4,1.0,1,22,115.57,2026-05-13 14:51:57,31.11361079865017
1292,73.09,9,1.4,6,9,173.16,2026-05-13 14:51:57,25.325710325710325
1293,75.9,1,1.6,5,21,127.82,2026-05-13 14:51:57,35.62822719449226
1294,55.9,5,1.6,2,12,137.81,2026-05-13 14:51:57,24.337856469051594
1295,9.61,3,1.4,2,5,56.07,2026-05-13 14:51:57,10.283574103798822
1296,99.91,7,1.5,6,10,195.34,2026-05-13 14:51:57,30.688031125217567
1297,142.64,2,1.3,0,14,213.73,2026-05-13 14:51:57,40.04304496327141
1298,138.25,8,1.4,4,3,247.12,2026-05-13 14:51:57,33.566688248624146
1299,104.86,10,1.3,6,18,208.06,2026-05-13 14:51:57,30.239354032490628
1300,37.33,7,1.9,5,13,119.9,2026-05-13 14:51:57,18.680567139282733
1301,118.49,5,1.2,3,16,198.55,2026-05-13 14:51:57,35.80659783429866
1302,137.68,3,1.3,1,2,217.45,2026-05-13 14:51:57,37.98942285582893
1303,26.35,4,1.2,5,6,90.78,2026-05-13 14:51:57,17.415730337078653
1304,67.93,8,1.7,0,10,159.03,2026-05-13 14:51:57,25.62912657989059
1305,131.86,3,1.1,5,4,210.27,2026-05-13 14:51:57,37.62590954487088
1306,113.16,1,1.8,3,6,185.05,2026-05-13 14:51:57,36.69062415563361
1307,95.46,4,1.3,0,9,174.71,2026-05-13 14:51:57,32.78346974987121
1308,125.05,1,1.1,5,8,189.43,2026-05-13 14:51:57,39.60829857995037
1309,21.09,4,2.0,4,1,89.06,2026-05-13 14:51:57,14.208398832247923
1310,38.65,2,1.4,3,17,90.83,2026-05-13 14:51:57,25.53121215457448
1311,16.03,6,1.8,2,8,93.14,2026-05-13 14:51:57,10.32639038007301
1312,108.9,9,2.0,1,23,214.74,2026-05-13 14:51:57,30.427493713327745
1313,88.25,7,1.2,5,9,176.08,2026-05-13 14:51:57,30.071558382553384
1314,63.69,9,1.2,2,15,144.82,2026-05-13 14:51:57,26.387239331584038
1315,26.85,4,1.4,3,6,80.62,2026-05-13 14:51:57,19.98263458198958
1316,83.86,10,1.8,6,7,182.82,2026-05-13 14:51:57,27.522152937315393
1317,142.94,6,1.4,5,8,240.32,2026-05-13 14:51:57,35.68741677762982
1318,76.87,6,1.5,2,6,166.85,2026-05-13 14:51:57,27.642792927779446
1319,85.37,4,2.0,5,22,166.27,2026-05-13 14:51:57,30.80651951644915
1320,75.42,4,1.2,0,2,145.0,2026-05-13 14:51:57,31.20827586206897
1321,100.45,8,1.9,4,2,210.96,2026-05-13 14:51:57,28.56939704209329
1322,59.57,4,1.2,6,15,121.46,2026-05-13 14:51:57,29.42697184258192
1323,99.91,6,1.9,2,0,191.06,2026-05-13 14:51:57,31.375484141107503
1324,14.45,4,1.2,4,11,77.13,2026-05-13 14:51:57,11.240762349280436
1325,58.49,7,1.7,2,23,148.71,2026-05-13 14:51:57,23.598950978414365
1326,38.12,4,1.8,3,8,108.77,2026-05-13 14:51:57,21.027856945849038
1327,129.77,9,1.8,1,13,236.36,2026-05-13 14:51:57,32.942122186495176
1328,24.43,8,1.9,0,14,109.45,2026-05-13 14:51:57,13.392416628597532
1329,89.27,1,1.9,3,15,153.84,2026-05-13 14:51:57,34.816692667706704
1330,40.19,4,1.7,5,1,105.65,2026-05-13 14:51:57,22.82442025556081
1331,104.45,5,1.4,0,18,184.58,2026-05-13 14:51:57,33.95275761187561
1332,13.51,8,1.3,6,6,97.22,2026-05-13 14:51:57,8.337790578070356
1333,69.05,5,1.0,6,19,135.36,2026-05-13 14:51:57,30.607269503546096
1334,61.74,6,1.0,4,10,133.36,2026-05-13 14:51:57,27.777444511097777
1335,119.23,4,1.5,1,22,193.3,2026-05-13 14:51:57,37.00879461976203
1336,118.14,9,1.7,5,4,227.89,2026-05-13 14:51:57,31.10448023169073
1337,24.89,1,1.7,6,17,75.91,2026-05-13 14:51:57,19.67329732578053
1338,106.64,2,1.5,5,5,180.3,2026-05-13 14:51:57,35.48752079866888
1339,136.98,9,1.6,4,3,244.63,2026-05-13 14:51:57,33.596860564934794
1340,82.29,9,1.1,4,17,169.37,2026-05-13 14:51:57,29.151561669717186
1341,101.8,1,1.2,6,17,161.79,2026-05-13 14:51:57,37.752642314110886
1342,44.21,2,1.5,3,11,93.01,2026-05-13 14:51:57,28.51951403074938
1343,47.83,10,1.0,3,5,127.69,2026-05-13 14:51:57,22.474743519461196
1344,131.11,1,1.9,2,13,203.04,2026-05-13 14:51:57,38.74408983451537
1345,29.98,9,1.3,2,23,115.99,2026-05-13 14:51:57,15.50823346840245
1346,120.57,1,1.3,0,11,170.58,2026-05-13 14:51:57,42.409426661976774
1347,98.09,6,1.8,2,22,181.22,2026-05-13 14:51:57,32.4765478424015
1348,28.96,3,1.8,2,13,80.89,2026-05-13 14:51:57,21.481023612313017
1349,89.75,2,1.0,2,14,152.68,2026-05-13 14:51:57,35.26984542834687
1350,32.16,5,1.1,4,17,90.19,2026-05-13 14:51:57,21.394833130058764
1351,9.75,10,1.3,0,13,92.57,2026-05-13 14:51:57,6.319541968240251
1353,28.34,4,1.0,4,1,83.13,2026-05-13 14:51:57,20.45470949115843
1354,108.48,7,1.4,6,13,203.79,2026-05-13 14:51:57,31.938760488738406
1355,44.49,5,1.6,3,19,106.41,2026-05-13 14:51:57,25.085988159007616
1356,42.62,1,1.5,2,23,97.13,2026-05-13 14:51:57,26.32760218264182
1357,32.65,4,1.3,2,23,98.57,2026-05-13 14:51:57,19.874201075377904
1358,128.12,7,1.2,3,13,226.5,2026-05-13 14:51:57,33.93907284768212
1359,41.15,6,1.9,0,17,126.52,2026-05-13 14:51:57,19.514701233006637
1360,33.44,4,1.3,2,11,82.4,2026-05-13 14:51:57,24.34951456310679
1361,117.62,5,1.2,6,20,203.69,2026-05-13 14:51:57,34.64676714615347
1362,112.46,4,1.6,5,4,197.43,2026-05-13 14:51:57,34.17717672086309
1363,144.53,3,1.9,5,8,236.53,2026-05-13 14:51:57,36.66257979960259
1364,129.76,10,1.4,4,3,245.43,2026-05-13 14:51:57,31.72228333944505
1365,29.21,3,1.6,6,0,88.23,2026-05-13 14:51:57,19.86399183951037
1366,60.12,2,1.1,1,22,106.9,2026-05-13 14:51:57,33.74368568755846
1367,105.79,9,1.2,3,7,195.43,2026-05-13 14:51:57,32.479148544235784
1368,88.94,7,1.9,1,21,191.42,2026-05-13 14:51:57,27.877964684985894
1369,49.65,9,1.2,1,7,134.66,2026-05-13 14:51:57,22.122382296153276
1370,50.17,1,1.2,1,12,88.03,2026-05-13 14:51:57,34.1951607406566
1371,106.83,3,1.8,4,1,176.26,2026-05-13 14:51:57,36.365596278225354
1372,104.08,8,1.9,0,5,199.27,2026-05-13 14:51:57,31.338385105635567
1373,113.69,1,1.2,0,19,177.34,2026-05-13 14:51:57,38.46509529716928
1374,16.77,9,1.9,5,9,111.99,2026-05-13 14:51:57,8.984730779533887
1375,115.36,5,1.3,4,3,203.3,2026-05-13 14:51:57,34.04623708804722
1376,65.3,3,1.4,0,19,120.98,2026-05-13 14:51:57,32.385518267482226
1377,114.59,4,1.9,6,0,188.47,2026-05-13 14:51:57,36.480076404732856
1378,76.98,1,1.3,3,5,124.23,2026-05-13 14:51:57,37.179425259599135
1379,143.21,4,1.5,3,14,216.81,2026-05-13 14:51:57,39.63193579631936
1380,65.11,9,1.8,1,3,171.97,2026-05-13 14:51:57,22.716752922021282
1381,46.76,7,1.0,6,16,114.42,2026-05-13 14:51:57,24.52018877818563
1382,80.81,8,1.8,4,0,187.65,2026-05-13 14:51:57,25.838529176658675
1383,66.21,2,1.6,3,19,127.19,2026-05-13 14:51:57,31.233587546190737
1384,66.98,1,1.7,1,17,121.09,2026-05-13 14:51:57,33.18853745148237
1385,5.7,4,1.8,1,18,65.54,2026-05-13 14:51:57,5.218187366493744
1386,78.45,1,1.4,0,14,134.32,2026-05-13 14:51:57,35.04318046456224
1387,39.47,7,1.8,4,9,127.22,2026-05-13 14:51:57,18.614997641880205
1388,130.92,2,1.7,0,14,200.63,2026-05-13 14:51:57,39.15266909235906
1389,42.97,3,1.9,1,6,99.93,2026-05-13 14:51:57,25.80006004202942
1390,24.23,10,1.6,2,13,115.96,2026-05-13 14:51:57,12.53708175232839
1391,70.56,3,1.5,4,1,128.07,2026-05-13 14:51:57,33.056921995783554
1392,116.42,3,1.4,0,14,182.82,2026-05-13 14:51:57,38.20807351493273
1393,147.3,9,1.0,3,13,250.66,2026-05-13 14:51:57,35.25891646054417
1394,126.68,5,1.1,3,19,196.51,2026-05-13 14:51:57,38.678947636252616
1395,136.45,1,1.2,4,11,203.35,2026-05-13 14:51:57,40.260634374231614
1396,46.37,5,1.0,1,18,104.24,2026-05-13 14:51:57,26.690330007674596
1397,141.82,7,1.8,0,12,236.29,2026-05-13 14:51:57,36.01168056202125
1398,91.6,8,1.8,5,20,199.62,2026-05-13 14:51:57,27.53231139164412
1399,138.74,10,1.7,3,7,262.16,2026-05-13 14:51:57,31.753127860848338
1400,142.64,3,1.2,1,17,221.97,2026-05-13 14:51:57,38.55656169752669
1401,44.67,2,1.7,2,8,100.13,2026-05-13 14:51:57,26.76720263657246
1402,137.66,10,1.4,4,5,257.28,2026-05-13 14:51:57,32.103544776119406
1403,32.91,8,1.9,1,8,128.26,2026-05-13 14:51:57,15.395290815530952
1404,103.46,8,1.7,1,10,208.27,2026-05-13 14:51:57,29.80554088442886
1406,143.05,2,1.9,1,19,211.96,2026-05-13 14:51:57,40.493489337610875
1407,26.46,3,1.7,3,12,81.58,2026-05-13 14:51:57,19.4606521206178
1408,21.3,8,1.7,4,11,108.44,2026-05-13 14:51:57,11.785319070453708
1409,33.44,5,1.8,0,10,102.05,2026-05-13 14:51:57,19.6609505144537
1410,60.93,4,1.7,0,17,120.68,2026-05-13 14:51:57,30.2933377527345
1411,18.24,6,1.4,2,20,86.81,2026-05-13 14:51:57,12.60684252966248
1412,143.61,10,1.5,0,19,251.2,2026-05-13 14:51:57,34.301751592356695
1413,140.55,6,1.3,0,2,228.39,2026-05-13 14:51:57,36.92368317351899
1414,61.65,9,1.1,1,16,145.19,2026-05-13 14:51:57,25.476961223224738
1415,80.38,3,1.6,4,4,155.81,2026-05-13 14:51:57,30.953083884217953
1416,109.42,2,1.8,1,3,186.63,2026-05-13 14:51:57,35.17762417617746
1417,138.14,2,1.4,0,17,207.5,2026-05-13 14:51:57,39.94409638554216
1418,107.7,10,1.6,6,21,220.97,2026-05-13 14:51:57,29.24378874960402
1420,116.21,3,1.2,6,18,180.92,2026-05-13 14:51:57,38.53968604908247
1421,107.45,3,1.2,6,8,180.24,2026-05-13 14:51:57,35.76897470039947
1422,13.54,10,2.0,5,5,116.68,2026-05-13 14:51:57,6.962632841960918
1423,30.29,5,1.0,0,7,89.12,2026-05-13 14:51:57,20.392728904847395
1424,64.21,2,1.5,0,23,117.78,2026-05-13 14:51:57,32.71013754457463
1425,95.4,7,1.6,5,18,192.72,2026-05-13 14:51:57,29.701120797011207
1426,49.96,3,1.3,4,10,109.81,2026-05-13 14:51:57,27.298060285948456
1427,82.97,10,1.4,5,17,182.15,2026-05-13 14:51:57,27.33022234422179
1428,69.51,5,1.3,5,20,131.72,2026-05-13 14:51:57,31.662617673853635
1429,74.08,5,1.4,0,23,141.81,2026-05-13 14:51:57,31.3433467315422
1430,137.89,5,1.6,2,0,233.48,2026-05-13 14:51:57,35.43515504540003
1431,77.02,1,1.8,3,11,130.84,2026-05-13 14:51:57,35.31947416692143
1432,121.85,6,1.0,4,16,207.18,2026-05-13 14:51:57,35.28815522733854
1433,44.2,9,1.6,3,6,134.79,2026-05-13 14:51:57,19.67505007789896
1434,146.43,10,1.8,5,5,266.42,2026-05-13 14:51:57,32.97725395991292
1435,87.22,1,1.3,5,11,143.98,2026-05-13 14:51:57,36.346714821502985
1436,110.96,1,1.8,0,20,168.24,2026-05-13 14:51:57,39.57203994293865
1437,37.03,4,1.4,0,6,100.02,2026-05-13 14:51:57,22.21355728854229
1438,8.73,3,2.0,3,8,61.72,2026-05-13 14:51:57,8.486714193130267
1439,96.93,5,1.7,2,20,179.09,2026-05-13 14:51:57,32.47417499581216
1440,75.91,3,1.2,6,19,135.13,2026-05-13 14:51:57,33.705320802190485
1441,147.94,7,1.2,2,4,239.45,2026-05-13 14:51:57,37.06995197327208
1442,135.01,5,1.1,5,18,215.11,2026-05-13 14:51:57,37.65794244804983
1444,62.04,4,1.1,0,20,122.53,2026-05-13 14:51:57,30.379498898229006
1445,61.64,6,1.7,4,10,143.7,2026-05-13 14:51:57,25.73695198329854
1446,104.24,9,1.4,5,20,199.23,2026-05-13 14:51:57,31.39286252070471
1447,112.99,10,1.7,2,2,223.54,2026-05-13 14:51:57,30.327458173033907
1448,39.97,3,1.2,5,6,87.13,2026-05-13 14:51:57,27.52438884425571
1449,75.8,7,1.4,1,20,165.37,2026-05-13 14:51:57,27.501965289955855
1450,140.78,5,1.6,3,21,237.2,2026-05-13 14:51:57,35.61045531197302
1451,29.01,6,1.9,0,1,115.96,2026-05-13 14:51:57,15.010348395998623
1452,97.21,4,1.6,2,22,163.56,2026-05-13 14:51:57,35.660308143800435
1453,60.54,4,1.0,6,14,119.52,2026-05-13 14:51:57,30.39156626506024
1454,6.62,6,1.3,1,14,73.56,2026-05-13 14:51:57,5.399673735725938
1455,125.88,9,1.8,6,17,231.5,2026-05-13 14:51:57,32.62548596112311
1456,120.09,6,1.9,5,17,213.6,2026-05-13 14:51:57,33.73314606741573
1457,60.29,7,1.5,0,13,141.84,2026-05-13 14:51:57,25.503384094754654
1458,108.1,6,1.9,6,20,194.89,2026-05-13 14:51:57,33.28031197085535
1459,104.31,3,1.9,3,18,180.17,2026-05-13 14:51:57,34.7371926513848
1460,43.91,2,1.8,4,17,103.85,2026-05-13 14:51:57,25.369282619162252
1461,99.62,8,1.6,6,12,203.19,2026-05-13 14:51:57,29.416802007972837
1462,25.21,5,2.0,5,17,106.01,2026-05-13 14:51:57,14.268465239128384
1463,48.8,2,1.2,3,19,96.15,2026-05-13 14:51:57,30.452418096723868
1464,99.56,3,1.1,0,23,162.71,2026-05-13 14:51:57,36.71317067174728
1465,97.29,5,1.5,6,13,172.41,2026-05-13 14:51:57,33.85766486862711
1466,115.37,2,1.3,2,3,187.24,2026-05-13 14:51:57,36.96966460158086
1467,63.19,1,1.4,0,22,121.69,2026-05-13 14:51:57,31.156216615991458
1468,10.35,7,1.9,2,6,85.65,2026-05-13 14:51:57,7.250437828371278
1469,60.08,5,1.8,3,9,138.46,2026-05-13 14:51:57,26.03495594395493
1470,125.72,7,1.7,5,19,222.76,2026-05-13 14:51:57,33.862452864068956
1471,76.33,7,1.6,2,5,163.03,2026-05-13 14:51:57,28.091762252346197
1472,139.19,2,2.0,1,2,220.16,2026-05-13 14:51:57,37.93332122093023
1473,92.07,5,1.5,0,3,167.35,2026-05-13 14:51:57,33.00985957573947
1474,74.96,7,1.9,6,6,159.39,2026-05-13 14:51:57,28.217579521927348
1475,140.43,3,1.4,2,8,208.53,2026-05-13 14:51:57,40.405697022011225
1476,7.33,4,1.3,6,1,55.04,2026-05-13 14:51:57,7.990552325581396
1477,113.82,8,2.0,6,15,227.94,2026-05-13 14:51:57,29.960515925243485
1478,103.92,6,1.2,6,11,186.22,2026-05-13 14:51:57,33.48297712383203
1479,6.61,4,1.6,4,14,67.53,2026-05-13 14:51:57,5.872945357618836
1480,19.07,5,1.5,0,7,81.18,2026-05-13 14:51:57,14.094604582409458
1481,46.51,10,1.8,2,20,155.32,2026-05-13 14:51:57,17.966778264228687
1482,124.25,9,1.4,6,22,234.47,2026-05-13 14:51:57,31.795112381114855
1483,46.48,6,1.5,5,16,121.67,2026-05-13 14:51:57,22.921015862579107
1484,103.61,2,1.5,1,17,170.76,2026-05-13 14:51:57,36.40548137737176
1485,85.77,6,1.3,0,21,164.71,2026-05-13 14:51:57,31.244004614170354
1486,123.37,8,1.4,3,22,226.11,2026-05-13 14:51:57,32.737163327583914
1487,138.3,8,1.0,6,16,232.35,2026-05-13 14:51:57,35.71336346029697
1488,104.78,6,1.9,1,12,205.12,2026-05-13 14:51:57,30.649375975039
1489,16.07,9,1.7,6,5,114.04,2026-05-13 14:51:57,8.454928095405121
1490,56.81,8,1.5,1,11,142.48,2026-05-13 14:51:57,23.923357664233578
1491,136.05,2,1.6,2,16,207.48,2026-05-13 14:51:57,39.34355118565645
1492,94.03,8,1.7,2,8,201.14,2026-05-13 14:51:57,28.04912001590932
1493,142.61,10,1.9,2,23,256.48,2026-05-13 14:51:57,33.361665626949474
1494,85.13,2,1.1,6,13,135.41,2026-05-13 14:51:57,37.72099549516284
1495,111.35,5,1.8,0,5,206.33,2026-05-13 14:51:57,32.38016769253138
1496,21.92,4,1.6,0,18,76.29,2026-05-13 14:51:57,17.23948092803775
1497,17.1,10,2.0,1,8,119.53,2026-05-13 14:51:57,8.583619175102486
1498,110.97,1,1.3,5,22,167.13,2026-05-13 14:51:57,39.83844911147011
1499,123.12,8,1.3,1,18,226.56,2026-05-13 14:51:57,32.60593220338983
1500,91.8,7,1.9,0,15,180.88,2026-05-13 14:51:57,30.451127819548873
1501,136.84,5,1.4,5,11,225.31,2026-05-13 14:51:57,36.440459810927166
1502,8.09,9,1.1,0,14,91.59,2026-05-13 14:51:57,5.2997052079921385
1503,145.8,3,1.4,4,7,218.39,2026-05-13 14:51:57,40.05677915655479
1504,46.12,1,1.3,4,13,88.53,2026-05-13 14:51:57,31.257200948830903
1505,54.39,5,1.0,1,6,120.96,2026-05-13 14:51:57,26.979166666666668
1506,129.47,7,1.1,3,14,217.02,2026-05-13 14:51:57,35.79485761680951
1507,8.32,4,1.0,5,0,55.21,2026-05-13 14:51:57,9.041840246332185
1508,104.88,1,1.8,5,2,165.73,2026-05-13 14:51:57,37.970192481747425
1509,22.23,8,1.6,5,10,96.93,2026-05-13 14:51:57,13.760445682451252
1510,96.93,10,1.7,4,4,213.31,2026-05-13 14:51:57,27.264544559561205
1511,52.4,9,1.4,0,14,135.45,2026-05-13 14:51:57,23.21151716500554
1512,114.98,3,1.8,4,3,199.79,2026-05-13 14:51:57,34.530256769608094
1513,117.58,3,1.7,2,20,201.8,2026-05-13 14:51:57,34.95936570862239
1514,145.01,7,1.6,4,9,242.0,2026-05-13 14:51:57,35.95289256198347
1515,76.17,3,1.3,1,21,133.95,2026-05-13 14:51:57,34.118701007838744
1516,22.15,2,1.6,5,16,72.19,2026-05-13 14:51:57,18.40975204321928
1517,127.63,10,1.7,2,20,245.21,2026-05-13 14:51:57,31.22955833775131
1518,90.82,5,1.8,5,9,178.11,2026-05-13 14:51:57,30.594576385379817
1519,56.2,3,1.9,0,0,114.46,2026-05-13 14:51:57,29.460073388083174
1520,9.13,5,1.7,6,18,76.89,2026-05-13 14:51:57,7.124463519313305
1521,56.9,6,1.8,1,22,131.34,2026-05-13 14:51:57,25.993604385564183
1522,88.73,3,1.2,3,19,155.79,2026-05-13 14:51:57,34.17292509146929
1523,21.63,8,1.8,0,18,114.6,2026-05-13 14:51:57,11.324607329842932
1524,23.14,9,1.4,5,6,105.17,2026-05-13 14:51:57,13.201483312731767
1525,49.66,9,1.4,1,6,140.65,2026-05-13 14:51:57,21.184500533238534
1526,63.9,7,1.8,5,10,145.7,2026-05-13 14:51:57,26.314344543582706
1527,46.4,1,1.3,5,11,96.42,2026-05-13 14:51:57,28.873677660236464
1528,18.01,1,1.9,0,2,62.0,2026-05-13 14:51:57,17.429032258064517
1529,74.17,7,1.5,1,6,156.14,2026-05-13 14:51:57,28.50134494684258
1530,53.11,3,1.2,2,22,104.91,2026-05-13 14:51:57,30.374606805833572
1531,83.3,5,1.4,2,22,158.86,2026-05-13 14:51:57,31.4616643585547
1532,116.6,8,1.3,6,2,213.43,2026-05-13 14:51:57,32.778897062268655
1533,47.63,8,1.7,1,2,128.27,2026-05-13 14:51:57,22.2795665393311
1534,89.55,1,1.1,6,14,129.92,2026-05-13 14:51:57,41.35621921182266
1535,17.83,4,2.0,2,13,77.58,2026-05-13 14:51:57,13.789636504253673
1536,89.65,6,1.9,5,20,169.73,2026-05-13 14:51:57,31.691510045366172
1537,99.17,6,1.8,2,1,195.74,2026-05-13 14:51:57,30.39848778992541
1538,24.22,9,1.6,5,19,112.42,2026-05-13 14:51:57,12.926525529265255
1539,128.03,3,1.6,4,14,201.58,2026-05-13 14:51:57,38.10794721698581
1540,102.18,6,2.0,1,15,205.23,2026-05-13 14:51:57,29.8728256102909
1541,51.25,6,1.6,3,10,130.66,2026-05-13 14:51:57,23.534363998163172
1542,140.61,8,1.9,4,18,250.33,2026-05-13 14:51:57,33.70191347421404
1543,20.25,1,1.9,6,21,76.2,2026-05-13 14:51:57,15.94488188976378
1544,57.08,6,1.3,0,21,133.9,2026-05-13 14:51:57,25.577296489917845
1545,124.03,10,1.8,3,0,248.77,2026-05-13 14:51:57,29.914378743417615
1546,38.48,4,1.0,0,2,96.23,2026-05-13 14:51:57,23.992517925802762
1547,34.53,8,1.8,3,8,117.05,2026-05-13 14:51:57,17.700128150363096
1548,37.97,4,1.1,3,20,86.6,2026-05-13 14:51:57,26.307159353348734
1549,58.01,1,1.8,6,18,119.83,2026-05-13 14:51:57,29.046148710673457
1550,70.8,7,1.1,1,6,158.97,2026-05-13 14:51:57,26.722023023211925
1551,115.72,2,1.5,3,13,175.55,2026-05-13 14:51:57,39.55112503560239
1552,55.52,7,1.9,4,9,143.53,2026-05-13 14:51:57,23.20908520866718
1553,41.24,10,1.6,3,1,138.35,2026-05-13 14:51:57,17.885074087459344
1554,67.85,8,1.1,1,23,159.09,2026-05-13 14:51:57,25.589289081651895
1555,17.66,8,1.1,2,4,92.94,2026-05-13 14:51:57,11.400903808908975
1556,117.66,4,1.8,6,20,210.03,2026-05-13 14:51:57,33.612341094129405
1557,140.95,1,1.7,4,6,209.16,2026-05-13 14:51:57,40.43316121629375
1558,84.15,7,1.2,3,12,166.51,2026-05-13 14:51:57,30.32250315296379
1559,57.87,7,1.0,0,6,140.47,2026-05-13 14:51:57,24.71844521961985
1560,88.21,10,1.2,1,16,196.45,2026-05-13 14:51:57,26.941206413845762
1561,93.18,5,1.8,5,10,169.59,2026-05-13 14:51:57,32.96656642490713
1562,8.85,1,1.2,3,21,45.93,2026-05-13 14:51:57,11.561071195297192
1563,140.65,7,1.3,2,17,240.51,2026-05-13 14:51:57,35.08793813147063
1564,128.39,2,1.8,4,17,208.85,2026-05-13 14:51:57,36.88484558295427
1565,104.88,1,1.3,3,15,169.35,2026-05-13 14:51:57,37.158547387068204
1566,56.94,10,1.1,6,10,146.11,2026-05-13 14:51:57,23.382383135993425
1567,44.56,9,1.5,0,20,142.41,2026-05-13 14:51:57,18.773962502633243
1568,16.31,4,1.8,6,5,79.0,2026-05-13 14:51:57,12.387341772151897
1569,39.03,7,1.6,0,18,113.82,2026-05-13 14:51:57,20.57459146020032
1570,129.89,3,1.3,2,0,202.34,2026-05-13 14:51:57,38.51635860432935
1571,33.18,5,2.0,2,15,105.4,2026-05-13 14:51:57,18.888045540796963
1572,109.64,7,1.3,6,0,207.1,2026-05-13 14:51:57,31.764365041042975
1573,95.31,6,1.8,1,3,179.81,2026-05-13 14:51:57,31.80357043545965
1574,103.9,3,1.7,0,6,167.04,2026-05-13 14:51:57,37.32040229885058
1575,37.09,2,1.6,6,16,83.18,2026-05-13 14:51:57,26.754027410435203
1576,50.14,3,1.7,4,1,112.52,2026-05-13 14:51:57,26.736580163526487
1577,29.07,10,1.5,6,18,125.5,2026-05-13 14:51:57,13.898007968127489
1578,138.2,2,1.2,2,19,197.79,2026-05-13 14:51:57,41.92325193386925
1579,124.37,5,1.9,1,2,212.48,2026-05-13 14:51:57,35.11954066265061
1580,53.08,9,1.2,0,1,144.96,2026-05-13 14:51:57,21.97019867549669
1581,73.09,5,1.3,2,6,152.59,2026-05-13 14:51:57,28.739760141555806
1582,36.21,10,1.3,1,7,122.46,2026-05-13 14:51:57,17.741303282704557
1583,43.02,1,1.2,1,6,94.26,2026-05-13 14:51:57,27.383831954169317
1584,60.18,5,1.7,2,11,136.68,2026-05-13 14:51:57,26.417910447761194
1585,91.89,6,1.8,4,16,173.99,2026-05-13 14:51:57,31.68802804758894
1586,32.3,4,1.9,6,17,103.03,2026-05-13 14:51:57,18.810055323692126
1587,9.23,6,1.6,0,15,70.05,2026-05-13 14:51:57,7.905781584582441
1588,35.68,7,1.4,4,12,106.0,2026-05-13 14:51:57,20.19622641509434
1589,6.3,4,1.1,5,6,54.3,2026-05-13 14:51:57,6.961325966850829
1591,118.65,5,1.8,2,19,202.12,2026-05-13 14:51:57,35.221650504650704
1592,59.89,7,1.1,3,21,133.37,2026-05-13 14:51:57,26.94309065007123
1593,102.35,8,1.3,4,23,200.14,2026-05-13 14:51:57,30.68352153492555
1594,56.24,6,1.1,1,15,134.89,2026-05-13 14:51:57,25.015938913188524
1595,38.7,4,1.6,4,11,101.26,2026-05-13 14:51:57,22.931068536440847
1596,39.92,6,1.7,3,21,110.87,2026-05-13 14:51:57,21.603679985568682
1597,29.8,4,1.9,3,11,89.54,2026-05-13 14:51:57,19.96872905963815
1598,17.75,7,1.7,3,15,93.41,2026-05-13 14:51:57,11.401348891981588
1599,14.34,9,1.7,2,13,110.33,2026-05-13 14:51:57,7.798422913078945
1600,110.84,2,1.9,1,23,177.67,2026-05-13 14:51:57,37.431192660550465
1601,43.29,2,1.9,0,12,97.35,2026-05-13 14:51:57,26.68104776579353
1602,90.36,3,1.1,5,7,156.2,2026-05-13 14:51:57,34.70934699103714
1603,89.21,10,1.8,3,19,197.99,2026-05-13 14:51:57,27.03469872215768
1604,122.25,3,1.1,1,4,195.17,2026-05-13 14:51:57,37.582620279756114
1605,98.23,5,1.4,2,9,172.76,2026-05-13 14:51:57,34.11553600370456
1606,82.52,10,1.3,6,5,179.19,2026-05-13 14:51:57,27.631006194542106
1607,145.68,5,1.7,3,21,232.59,2026-05-13 14:51:57,37.58029150006449
1608,76.22,6,1.5,5,16,161.22,2026-05-13 14:51:57,28.366207666542614
1609,20.23,3,1.8,2,15,85.33,2026-05-13 14:51:57,14.224774405250207
1610,53.52,9,1.7,4,14,145.1,2026-05-13 14:51:57,22.13094417643005
1611,67.95,5,1.5,4,14,151.19,2026-05-13 14:51:57,26.966069184469877
1612,135.33,4,1.7,4,19,222.78,2026-05-13 14:51:57,36.447616482628604
1613,56.6,8,1.5,3,13,146.2,2026-05-13 14:51:57,23.22845417236662
1614,74.62,5,1.6,3,6,149.45,2026-05-13 14:51:57,29.957845433255272
1615,133.28,9,1.8,0,19,246.0,2026-05-13 14:51:57,32.50731707317073
1616,44.92,7,2.0,5,5,139.37,2026-05-13 14:51:57,19.338451603644973
1617,47.4,9,1.2,5,4,140.27,2026-05-13 14:51:57,20.27518357453482
1618,132.82,1,1.3,5,15,185.22,2026-05-13 14:51:57,43.02559118885649
1619,91.53,3,1.9,2,15,174.78,2026-05-13 14:51:57,31.42121524201854
1620,75.4,1,2.0,4,7,145.33,2026-05-13 14:51:57,31.129154338402255
1621,81.09,7,1.1,4,13,169.95,2026-05-13 14:51:57,28.628420123565757
1622,19.31,9,1.8,0,12,104.61,2026-05-13 14:51:57,11.07542299971322
1623,56.94,10,1.0,0,6,150.09,2026-05-13 14:51:57,22.762342594443332
1624,56.66,8,1.1,1,10,138.66,2026-05-13 14:51:57,24.517524881003894
1625,80.62,7,1.3,4,19,155.17,2026-05-13 14:51:57,31.173551588580274
1626,10.44,9,1.1,5,4,95.19,2026-05-13 14:51:57,6.58052316419792
1627,104.01,8,2.0,1,21,215.51,2026-05-13 14:51:57,28.9573569671941
1628,99.22,9,1.3,4,15,190.21,2026-05-13 14:51:57,31.298039009515797
1629,56.68,8,1.9,4,8,150.93,2026-05-13 14:51:57,22.532299741602063
1630,128.95,10,1.8,6,3,247.35,2026-05-13 14:51:57,31.279563371740448
1631,26.82,4,1.7,5,16,84.79,2026-05-13 14:51:57,18.978653143059322
1632,135.86,6,1.4,1,3,217.26,2026-05-13 14:51:57,37.52002209334439
1633,28.39,7,2.0,6,21,119.96,2026-05-13 14:51:57,14.199733244414807
1634,114.6,5,1.5,0,3,206.18,2026-05-13 14:51:57,33.34950043651178
1635,56.54,8,1.9,6,19,151.45,2026-05-13 14:51:57,22.39947177286233
1636,38.18,10,2.0,0,15,140.9,2026-05-13 14:51:57,16.258339247693396
1637,91.18,8,1.1,3,14,187.98,2026-05-13 14:51:57,29.103096074050434
1638,60.76,8,1.6,5,5,144.87,2026-05-13 14:51:57,25.164630358252225
1639,16.93,2,1.5,3,18,62.34,2026-05-13 14:51:57,16.294513955726657
1640,53.0,10,2.0,4,11,150.18,2026-05-13 14:51:57,21.174590491410306
1641,107.29,10,2.0,6,9,215.28,2026-05-13 14:51:57,29.902452619843924
1642,131.32,8,1.4,3,9,237.31,2026-05-13 14:51:57,33.20214065989634
1643,125.97,5,1.5,3,13,202.42,2026-05-13 14:51:57,37.339195731647074
1644,138.98,2,1.2,2,17,204.55,2026-05-13 14:51:57,40.766560743094594
1645,141.72,2,1.9,2,13,221.11,2026-05-13 14:51:57,38.45687666772194
1646,81.59,4,1.9,6,18,159.24,2026-05-13 14:51:57,30.74227581009796
1647,50.29,10,1.7,1,22,150.94,2026-05-13 14:51:57,19.990724791307805
1648,60.76,5,1.9,0,14,147.63,2026-05-13 14:51:57,24.694167852062588
1649,52.96,7,1.9,4,3,132.61,2026-05-13 14:51:57,23.961993816454264
1650,29.49,9,1.5,4,23,116.9,2026-05-13 14:51:57,15.13601368691189
1651,145.93,8,1.8,2,19,254.86,2026-05-13 14:51:57,34.35533233932355
1652,36.31,6,1.3,5,10,111.21,2026-05-13 14:51:57,19.589964931211224
1653,39.01,6,1.5,5,3,103.44,2026-05-13 14:51:57,22.627610208816705
1654,54.22,8,1.7,4,13,137.33,2026-05-13 14:51:57,23.688924488458454
1655,62.5,2,1.7,1,20,112.88,2026-05-13 14:51:57,33.22111977321049
1656,66.1,5,1.6,6,18,132.07,2026-05-13 14:51:57,30.029529794805786
1657,126.49,7,1.4,5,20,214.49,2026-05-13 14:51:57,35.38346776073477
1658,90.68,2,1.3,1,0,140.53,2026-05-13 14:51:57,38.7162883370099
1659,135.48,5,2.0,2,18,231.91,2026-05-13 14:51:57,35.05152861023673
1660,68.52,6,1.8,6,21,142.81,2026-05-13 14:51:57,28.787900007002307
1661,136.29,8,1.5,0,10,240.47,2026-05-13 14:51:57,34.00590510250759
1662,51.45,8,1.2,2,0,136.7,2026-05-13 14:51:57,22.58229700073153
1663,145.08,8,1.2,0,21,249.52,2026-05-13 14:51:57,34.886181468419366
1664,139.41,6,2.0,0,4,232.64,2026-05-13 14:51:57,35.95512379642366
1665,108.6,3,1.0,4,21,168.95,2026-05-13 14:51:57,38.56762355726546
1666,110.36,10,1.7,1,19,226.33,2026-05-13 14:51:57,29.256395528652853
1667,52.02,9,1.7,2,23,149.69,2026-05-13 14:51:57,20.85109225733182
1668,101.31,2,2.0,6,4,171.07,2026-05-13 14:51:57,35.532822821067406
1669,60.17,1,1.2,2,19,100.04,2026-05-13 14:51:57,36.0875649740104
1670,123.31,7,1.8,1,16,214.7,2026-05-13 14:51:57,34.46017699115045
1671,55.8,1,1.1,5,12,97.53,2026-05-13 14:51:57,34.32789910796678
1672,116.59,5,1.6,3,1,199.67,2026-05-13 14:51:57,35.034807432263236
1673,6.29,1,1.4,0,4,53.52,2026-05-13 14:51:57,7.051569506726457
1674,28.91,9,1.7,2,21,125.03,2026-05-13 14:51:57,13.873470367111894
1675,12.77,4,1.2,5,5,61.24,2026-05-13 14:51:57,12.511430437622469
1676,144.01,4,1.9,3,10,225.6,2026-05-13 14:51:57,38.30053191489362
1677,37.9,9,1.9,6,13,135.66,2026-05-13 14:51:57,16.7624944714728
1678,127.26,6,1.2,5,5,205.66,2026-05-13 14:51:57,37.12729748127978
1679,8.13,6,1.2,3,18,71.15,2026-05-13 14:51:57,6.855938158819395
1680,14.76,5,1.5,0,14,71.52,2026-05-13 14:51:57,12.38255033557047
1681,7.84,7,1.3,3,6,78.99,2026-05-13 14:51:57,5.955184200531713
1682,57.1,9,1.6,1,19,147.81,2026-05-13 14:51:57,23.178404708747713
1683,43.22,5,1.2,5,14,108.75,2026-05-13 14:51:57,23.84551724137931
1684,94.12,7,1.9,0,17,184.77,2026-05-13 14:51:57,30.563403149861987
1685,149.61,1,1.7,6,7,224.35,2026-05-13 14:51:57,40.011589034989974
1686,63.88,7,1.5,1,11,149.32,2026-05-13 14:51:57,25.66836324671846
1687,137.25,6,1.7,4,14,236.29,2026-05-13 14:51:57,34.85124211773668
1688,25.96,1,1.9,1,19,65.62,2026-05-13 14:51:57,23.736665650716244
1689,12.16,8,1.5,3,5,84.42,2026-05-13 14:51:57,8.642501776830136
1690,71.1,9,1.5,2,6,160.52,2026-05-13 14:51:57,26.576127585347617
1691,137.15,8,1.0,1,13,223.94,2026-05-13 14:51:57,36.74644994194874
1692,6.51,2,1.9,5,3,66.4,2026-05-13 14:51:57,5.882530120481928
1693,30.39,3,1.7,5,13,84.5,2026-05-13 14:51:57,21.57869822485207
1694,136.94,7,1.2,4,6,231.28,2026-05-13 14:51:57,35.52576962988585
1695,63.27,9,1.8,1,18,170.26,2026-05-13 14:51:57,22.296487724656412
1696,106.05,10,1.7,3,2,220.17,2026-05-13 14:51:57,28.90039514920289
1697,123.6,6,1.6,2,13,222.86,2026-05-13 14:51:57,33.27649645517365
1698,41.51,4,1.6,6,23,109.39,2026-05-13 14:51:57,22.76807752079715
1699,101.03,4,1.5,1,20,170.3,2026-05-13 14:51:57,35.59483264826776
1700,18.82,1,1.2,6,18,55.94,2026-05-13 14:51:57,20.18591347872721
1701,142.48,10,1.5,4,3,258.45,2026-05-13 14:51:57,33.07719094602437
1702,133.62,10,1.6,1,0,258.2,2026-05-13 14:51:57,31.050348567002327
1703,101.62,3,1.8,4,3,184.56,2026-05-13 14:51:57,33.03641092327698
1704,116.39,4,1.2,4,14,191.46,2026-05-13 14:51:57,36.47445941711062
1705,78.57,10,1.8,6,0,189.84,2026-05-13 14:51:57,24.832490518331223
1706,27.93,5,1.4,0,18,94.88,2026-05-13 14:51:57,17.66231028667791
1707,124.57,7,1.3,6,6,224.85,2026-05-13 14:51:57,33.24082721814543
1708,147.12,8,1.2,2,16,253.76,2026-05-13 14:51:57,34.78562421185372
1709,127.13,2,1.1,1,3,188.84,2026-05-13 14:51:57,40.39292522770599
1710,92.68,4,1.6,3,14,163.9,2026-05-13 14:51:57,33.92800488102502
1711,117.43,8,1.9,3,2,223.73,2026-05-13 14:51:57,31.492423903812632
1712,114.55,7,1.2,1,14,212.47,2026-05-13 14:51:57,32.34809620181672
1713,16.54,4,1.1,3,20,65.19,2026-05-13 14:51:57,15.223193741371375
1714,93.73,1,1.2,4,16,151.16,2026-05-13 14:51:57,37.20428684837258
1715,39.58,7,1.6,0,17,120.9,2026-05-13 14:51:57,19.642679900744415
1716,67.88,8,1.5,2,23,148.13,2026-05-13 14:51:57,27.49476810909336
1717,7.98,5,1.5,5,6,68.74,2026-05-13 14:51:57,6.965376782077394
1718,91.93,6,1.4,0,14,183.04,2026-05-13 14:51:57,30.134396853146857
1719,13.87,2,1.6,1,9,62.74,2026-05-13 14:51:57,13.26426522154925
1720,32.87,9,1.1,1,14,115.25,2026-05-13 14:51:57,17.11236442516269
1721,29.56,4,2.0,4,18,102.57,2026-05-13 14:51:57,17.291605732670373
1722,69.59,1,1.1,5,20,113.71,2026-05-13 14:51:57,36.71972561779967
1723,29.33,10,1.1,4,20,107.47,2026-05-13 14:51:57,16.37480227040104
1724,18.82,3,1.5,4,11,78.55,2026-05-13 14:51:57,14.375556970082751
1725,11.63,8,1.5,4,18,93.51,2026-05-13 14:51:57,7.462303496952198
1726,81.5,7,1.2,5,14,157.48,2026-05-13 14:51:57,31.051562103124205
1727,36.65,9,1.5,3,2,132.4,2026-05-13 14:51:57,16.608761329305135
1728,146.19,10,1.2,6,9,267.21,2026-05-13 14:51:57,32.82586729538565
1729,108.05,3,1.6,1,1,180.78,2026-05-13 14:51:57,35.86126783936276
1730,57.6,3,1.1,5,1,108.94,2026-05-13 14:51:57,31.723884707178268
1731,44.68,6,1.4,4,21,126.89,2026-05-13 14:51:57,21.12696035936638
1732,48.74,2,1.7,0,10,101.44,2026-05-13 14:51:57,28.828864353312305
1733,111.13,9,1.9,2,18,226.73,2026-05-13 14:51:57,29.408547611696733
1734,58.56,8,1.5,4,16,153.47,2026-05-13 14:51:57,22.894376751156578
1735,129.75,2,1.2,2,19,186.69,2026-05-13 14:51:57,41.70014462477905
1736,48.75,9,1.8,3,2,153.05,2026-05-13 14:51:57,19.111401502776868
1737,8.13,3,1.4,4,3,67.23,2026-05-13 14:51:57,7.255689424364124
1738,11.41,2,1.6,3,20,52.28,2026-05-13 14:51:57,13.094873756694719
1739,65.41,10,1.1,5,4,154.41,2026-05-13 14:51:57,25.416747619972796
1740,83.39,5,1.3,2,15,164.99,2026-05-13 14:51:57,30.32547427116795
1741,125.19,5,2.0,0,7,217.96,2026-05-13 14:51:57,34.4622866581024
1742,41.62,7,1.2,1,22,109.22,2026-05-13 14:51:57,22.863944332539827
1743,144.77,1,1.8,6,4,216.07,2026-05-13 14:51:57,40.20086083213774
1744,90.3,3,1.1,4,5,147.18,2026-05-13 14:51:57,36.8120668569099
1745,122.6,7,1.5,5,7,227.18,2026-05-13 14:51:57,32.37961088123954
1746,34.08,7,1.0,2,1,112.59,2026-05-13 14:51:57,18.161470823341325
1747,118.14,3,1.4,2,22,189.41,2026-05-13 14:51:57,37.423578480544855
1748,79.73,3,2.0,6,7,151.86,2026-05-13 14:51:57,31.50138285262742
1749,120.13,9,1.8,4,9,224.42,2026-05-13 14:51:57,32.11745833704661
1750,121.98,5,1.4,3,8,195.54,2026-05-13 14:51:57,37.428659097882786
1751,111.8,6,1.6,4,22,200.68,2026-05-13 14:51:57,33.42635040861072
1752,48.18,5,1.2,4,16,119.36,2026-05-13 14:51:57,24.219168900804288
1753,104.2,7,1.4,3,11,186.1,2026-05-13 14:51:57,33.594841483073616
1754,62.59,2,1.4,3,0,117.77,2026-05-13 14:51:57,31.887577481531803
1755,139.6,2,1.7,5,3,216.79,2026-05-13 14:51:57,38.63646847179298
1756,124.51,8,1.7,6,21,220.34,2026-05-13 14:51:57,33.90487428519561
1757,58.29,3,1.3,2,10,115.02,2026-05-13 14:51:57,30.406885758998435
1758,79.97,5,1.7,6,1,161.93,2026-05-13 14:51:57,29.631322176248997
1759,138.79,10,1.4,2,20,261.79,2026-05-13 14:51:57,31.80946560220023
1760,16.46,9,1.8,4,12,103.45,2026-05-13 14:51:57,9.546640889318512
1761,57.49,3,1.3,0,0,124.35,2026-05-13 14:51:57,27.739445114595902
1762,76.16,10,1.9,2,23,186.65,2026-05-13 14:51:57,24.4821859094562
1763,120.41,3,1.3,5,3,191.72,2026-05-13 14:51:57,37.683079490924264
1764,123.11,6,2.0,0,20,226.32,2026-05-13 14:51:57,32.63785790031814
1765,135.31,8,1.3,0,1,234.06,2026-05-13 14:51:57,34.68597795437067
1766,11.1,5,1.9,4,5,82.13,2026-05-13 14:51:57,8.10909533666139
1767,67.67,1,1.0,0,23,117.14,2026-05-13 14:51:57,34.66108929486085
1768,118.26,8,1.6,1,17,223.92,2026-05-13 14:51:57,31.68810289389068
1769,97.14,5,1.2,5,19,167.81,2026-05-13 14:51:57,34.732137536499614
1770,101.14,10,1.7,5,3,202.56,2026-05-13 14:51:57,29.958530805687204
1771,148.8,4,1.9,5,13,236.73,2026-05-13 14:51:57,37.71385122291218
1772,102.7,3,1.3,3,2,161.82,2026-05-13 14:51:57,38.079347423062664
1773,74.57,8,1.4,3,3,159.95,2026-05-13 14:51:57,27.972491403563613
1774,49.39,5,1.6,6,21,112.48,2026-05-13 14:51:57,26.34601706970128
1775,57.08,7,1.6,6,15,131.08,2026-05-13 14:51:57,26.127555691180955
1776,83.13,9,1.2,4,22,183.0,2026-05-13 14:51:57,27.255737704918033
1777,41.03,10,1.1,4,9,132.69,2026-05-13 14:51:57,18.55301831336197
1778,34.28,3,1.3,1,17,95.73,2026-05-13 14:51:57,21.48542776559072
1779,140.51,4,1.5,3,4,224.74,2026-05-13 14:51:57,37.51268132063718
1780,125.37,5,1.3,5,11,214.07,2026-05-13 14:51:57,35.138973233054614
1781,148.37,6,1.3,2,21,243.49,2026-05-13 14:51:57,36.56084438785987
1782,77.15,7,1.9,4,4,172.18,2026-05-13 14:51:57,26.884655592984085
1783,87.31,7,1.7,5,15,183.51,2026-05-13 14:51:57,28.546673205819847
1784,67.12,7,1.5,1,18,157.08,2026-05-13 14:51:57,25.63789152024446
1785,10.23,9,1.1,1,11,97.78,2026-05-13 14:51:57,6.277357332787892
1786,75.0,5,2.0,2,11,150.31,2026-05-13 14:51:57,29.938127869070588
1787,131.48,2,1.3,5,21,190.46,2026-05-13 14:51:57,41.41972067625748
1788,39.21,10,1.7,0,7,139.76,2026-05-13 14:51:57,16.833142530051518
1789,88.89,8,1.1,5,0,185.93,2026-05-13 14:51:57,28.684988974345185
1790,69.92,10,1.5,0,19,172.22,2026-05-13 14:51:57,24.359540123098363
1791,147.47,6,1.7,5,20,249.75,2026-05-13 14:51:57,35.42822822822823
1792,60.26,10,1.8,5,2,168.08,2026-05-13 14:51:57,21.511185149928604
1793,75.04,9,1.4,3,19,163.94,2026-05-13 14:51:57,27.463706233988045
1794,137.24,6,1.1,2,10,233.26,2026-05-13 14:51:57,35.30138043385064
1795,19.35,4,1.0,1,8,75.82,2026-05-13 14:51:57,15.312582432075972
1796,141.64,10,1.3,5,23,253.18,2026-05-13 14:51:57,33.56663243542143
1797,85.0,8,1.7,2,19,190.75,2026-05-13 14:51:57,26.73656618610747
1798,66.56,3,1.7,1,7,129.19,2026-05-13 14:51:57,30.912609335087858
1799,143.83,5,1.8,6,15,241.8,2026-05-13 14:51:57,35.68982630272953
1800,40.94,3,1.0,0,15,97.12,2026-05-13 14:51:57,25.292421746293243
1801,9.82,8,1.0,1,5,74.39,2026-05-13 14:51:57,7.920419411211184
1802,58.68,4,2.0,1,4,136.45,2026-05-13 14:51:57,25.802858189813122
1803,35.75,6,1.3,6,10,106.29,2026-05-13 14:51:57,20.18063787750494
1804,110.35,2,1.8,3,3,186.71,2026-05-13 14:51:57,35.46141074393444
1805,17.77,6,1.8,6,2,83.52,2026-05-13 14:51:57,12.76580459770115
1807,47.59,9,1.5,6,17,137.8,2026-05-13 14:51:57,20.72133526850508
1808,46.45,10,1.0,3,20,132.09,2026-05-13 14:51:57,21.099250511015217
1809,147.29,9,1.5,4,23,251.07,2026-05-13 14:51:57,35.19894850041821
1810,76.68,9,1.2,0,19,160.39,2026-05-13 14:51:57,28.685080117214294
1811,80.91,6,1.6,3,20,160.24,2026-05-13 14:51:57,30.295806290564148
1812,39.96,3,1.6,1,15,100.3,2026-05-13 14:51:57,23.904287138584248
1813,84.93,6,1.8,5,9,163.72,2026-05-13 14:51:57,31.12509161983875
1814,69.33,10,1.0,1,22,154.83,2026-05-13 14:51:57,26.866886262352253
1815,8.25,6,1.5,2,23,74.02,2026-05-13 14:51:57,6.687381788705755
1816,120.32,7,1.1,4,8,218.13,2026-05-13 14:51:57,33.09586026681337
1817,69.16,6,1.8,2,5,158.33,2026-05-13 14:51:57,26.2085517589844
1818,59.35,10,1.6,0,15,165.51,2026-05-13 14:51:57,21.515316295087914
1819,136.53,1,1.7,5,8,196.98,2026-05-13 14:51:57,41.58696314346634
1820,75.22,1,1.1,0,0,122.41,2026-05-13 14:51:57,36.869536802548815
1821,84.75,8,1.5,0,5,180.38,2026-05-13 14:51:57,28.190486750194037
1822,124.24,9,1.1,3,17,219.02,2026-05-13 14:51:57,34.035247922564146
1823,104.54,6,1.1,6,17,188.3,2026-05-13 14:51:57,33.310674455655864
1824,102.37,1,1.3,5,0,164.46,2026-05-13 14:51:57,37.34768332725283
1825,110.61,10,1.8,1,12,221.44,2026-05-13 14:51:57,29.970195086705203
1826,21.04,2,1.1,5,3,67.57,2026-05-13 14:51:57,18.682847417492972
1827,98.2,2,1.3,1,18,150.09,2026-05-13 14:51:57,39.256446132320605
1828,107.43,6,1.4,6,17,201.43,2026-05-13 14:51:57,32.00019858015192
1829,102.68,1,1.5,4,0,152.3,2026-05-13 14:51:57,40.45173998686802
1830,89.25,8,1.7,1,23,191.33,2026-05-13 14:51:57,27.988292478963047
1831,11.54,7,1.2,5,6,82.92,2026-05-13 14:51:57,8.350217076700433
1832,137.58,1,1.5,3,7,195.84,2026-05-13 14:51:57,42.150735294117645
1833,52.22,3,1.3,5,14,114.43,2026-05-13 14:51:57,27.380931573887967
1834,30.11,4,1.3,3,8,81.51,2026-05-13 14:51:57,22.164151637835847
1835,26.66,4,1.4,3,12,88.03,2026-05-13 14:51:57,18.171078041576735
1836,62.14,1,1.4,2,3,118.32,2026-05-13 14:51:57,31.511156186612578
1837,134.39,5,1.3,0,18,220.84,2026-05-13 14:51:57,36.51240717261365
1838,100.68,8,1.6,6,3,191.38,2026-05-13 14:51:57,31.5644267948584
1839,9.73,7,1.3,3,17,84.6,2026-05-13 14:51:57,6.9007092198581566
1840,137.81,10,1.7,2,20,248.7,2026-05-13 14:51:57,33.24728588661038
1841,66.03,5,1.1,6,21,131.0,2026-05-13 14:51:57,30.242748091603058
1842,94.23,3,1.4,3,15,158.3,2026-05-13 14:51:57,35.71572962728995
1843,53.48,2,1.8,1,14,104.97,2026-05-13 14:51:57,30.568733923978275
1844,115.28,8,1.8,0,8,219.79,2026-05-13 14:51:57,31.470039583238545
1845,10.4,10,1.5,5,10,107.37,2026-05-13 14:51:57,5.811679240011176
1846,116.58,5,1.9,4,7,197.93,2026-05-13 14:51:57,35.339766584145906
1847,51.95,10,1.0,0,2,138.17,2026-05-13 14:51:57,22.55916624448144
1848,50.47,9,1.8,0,17,148.41,2026-05-13 14:51:57,20.40428542551041
1849,104.95,2,1.7,2,19,167.29,2026-05-13 14:51:57,37.641221830354475
1850,26.54,5,1.9,2,21,91.08,2026-05-13 14:51:57,17.483530961791832
1851,140.7,1,1.1,0,21,204.33,2026-05-13 14:51:57,41.315519013360735
1852,117.77,4,1.3,6,13,202.28,2026-05-13 14:51:57,34.93276646232945
1853,63.87,6,1.2,3,14,138.3,2026-05-13 14:51:57,27.70932754880694
1854,127.23,9,1.3,2,6,228.75,2026-05-13 14:51:57,33.371803278688525
1855,126.96,10,1.9,6,14,241.2,2026-05-13 14:51:57,31.58208955223881
1856,104.98,9,1.8,4,14,216.29,2026-05-13 14:51:57,29.122012113366317
1857,14.39,7,1.2,5,17,91.74,2026-05-13 14:51:57,9.411379986919556
1858,71.8,10,1.6,2,21,175.62,2026-05-13 14:51:57,24.530235736248716
1859,127.37,2,1.6,5,12,204.18,2026-05-13 14:51:57,37.42873934763444
1860,53.31,1,1.8,3,7,116.17,2026-05-13 14:51:57,27.53378669191702
1861,98.26,7,1.3,5,21,186.23,2026-05-13 14:51:57,31.657627664715676
1862,10.17,7,1.6,6,7,90.74,2026-05-13 14:51:57,6.724707956799647
1863,62.01,5,1.4,1,9,142.46,2026-05-13 14:51:57,26.116804717113574
1864,129.26,2,1.1,6,0,200.89,2026-05-13 14:51:57,38.60620239932302
1865,71.25,6,1.9,1,22,164.74,2026-05-13 14:51:57,25.949981789486465
1866,97.2,7,1.7,4,5,195.88,2026-05-13 14:51:57,29.773330610577908
1867,54.46,2,1.6,1,0,108.2,2026-05-13 14:51:57,30.199630314232902
1868,59.46,5,1.5,4,13,138.18,2026-05-13 14:51:57,25.81849761181068
1869,99.93,3,1.1,5,16,158.83,2026-05-13 14:51:57,37.74979537870679
1870,14.11,9,1.8,3,17,98.17,2026-05-13 14:51:57,8.623815829683203
1871,39.2,3,1.6,6,16,92.9,2026-05-13 14:51:57,25.317545748116256
1872,54.87,7,1.7,3,4,149.61,2026-05-13 14:51:57,22.005213555243632
1873,117.67,9,1.9,4,17,225.86,2026-05-13 14:51:57,31.259187107057468
1874,146.82,6,1.7,6,0,253.46,2026-05-13 14:51:57,34.755780004734476
1875,119.39,5,1.7,5,13,204.7,2026-05-13 14:51:57,34.994626282364436
1876,92.65,4,1.5,1,15,172.85,2026-05-13 14:51:57,32.16083309227654
1877,59.86,3,1.9,4,18,134.08,2026-05-13 14:51:57,26.78699284009546
1878,66.05,6,1.9,5,0,150.42,2026-05-13 14:51:57,26.346230554447548
1879,90.69,2,1.2,3,6,149.77,2026-05-13 14:51:57,36.33170861988382
1880,39.3,7,1.6,6,1,110.79,2026-05-13 14:51:57,21.283509341998375
1881,16.36,9,2.0,5,18,103.88,2026-05-13 14:51:57,9.449364651520986
1882,149.38,1,1.5,0,21,220.07,2026-05-13 14:51:57,40.72704139591948
1883,15.88,7,1.8,6,13,95.09,2026-05-13 14:51:57,10.019981070564729
1884,145.74,6,1.2,3,13,240.69,2026-05-13 14:51:57,36.330549669699614
1885,82.68,9,1.2,5,13,186.44,2026-05-13 14:51:57,26.60802402917829
1886,35.68,3,1.2,1,9,86.27,2026-05-13 14:51:57,24.81511533557436
1887,133.17,10,1.6,1,15,241.38,2026-05-13 14:51:57,33.10216256524981
1888,72.81,8,1.7,2,13,161.71,2026-05-13 14:51:57,27.015026900006184
1889,102.34,8,1.3,0,14,196.71,2026-05-13 14:51:57,31.21549489095623
1890,97.77,8,1.5,5,8,191.0,2026-05-13 14:51:57,30.713089005235602
1891,100.05,5,1.8,4,10,177.26,2026-05-13 14:51:57,33.86550829290308
1892,35.45,5,1.3,5,11,97.98,2026-05-13 14:51:57,21.708511941212493
1893,88.47,8,2.0,0,7,182.26,2026-05-13 14:51:57,29.12432788324372
1894,85.2,9,1.6,3,22,185.99,2026-05-13 14:51:57,27.485348674659924
1895,119.05,10,1.2,0,1,230.82,2026-05-13 14:51:57,30.946191837795684
1896,109.81,9,1.3,5,8,216.83,2026-05-13 14:51:57,30.386016695106765
1897,58.72,4,2.0,3,5,133.47,2026-05-13 14:51:57,26.39694313328838
1898,85.34,7,1.9,1,7,184.71,2026-05-13 14:51:57,27.721292837420823
1899,135.47,1,1.9,4,16,201.76,2026-05-13 14:51:57,40.28647898493259
1900,87.48,8,1.8,3,10,184.38,2026-05-13 14:51:57,28.46729580214774
1901,104.67,2,1.4,1,21,168.64,2026-05-13 14:51:57,37.24027514231499
1902,92.09,6,1.9,0,0,176.89,2026-05-13 14:51:57,31.23636158064334
1903,22.77,10,1.7,6,19,112.24,2026-05-13 14:51:57,12.172131147540984
1904,82.76,4,1.8,4,8,158.87,2026-05-13 14:51:57,31.255743689809282
1905,18.7,9,1.6,6,14,98.52,2026-05-13 14:51:57,11.38855054811206
1906,37.06,8,1.8,3,11,118.14,2026-05-13 14:51:57,18.82173692229558
1907,148.33,3,1.5,2,11,223.14,2026-05-13 14:51:57,39.88437752083894
1908,117.29,1,1.3,5,14,167.44,2026-05-13 14:51:57,42.02938365981844
1909,114.86,3,1.6,4,17,195.88,2026-05-13 14:51:57,35.18276495813764
1910,141.06,4,1.4,2,14,223.27,2026-05-13 14:51:57,37.907466296412416
1911,35.68,7,1.1,4,1,103.62,2026-05-13 14:51:57,20.660104226983208
1912,42.91,4,1.5,1,20,103.16,2026-05-13 14:51:57,24.95734780922838
1913,91.92,2,1.4,5,2,157.39,2026-05-13 14:51:57,35.04161636698647
1914,11.73,7,1.5,3,23,79.08,2026-05-13 14:51:57,8.899848254931715
1915,122.12,6,1.0,6,10,202.98,2026-05-13 14:51:57,36.09813774756134
1916,60.25,8,1.2,3,7,138.3,2026-05-13 14:51:57,26.138828633405637
1917,147.43,1,1.0,4,0,210.18,2026-05-13 14:51:57,42.086782757636314
1918,39.31,6,1.3,1,16,106.14,2026-05-13 14:51:57,22.221594120972302
1919,82.54,5,1.6,4,6,154.54,2026-05-13 14:51:57,32.046072214313455
1920,81.13,4,1.5,0,17,159.42,2026-05-13 14:51:57,30.534437335340613
1921,92.97,2,1.9,6,8,167.89,2026-05-13 14:51:57,33.22532610637918
1922,48.68,6,1.4,6,6,121.27,2026-05-13 14:51:57,24.085099365053185
1924,78.34,1,1.5,1,10,130.52,2026-05-13 14:51:57,36.012871590560835
1925,54.68,9,1.6,3,7,139.69,2026-05-13 14:51:57,23.486291073090413
1926,142.25,3,1.1,4,18,221.02,2026-05-13 14:51:57,38.61641480409013
1927,6.26,5,1.2,2,20,59.88,2026-05-13 14:51:57,6.27254509018036
1928,100.24,1,1.4,5,12,162.62,2026-05-13 14:51:57,36.98438076497356
1929,144.65,6,1.3,3,4,229.99,2026-05-13 14:51:57,37.73642332275317
1930,147.57,1,1.9,6,19,230.08,2026-05-13 14:51:57,38.48313630041724
1931,49.45,9,1.2,0,21,139.75,2026-05-13 14:51:57,21.230769230769234
1932,106.06,8,1.0,2,11,190.93,2026-05-13 14:51:57,33.329492484156496
1933,55.12,2,1.6,6,8,103.76,2026-05-13 14:51:57,31.87355435620663
1934,23.73,7,1.8,0,10,103.83,2026-05-13 14:51:57,13.712799768852934
1935,105.01,8,1.6,5,9,198.88,2026-05-13 14:51:57,31.680410297666935
1936,57.58,7,1.6,4,2,134.79,2026-05-13 14:51:57,25.6309815268195
1937,147.2,5,1.5,4,3,244.4,2026-05-13 14:51:57,36.13747954173486
1938,71.67,8,1.1,2,4,162.17,2026-05-13 14:51:57,26.516618363445772
1939,123.33,9,1.4,1,20,226.24,2026-05-13 14:51:57,32.707743988684584
1940,40.68,5,1.5,6,0,101.97,2026-05-13 14:51:57,23.936451897616944
1941,98.5,10,1.3,2,14,210.3,2026-05-13 14:51:57,28.10271041369472
1942,13.01,10,1.8,2,1,110.89,2026-05-13 14:51:57,7.039408422761294
1943,48.78,2,1.8,1,5,98.14,2026-05-13 14:51:57,29.82270226207459
1944,50.22,10,1.3,5,1,149.24,2026-05-13 14:51:57,20.190297507370676
1945,22.49,3,1.3,6,14,68.32,2026-05-13 14:51:57,19.751170960187356
1946,79.78,10,1.2,3,0,186.73,2026-05-13 14:51:57,25.634873882075727
1947,113.22,9,1.9,1,15,215.62,2026-05-13 14:51:57,31.505426212781746
1948,11.07,10,1.3,4,11,106.71,2026-05-13 14:51:57,6.2243463592915385
1949,120.2,3,1.4,6,0,189.13,2026-05-13 14:51:57,38.13250145402633
1950,103.49,6,1.8,6,1,196.71,2026-05-13 14:51:57,31.566265060240962
1951,28.6,8,1.7,4,14,110.28,2026-05-13 14:51:57,15.560391730141458
1952,47.88,9,1.9,0,2,149.69,2026-05-13 14:51:57,19.191662769724097
1954,89.94,1,1.1,4,22,143.13,2026-05-13 14:51:57,37.70278767553972
1955,62.91,2,2.0,4,9,131.82,2026-05-13 14:51:57,28.634501593081474
1956,123.91,8,2.0,5,19,230.47,2026-05-13 14:51:57,32.25842842886276
1957,76.87,1,1.9,5,4,143.36,2026-05-13 14:51:57,32.17215401785714
1958,115.9,1,1.1,5,17,162.5,2026-05-13 14:51:57,42.793846153846154
1959,30.66,3,1.7,1,20,90.74,2026-05-13 14:51:57,20.27330835353758
1960,24.88,10,1.4,2,17,112.37,2026-05-13 14:51:57,13.284684524339236
1961,37.57,4,1.3,2,6,101.09,2026-05-13 14:51:57,22.29894153724404
1962,146.06,8,1.8,3,6,249.37,2026-05-13 14:51:57,35.14296025985484
1963,116.8,4,1.8,0,5,198.61,2026-05-13 14:51:57,35.285232364936306
1964,57.27,9,1.4,3,0,148.72,2026-05-13 14:51:57,23.105164066702528
1965,114.8,5,1.4,0,7,201.3,2026-05-13 14:51:57,34.21758569299553
1966,129.33,5,1.9,2,3,219.97,2026-05-13 14:51:57,35.27662863117698
1967,54.37,6,1.2,6,11,135.4,2026-05-13 14:51:57,24.0930576070901
1968,87.2,6,1.9,3,18,167.49,2026-05-13 14:51:57,31.23768583198997
1969,147.42,3,1.3,4,15,215.68,2026-05-13 14:51:57,41.010756676557854
1970,97.49,3,1.1,6,9,166.99,2026-05-13 14:51:57,35.02844481705491
1971,138.87,8,1.2,3,5,236.99,2026-05-13 14:51:57,35.15844550402971
1972,34.51,9,1.8,6,15,132.81,2026-05-13 14:51:57,15.590693471877115
1973,31.1,7,1.4,1,13,107.94,2026-05-13 14:51:57,17.28738187882157
1974,101.31,9,1.0,0,2,189.74,2026-05-13 14:51:57,32.03647096026141
1975,28.77,2,2.0,3,13,84.61,2026-05-13 14:51:57,20.401843753693417
1976,70.99,7,1.8,6,13,154.7,2026-05-13 14:51:57,27.533290239172594
1977,39.39,8,1.7,3,19,118.23,2026-05-13 14:51:57,19.98985029180411
1978,49.64,1,1.4,0,1,87.73,2026-05-13 14:51:57,33.94961814658611
1979,15.0,7,1.9,6,15,102.41,2026-05-13 14:51:57,8.788204276926082
1980,67.98,2,1.3,5,12,112.26,2026-05-13 14:51:57,36.33351149118119
1981,143.37,4,1.4,0,23,229.07,2026-05-13 14:51:57,37.55271314445366
1982,8.08,1,1.5,4,15,57.27,2026-05-13 14:51:57,8.465165007857516
1983,46.1,3,1.4,5,16,95.75,2026-05-13 14:51:57,28.887728459530024
1984,86.02,2,1.4,6,20,154.88,2026-05-13 14:51:57,33.32386363636363
1985,133.01,6,1.3,1,6,221.94,2026-05-13 14:51:57,35.95836712625034
1986,77.33,1,1.9,5,3,142.98,2026-05-13 14:51:57,32.4506924045321
1987,72.63,1,1.4,1,1,129.51,2026-05-13 14:51:57,33.64836692147325
1988,19.8,3,1.2,2,7,68.42,2026-05-13 14:51:57,17.363344051446944
1989,126.43,8,1.3,0,22,226.68,2026-05-13 14:51:57,33.4647961884595
1990,49.28,9,1.3,1,6,143.19,2026-05-13 14:51:57,20.649486695998327
1991,40.77,2,1.8,2,20,94.63,2026-05-13 14:51:57,25.8501532283631
1992,19.88,6,1.5,6,6,98.94,2026-05-13 14:51:57,12.055791388720436
1993,90.76,2,1.5,6,7,157.28,2026-05-13 14:51:57,34.6236012207528
1994,87.09,9,1.9,4,5,200.69,2026-05-13 14:51:57,26.037171757436845
1995,39.14,6,1.1,5,16,110.29,2026-05-13 14:51:57,21.292954936984312
1996,30.29,7,1.3,4,17,108.64,2026-05-13 14:51:57,16.72864506627393
1997,57.91,2,1.9,1,0,123.18,2026-05-13 14:51:57,28.20750121773015
1998,38.11,7,1.0,3,20,100.9,2026-05-13 14:51:57,22.662041625371653
1999,121.6,8,1.9,1,0,225.34,2026-05-13 14:51:57,32.37774030354131
2000,121.26,1,2.0,6,13,189.51,2026-05-13 14:51:57,38.39164160202628
2001,91.3,10,1.9,2,18,199.25,2026-05-13 14:51:57,27.493099121706397
2002,139.62,10,1.9,0,12,255.14,2026-05-13 14:51:57,32.83373833973505
2003,17.34,10,1.9,0,13,110.05,2026-05-13 14:51:57,9.45388459791004
2004,122.36,1,1.3,3,17,178.47,2026-05-13 14:51:57,41.13632543284586
2005,35.38,4,1.2,2,6,101.3,2026-05-13 14:51:57,20.95557749259625
2006,148.2,5,1.9,2,6,241.45,2026-05-13 14:51:57,36.82750051770552
2007,74.94,9,1.0,2,15,159.23,2026-05-13 14:51:57,28.238397286943417
2008,123.83,8,1.9,4,13,223.5,2026-05-13 14:51:57,33.24295302013423
2009,113.02,5,1.8,0,20,203.42,2026-05-13 14:51:57,33.33595516665028
2010,77.72,8,1.7,4,13,171.66,2026-05-13 14:51:57,27.16532680880811
2011,112.01,7,1.1,0,14,208.15,2026-05-13 14:51:57,32.28729281767956
2012,62.98,6,1.3,0,1,137.16,2026-05-13 14:51:57,27.550306211723534
2013,28.85,7,1.2,6,10,110.47,2026-05-13 14:51:57,15.669412510183761
2014,68.93,6,1.8,0,6,156.34,2026-05-13 14:51:57,26.453882563643344
2015,107.37,2,1.5,1,23,163.86,2026-05-13 14:51:57,39.31526913218601
2016,13.34,4,1.6,0,7,79.62,2026-05-13 14:51:57,10.052750565184626
2017,65.99,3,2.0,0,23,139.41,2026-05-13 14:51:57,28.401119001506345
2018,131.27,3,1.5,0,17,206.28,2026-05-13 14:51:57,38.182082606166375
2019,134.21,6,1.3,6,3,230.59,2026-05-13 14:51:57,34.921722537837724
2020,86.09,2,1.1,2,9,133.29,2026-05-13 14:51:57,38.75309475579564
2021,22.89,6,1.9,4,8,98.12,2026-05-13 14:51:57,13.997146351406442
2022,42.99,2,2.0,4,13,101.18,2026-05-13 14:51:57,25.493180470448703
2023,32.9,7,1.8,5,20,123.94,2026-05-13 14:51:57,15.92706148136195
2024,72.51,7,1.2,4,8,161.29,2026-05-13 14:51:57,26.973773947547897
2025,91.64,9,1.2,0,7,193.54,2026-05-13 14:51:57,28.40963108401364
2026,31.88,4,1.7,6,7,100.06,2026-05-13 14:51:57,19.11653008195083
2027,79.01,1,1.0,4,21,128.41,2026-05-13 14:51:57,36.91768553850947
2028,21.42,4,1.8,5,1,79.9,2026-05-13 14:51:57,16.085106382978722
2029,114.15,3,1.3,1,4,184.34,2026-05-13 14:51:57,37.15417163936205
2030,52.69,8,1.9,4,19,153.48,2026-05-13 14:51:57,20.598123534010945
2031,124.96,7,1.4,4,2,214.94,2026-05-13 14:51:57,34.88229273285568
2032,114.3,5,2.0,5,3,199.93,2026-05-13 14:51:57,34.3020057019957
2033,67.17,6,1.7,3,12,141.31,2026-05-13 14:51:57,28.520274573632438
2034,60.06,1,1.5,1,3,110.55,2026-05-13 14:51:57,32.59701492537314
2035,60.8,3,1.4,3,12,118.23,2026-05-13 14:51:57,30.855112915503675
2036,46.42,4,1.6,4,21,112.06,2026-05-13 14:51:57,24.854542209530607
2037,144.46,8,1.8,0,23,254.53,2026-05-13 14:51:57,34.05335323930382
2038,93.25,6,1.4,6,0,173.48,2026-05-13 14:51:57,32.25155637537468
2039,49.52,6,1.0,6,4,114.56,2026-05-13 14:51:57,25.935754189944134
2040,40.4,7,1.2,6,18,118.35,2026-05-13 14:51:57,20.481622306717362
2041,68.92,1,1.2,5,17,116.28,2026-05-13 14:51:57,35.562435500515996
2042,45.21,6,1.1,1,8,115.51,2026-05-13 14:51:57,23.483681066574324
2043,128.25,3,1.2,0,0,188.61,2026-05-13 14:51:57,40.79847303960553
2044,142.63,9,1.1,2,23,239.74,2026-05-13 14:51:57,35.696170851756065
2045,68.64,3,1.6,6,5,131.09,2026-05-13 14:51:57,31.416584026241516
2046,54.01,4,1.6,6,20,124.25,2026-05-13 14:51:57,26.08128772635815
2047,19.6,4,2.0,5,15,90.54,2026-05-13 14:51:57,12.988734261100067
2048,30.27,3,1.9,1,13,90.28,2026-05-13 14:51:57,20.117412494461675
2049,104.5,3,1.7,1,8,177.6,2026-05-13 14:51:57,35.304054054054056
2050,23.93,7,1.4,2,23,102.04,2026-05-13 14:51:57,14.07095256762054
2051,83.13,10,1.0,0,7,170.53,2026-05-13 14:51:57,29.24881252565531
2052,110.37,4,1.4,2,0,175.45,2026-05-13 14:51:57,37.74408663436877
2053,24.02,9,1.6,5,18,118.35,2026-05-13 14:51:57,12.17743979721166
2054,54.21,3,1.3,0,23,106.74,2026-05-13 14:51:57,30.472175379426645
2055,130.01,3,1.4,6,3,203.88,2026-05-13 14:51:57,38.26074161271335
2056,88.23,10,1.2,2,6,181.95,2026-05-13 14:51:57,29.094806265457546
2057,28.7,3,1.2,6,13,78.54,2026-05-13 14:51:57,21.92513368983957
2058,92.49,9,1.4,2,23,184.07,2026-05-13 14:51:57,30.148313141739557
2059,29.31,1,1.2,5,8,68.39,2026-05-13 14:51:57,25.714285714285715
2060,145.97,2,1.9,3,16,222.33,2026-05-13 14:51:57,39.392794494670085
2061,101.08,3,1.0,5,14,159.31,2026-05-13 14:51:57,38.069173309898936
2062,52.33,6,1.6,0,15,125.36,2026-05-13 14:51:57,25.046266751754946
2063,38.34,1,1.6,1,15,81.27,2026-05-13 14:51:57,28.305647840531563
2064,84.63,1,1.9,1,15,148.87,2026-05-13 14:51:57,34.1089541210452
2065,75.2,5,1.8,2,6,162.53,2026-05-13 14:51:57,27.76102873315696
2066,93.2,8,1.3,2,15,193.73,2026-05-13 14:51:57,28.864915088009088
2067,131.5,4,1.7,4,12,217.13,2026-05-13 14:51:57,36.33767788882236
2068,111.53,8,1.0,6,4,210.1,2026-05-13 14:51:57,31.850547358400764
2069,143.85,2,1.8,6,18,226.52,2026-05-13 14:51:57,38.102595797280586
2070,24.73,1,1.9,4,6,82.26,2026-05-13 14:51:57,18.037928519328958
2071,54.91,1,1.8,0,8,109.51,2026-05-13 14:51:57,30.084923751255587
2072,74.33,3,1.5,5,20,148.12,2026-05-13 14:51:57,30.109370780448284
2073,83.6,3,1.1,1,19,146.8,2026-05-13 14:51:57,34.16893732970027
2074,82.97,9,1.2,6,17,179.3,2026-05-13 14:51:57,27.764640267707748
2075,126.66,4,1.3,6,5,210.3,2026-05-13 14:51:57,36.13694721825962
2076,26.74,4,1.3,3,2,75.28,2026-05-13 14:51:57,21.312433581296492
2077,149.39,4,1.6,4,7,229.03,2026-05-13 14:51:57,39.136357682399684
2078,125.58,6,1.2,5,10,218.34,2026-05-13 14:51:57,34.50948062654575
2079,50.44,3,1.2,2,15,109.82,2026-05-13 14:51:57,27.557821890366053
2080,120.29,2,1.1,2,0,184.42,2026-05-13 14:51:57,39.135668582583236
2081,98.61,6,2.0,4,18,185.53,2026-05-13 14:51:57,31.890260335255757
2082,12.55,2,1.2,2,9,44.51,2026-05-13 14:51:57,16.91754661873736
2083,71.69,7,1.1,3,18,148.35,2026-05-13 14:51:57,28.994944388270984
2084,83.01,6,1.0,6,18,161.34,2026-05-13 14:51:57,30.87021197471179
2085,126.22,7,1.3,4,12,212.42,2026-05-13 14:51:57,35.652010168534034
2086,74.58,1,1.8,0,12,135.03,2026-05-13 14:51:57,33.1393023772495
2087,92.3,2,1.4,0,14,155.22,2026-05-13 14:51:57,35.678391959798994
2088,84.21,7,1.2,2,4,171.94,2026-05-13 14:51:57,29.385832267069905
2089,102.52,8,1.9,5,5,213.54,2026-05-13 14:51:57,28.805844338297277
2090,45.27,1,1.6,6,15,96.03,2026-05-13 14:51:57,28.284910965323338
2091,131.8,1,1.0,0,9,197.29,2026-05-13 14:51:57,40.08312636220792
2092,59.24,3,1.4,4,11,119.58,2026-05-13 14:51:57,29.724034119417965
2093,96.76,7,1.2,6,22,183.64,2026-05-13 14:51:57,31.614027445001092
2094,73.08,10,1.7,2,2,170.41,2026-05-13 14:51:57,25.730884337773603
2095,71.96,4,1.5,2,12,145.43,2026-05-13 14:51:57,29.688509936051705
2096,63.31,6,1.4,0,18,143.65,2026-05-13 14:51:57,26.44343891402715
2097,11.87,8,1.4,5,19,94.59,2026-05-13 14:51:57,7.529337139232476
2098,58.61,4,1.9,0,4,140.82,2026-05-13 14:51:57,24.972305070302514
2099,35.09,9,1.3,3,16,113.86,2026-05-13 14:51:57,18.491129457228176
2100,114.5,6,1.1,5,22,190.97,2026-05-13 14:51:57,35.974236791119026
2101,94.63,5,1.2,1,16,161.32,2026-05-13 14:51:57,35.195883957351846
2102,53.4,10,2.0,5,6,167.5,2026-05-13 14:51:57,19.128358208955223
2103,87.98,5,2.0,4,15,180.61,2026-05-13 14:51:57,29.22761751840983
2104,30.33,5,1.5,5,13,100.93,2026-05-13 14:51:57,18.03031804220747
2105,136.71,5,1.7,4,4,226.71,2026-05-13 14:51:57,36.181024215958715
2106,14.78,10,1.8,2,2,116.73,2026-05-13 14:51:57,7.597018761243896
2107,105.37,3,1.1,4,21,159.92,2026-05-13 14:51:57,39.53351675837919
2108,78.97,6,1.3,2,20,153.02,2026-05-13 14:51:57,30.964579793491044
2109,87.06,2,1.5,4,0,139.56,2026-05-13 14:51:57,37.429062768701634
2110,81.5,9,1.8,6,16,175.68,2026-05-13 14:51:57,27.834699453551913
2111,84.77,10,1.3,6,9,179.58,2026-05-13 14:51:57,28.322753090544598
2112,55.55,8,1.6,4,22,142.14,2026-05-13 14:51:57,23.448712536935417
2113,105.84,10,1.7,1,6,217.27,2026-05-13 14:51:57,29.22814930731348
2114,25.05,1,1.3,2,0,60.98,2026-05-13 14:51:57,24.647425385372255
2115,91.73,6,1.1,2,22,177.51,2026-05-13 14:51:57,31.00557715058307
2116,92.55,10,1.1,4,18,183.68,2026-05-13 14:51:57,30.231925087108014
2117,7.1,3,1.4,3,23,50.21,2026-05-13 14:51:57,8.484365664210316
2118,139.17,9,1.8,4,6,246.12,2026-05-13 14:51:57,33.92735251097025
2119,113.3,2,1.7,3,4,184.19,2026-05-13 14:51:57,36.90754112601118
2120,104.66,5,1.8,1,14,182.4,2026-05-13 14:51:57,34.42763157894737
2121,116.41,4,1.2,3,3,199.27,2026-05-13 14:51:57,35.050935916093735
2122,41.46,1,1.2,3,10,90.45,2026-05-13 14:51:57,27.502487562189053
2123,110.63,7,1.7,5,21,211.03,2026-05-13 14:51:57,31.454295597782302
2124,98.26,10,1.7,5,21,216.89,2026-05-13 14:51:57,27.18244271289594
2125,67.37,3,1.2,4,4,135.09,2026-05-13 14:51:57,29.922274039529203
2126,23.43,6,1.7,0,19,99.35,2026-05-13 14:51:57,14.14997483643684
2127,113.52,8,1.6,0,14,212.65,2026-05-13 14:51:57,32.03009640253938
2128,144.74,5,1.1,6,12,226.49,2026-05-13 14:51:57,38.3434147202967
2129,17.08,2,1.3,3,4,63.61,2026-05-13 14:51:57,16.110674422260647
2130,138.14,6,1.4,2,23,233.78,2026-05-13 14:51:57,35.45384549576525
2131,136.71,7,1.6,4,19,233.18,2026-05-13 14:51:57,35.17711639077108
2132,7.7,4,2.0,4,0,76.64,2026-05-13 14:51:57,6.028183716075156
2133,51.88,2,1.1,1,19,105.87,2026-05-13 14:51:57,29.402096911306316
2134,67.16,3,1.3,0,15,133.8,2026-05-13 14:51:57,30.11659192825112
2135,88.32,4,1.5,5,11,155.73,2026-05-13 14:51:57,34.02812560200346
2136,140.66,1,1.0,0,0,203.17,2026-05-13 14:51:57,41.53959738150318
2137,16.53,1,1.3,3,17,56.89,2026-05-13 14:51:57,17.433643874143083
2138,85.12,1,1.8,6,1,142.96,2026-05-13 14:51:57,35.724678231673195
2139,22.67,8,1.4,0,2,93.51,2026-05-13 14:51:57,14.546037856913701
2140,51.47,8,1.6,1,5,139.8,2026-05-13 14:51:57,22.090128755364805
2141,104.35,3,1.9,1,17,178.36,2026-05-13 14:51:57,35.103162143978466
2142,127.31,9,1.4,6,18,231.05,2026-05-13 14:51:57,33.06037654187405
2143,81.66,4,1.6,3,16,155.98,2026-05-13 14:51:57,31.411719451211695
2144,127.65,2,1.7,0,19,206.29,2026-05-13 14:51:57,37.127344999757625
2145,92.87,9,1.2,3,3,192.51,2026-05-13 14:51:57,28.944989870656073
2146,65.85,8,1.8,5,7,151.73,2026-05-13 14:51:57,26.039675739800963
2147,29.5,6,2.0,6,16,99.89,2026-05-13 14:51:57,17.719491440584644
2148,57.09,7,1.3,3,0,135.13,2026-05-13 14:51:57,25.348923259083847
2149,44.6,7,1.8,6,8,120.09,2026-05-13 14:51:57,22.28328753434924
2150,29.28,2,1.6,6,0,82.9,2026-05-13 14:51:57,21.19179734620024
2151,35.68,4,1.5,4,9,103.78,2026-05-13 14:51:57,20.628252071690113
2152,43.28,6,2.0,3,17,118.39,2026-05-13 14:51:57,21.93428499028634
2153,146.28,10,1.6,3,21,257.78,2026-05-13 14:51:57,34.04763752036621
2154,57.57,5,1.6,0,8,121.81,2026-05-13 14:51:57,28.357277727608572
2155,85.7,6,1.5,3,1,172.12,2026-05-13 14:51:57,29.87450615849407
2156,72.32,10,1.1,1,11,174.64,2026-05-13 14:51:57,24.84654145671095
2157,43.0,10,1.5,3,3,140.76,2026-05-13 14:51:57,18.32907075873828
2158,79.12,3,1.1,1,3,140.84,2026-05-13 14:51:57,33.70633342800341
2159,115.18,10,1.5,6,22,231.33,2026-05-13 14:51:57,29.87420568019712
2160,30.79,7,2.0,5,3,109.74,2026-05-13 14:51:57,16.83433570256971
2161,14.82,5,1.6,3,9,89.09,2026-05-13 14:51:57,9.980918172634414
2162,125.72,1,1.9,6,2,194.36,2026-05-13 14:51:57,38.8104548260959
2163,97.34,3,1.1,1,7,153.89,2026-05-13 14:51:57,37.95178374163364
2164,119.9,5,1.8,2,6,201.59,2026-05-13 14:51:57,35.6862939629942
2165,139.21,7,1.1,5,23,224.18,2026-05-13 14:51:57,37.25845302881613
2166,22.07,7,1.1,1,0,92.25,2026-05-13 14:51:57,14.354471544715446
2167,119.83,9,1.3,1,19,217.91,2026-05-13 14:51:57,32.9943554678537
2168,121.54,5,1.6,4,17,217.13,2026-05-13 14:51:57,33.58540966241422
2169,119.17,6,1.4,5,0,205.85,2026-05-13 14:51:57,34.73500121447656
2170,45.87,4,1.5,5,19,107.05,2026-05-13 14:51:57,25.709481550677253
2171,88.9,6,1.7,5,6,175.41,2026-05-13 14:51:57,30.40875662733026
2172,16.67,9,1.9,1,16,111.07,2026-05-13 14:51:57,9.005131898802558
2173,21.41,9,1.4,3,5,103.54,2026-05-13 14:51:57,12.406799304616573
2174,47.89,7,1.5,2,13,133.65,2026-05-13 14:51:57,21.499438832772167
2175,129.2,7,1.9,3,22,240.74,2026-05-13 14:51:57,32.20071446373681
2176,139.62,6,1.8,3,15,247.1,2026-05-13 14:51:57,33.902063941724
2177,37.93,2,1.5,3,10,98.21,2026-05-13 14:51:57,23.1727929946034
2178,96.09,9,1.6,5,23,196.3,2026-05-13 14:51:57,29.37035150280183
2179,80.74,3,1.3,1,5,142.44,2026-05-13 14:51:57,34.01010951979781
2180,56.07,8,1.1,0,23,130.11,2026-05-13 14:51:57,25.856582891399583
2181,90.47,5,1.8,6,2,166.93,2026-05-13 14:51:57,32.517821841490445
2182,123.82,8,1.7,5,5,220.35,2026-05-13 14:51:57,33.715452688904016
2183,44.06,8,1.4,3,11,125.54,2026-05-13 14:51:57,21.057830173649833
2184,35.34,3,1.4,1,6,99.85,2026-05-13 14:51:57,21.23585378067101
2185,69.52,2,1.0,2,9,113.12,2026-05-13 14:51:57,36.874115983026876
2186,69.54,7,1.4,3,13,161.03,2026-05-13 14:51:57,25.91069986958952
2187,37.78,10,1.2,5,12,124.78,2026-05-13 14:51:57,18.166372816156436
2188,89.74,5,2.0,3,10,168.77,2026-05-13 14:51:57,31.90377436748237
2189,74.8,2,1.9,4,14,146.08,2026-05-13 14:51:57,30.72289156626506
2190,47.98,3,1.1,4,0,105.95,2026-05-13 14:51:57,27.17130722038697
2191,118.49,7,1.6,3,12,207.69,2026-05-13 14:51:57,34.23082478694207
2192,140.44,9,1.1,1,18,238.92,2026-05-13 14:51:57,35.268709191361125
2193,98.58,10,1.1,0,10,193.76,2026-05-13 14:51:57,30.52642444260941
2194,100.86,5,1.3,6,10,183.76,2026-05-13 14:51:57,32.932085328689595
2195,76.54,7,1.8,0,13,172.25,2026-05-13 14:51:57,26.661248185776493
2196,42.34,8,1.4,2,9,124.15,2026-05-13 14:51:57,20.46234393878373
2197,52.77,6,1.1,6,12,128.13,2026-05-13 14:51:57,24.710840552563806
2198,88.68,4,1.3,6,22,151.39,2026-05-13 14:51:57,35.14631085276439
2199,38.54,4,1.8,6,9,106.89,2026-05-13 14:51:57,21.63345495369071
2200,30.95,5,1.4,1,23,105.6,2026-05-13 14:51:57,17.585227272727273
2201,146.61,1,1.1,1,18,209.56,2026-05-13 14:51:57,41.976522237068146
2202,79.24,10,1.8,0,21,179.9,2026-05-13 14:51:57,26.42801556420233
2203,37.79,3,1.5,3,20,102.38,2026-05-13 14:51:57,22.14690369212737
2204,140.32,3,1.9,3,16,217.72,2026-05-13 14:51:57,38.66985118500826
2205,28.67,6,1.6,6,4,102.6,2026-05-13 14:51:57,16.76608187134503
2206,51.5,2,1.9,6,2,118.69,2026-05-13 14:51:57,26.034206757098325
2207,82.34,6,1.2,6,5,165.91,2026-05-13 14:51:57,29.7775902597794
2208,120.06,3,1.1,1,18,193.67,2026-05-13 14:51:57,37.19522899777973
2209,62.39,9,1.7,5,10,151.15,2026-05-13 14:51:57,24.76612636453854
2210,89.38,10,1.8,3,10,200.46,2026-05-13 14:51:57,26.752469320562703
2211,9.51,5,1.4,2,4,76.93,2026-05-13 14:51:57,7.417132458078773
2212,23.27,2,1.9,6,16,73.02,2026-05-13 14:51:57,19.12078882497946
2213,134.22,6,1.6,4,22,231.58,2026-05-13 14:51:57,34.77502374989204
2214,90.87,7,1.7,0,17,189.69,2026-05-13 14:51:57,28.742685434129374
2215,59.52,3,1.5,5,16,119.73,2026-05-13 14:51:57,29.827110999749436
2216,67.58,7,1.9,1,18,153.5,2026-05-13 14:51:57,26.415635179153096
2217,139.92,6,1.4,3,4,240.74,2026-05-13 14:51:57,34.872476530697014
2218,50.23,2,1.9,1,13,114.13,2026-05-13 14:51:57,26.40672916849207
2219,149.94,6,1.4,0,7,237.63,2026-05-13 14:51:57,37.858856205024615
2220,79.53,3,1.4,1,23,149.53,2026-05-13 14:51:57,31.911990904835147
2221,79.63,6,1.4,1,6,150.67,2026-05-13 14:51:57,31.710360390256852
2222,91.59,2,1.7,6,16,151.69,2026-05-13 14:51:57,36.22783308062496
2223,88.49,10,1.2,3,6,191.45,2026-05-13 14:51:57,27.73256724993471
2224,64.55,10,1.1,6,3,150.31,2026-05-13 14:51:57,25.766748719313416
2225,103.01,3,1.4,3,10,170.45,2026-05-13 14:51:57,36.26048694631857
2226,5.85,4,1.7,5,16,66.88,2026-05-13 14:51:57,5.248205741626794
2227,55.08,1,1.2,2,11,90.02,2026-05-13 14:51:57,36.71184181293046
2228,32.99,9,1.0,0,8,121.46,2026-05-13 14:51:57,16.296723201053847
2229,111.76,9,1.9,6,18,227.8,2026-05-13 14:51:57,29.436347673397716
2230,74.8,2,1.8,1,17,135.44,2026-05-13 14:51:57,33.136444181925576
2231,6.95,2,1.7,5,14,50.14,2026-05-13 14:51:57,8.316713203031512
2232,106.59,5,1.6,5,10,190.71,2026-05-13 14:51:57,33.534686172722985
2233,148.05,7,1.6,3,20,242.66,2026-05-13 14:51:57,36.60677491139867
2234,109.91,2,1.4,5,14,164.83,2026-05-13 14:51:57,40.008493599466114
2235,71.15,2,1.0,6,1,121.0,2026-05-13 14:51:57,35.28099173553719
2236,87.48,1,1.2,0,15,134.81,2026-05-13 14:51:57,38.934797121875235
2237,16.11,9,1.9,4,10,103.79,2026-05-13 14:51:57,9.313035937951632
2238,132.89,1,1.4,3,20,196.84,2026-05-13 14:51:57,40.507010770168655
2239,38.79,5,1.1,4,1,110.06,2026-05-13 14:51:57,21.146647283300016
2240,57.62,5,2.0,5,22,128.19,2026-05-13 14:51:57,26.969342382401123
2241,28.17,10,1.1,4,15,121.36,2026-05-13 14:51:57,13.927158866183255
2242,39.52,7,1.2,0,23,109.04,2026-05-13 14:51:57,21.7461482024945
2243,83.93,4,1.9,1,10,158.08,2026-05-13 14:51:57,31.856022267206477
2244,115.44,10,1.4,4,20,221.75,2026-05-13 14:51:57,31.235174746335964
2245,139.12,6,1.8,3,7,242.43,2026-05-13 14:51:57,34.431382254671455
2246,137.67,10,1.8,6,19,248.05,2026-05-13 14:51:57,33.300544245111865
2247,84.84,6,1.7,3,0,168.53,2026-05-13 14:51:57,30.204711327360116
2248,138.78,1,1.3,6,19,193.59,2026-05-13 14:51:57,43.012552301255226
2249,68.6,7,1.2,2,21,144.22,2026-05-13 14:51:57,28.539730966578837
2250,84.64,9,1.7,0,13,176.8,2026-05-13 14:51:57,28.72398190045249
2251,128.74,8,1.8,1,2,228.71,2026-05-13 14:51:57,33.77377464911898
2252,11.41,2,1.8,1,19,54.39,2026-05-13 14:51:57,12.586872586872587
2253,46.72,2,1.4,3,17,91.6,2026-05-13 14:51:57,30.602620087336245
2254,139.95,4,1.8,3,3,230.79,2026-05-13 14:51:57,36.38372546470818
2255,122.53,1,1.7,1,2,186.78,2026-05-13 14:51:57,39.360745261805334
2256,50.72,3,1.5,6,16,115.68,2026-05-13 14:51:57,26.307053941908713
2257,5.56,5,1.2,3,22,60.02,2026-05-13 14:51:57,5.558147284238587
2258,122.49,10,1.9,1,17,240.28,2026-05-13 14:51:57,30.586815382054265
2259,85.6,5,1.4,5,10,156.25,2026-05-13 14:51:57,32.8704
2260,140.04,10,1.1,2,23,251.65,2026-05-13 14:51:57,33.38923107490562
2261,8.46,1,1.8,5,22,51.68,2026-05-13 14:51:57,9.821981424148609
2262,19.67,8,1.2,1,8,103.47,2026-05-13 14:51:57,11.406204697013628
2263,130.81,7,1.8,6,12,229.51,2026-05-13 14:51:57,34.19720273626422
2264,15.42,3,1.7,0,3,68.3,2026-05-13 14:51:57,13.546120058565155
2265,132.29,5,1.6,1,10,211.53,2026-05-13 14:51:57,37.52375549567437
2266,34.78,8,1.4,1,2,115.34,2026-05-13 14:51:57,18.09259580371077
2267,14.3,4,1.8,1,21,81.6,2026-05-13 14:51:57,10.514705882352942
2268,126.57,5,1.7,5,22,209.08,2026-05-13 14:51:57,36.32198201645303
2269,84.56,2,1.9,2,0,158.17,2026-05-13 14:51:57,32.07687930707467
2270,79.33,10,1.5,6,13,187.84,2026-05-13 14:51:57,25.33965076660988
2271,29.09,4,1.6,5,12,99.41,2026-05-13 14:51:57,17.55758977970023
2272,132.68,5,1.4,1,3,215.49,2026-05-13 14:51:57,36.94278156759014
2273,93.81,8,1.4,5,17,193.99,2026-05-13 14:51:57,29.01489767513789
2274,110.44,10,1.2,5,21,223.4,2026-05-13 14:51:57,29.661593554162934
2275,95.31,3,1.3,6,6,164.67,2026-05-13 14:51:57,34.72763709236655
2276,14.72,6,1.9,1,15,96.56,2026-05-13 14:51:57,9.146644573322288
2277,105.65,4,1.5,0,23,190.43,2026-05-13 14:51:57,33.287822296907
2278,81.5,7,1.4,5,11,166.74,2026-05-13 14:51:57,29.3270960777258
2279,48.4,2,1.7,2,22,100.4,2026-05-13 14:51:57,28.92430278884462
2280,23.73,9,1.4,0,20,116.61,2026-05-13 14:51:57,12.209930537689734
2281,85.65,3,1.4,0,5,140.72,2026-05-13 14:51:57,36.51932916429789
2282,28.71,3,1.1,4,23,70.85,2026-05-13 14:51:57,24.313338038108686
2283,8.67,3,1.5,3,21,61.33,2026-05-13 14:51:57,8.48198271645198
2284,129.1,6,1.9,4,15,219.46,2026-05-13 14:51:57,35.29572587259637
2285,118.62,5,1.4,3,14,203.82,2026-05-13 14:51:57,34.91904621725052
2286,71.43,6,1.9,4,5,161.45,2026-05-13 14:51:57,26.545679777020755
2287,133.72,7,1.0,4,9,232.84,2026-05-13 14:51:57,34.457996907747805
2288,30.85,7,1.9,5,19,112.91,2026-05-13 14:51:57,16.39358781330263
2289,48.94,1,1.7,3,14,96.5,2026-05-13 14:51:57,30.429015544041448
2290,132.57,5,1.4,3,23,215.95,2026-05-13 14:51:57,36.8335262792313
2291,18.0,3,1.2,3,18,60.33,2026-05-13 14:51:57,17.901541521631028
2292,24.2,10,1.6,0,16,121.48,2026-05-13 14:51:57,11.952584787619362
2293,74.92,2,1.1,1,18,135.14,2026-05-13 14:51:57,33.26328252182922
2294,14.01,8,1.1,4,15,89.41,2026-05-13 14:51:57,9.401632926965664
2295,75.52,9,1.8,6,3,178.05,2026-05-13 14:51:57,25.449031171019374
2296,38.63,6,1.3,4,9,98.99,2026-05-13 14:51:57,23.414486311748664
2297,42.08,5,1.5,6,2,118.24,2026-05-13 14:51:57,21.353179972936402
2298,49.89,2,1.7,2,10,105.4,2026-05-13 14:51:57,28.400379506641364
2299,13.13,3,1.2,5,6,56.94,2026-05-13 14:51:57,13.835616438356166
2300,88.84,2,1.2,6,9,139.9,2026-05-13 14:51:57,38.10150107219443
2301,38.18,8,1.8,2,10,126.01,2026-05-13 14:51:57,18.179509562733113
2302,11.29,2,1.8,3,16,59.88,2026-05-13 14:51:57,11.312625250501002
2303,60.16,3,1.7,3,21,132.45,2026-05-13 14:51:57,27.252548131370325
2304,16.2,1,1.4,1,17,64.27,2026-05-13 14:51:57,15.123696903687568
2305,54.93,3,1.3,5,12,121.33,2026-05-13 14:51:57,27.16393307508448
2306,42.55,5,1.3,1,19,102.09,2026-05-13 14:51:57,25.007346459006758
2307,79.35,4,1.0,3,22,151.4,2026-05-13 14:51:57,31.446499339498015
2308,94.58,4,1.5,4,17,164.56,2026-05-13 14:51:57,34.48468643655809
2309,113.56,1,1.2,0,2,160.85,2026-05-13 14:51:57,42.359962698165994
2310,9.57,7,2.0,2,13,96.78,2026-05-13 14:51:57,5.9330440173589585
2311,54.01,1,1.3,6,21,99.3,2026-05-13 14:51:57,32.63444108761329
2312,50.5,6,1.8,5,19,133.27,2026-05-13 14:51:57,22.73579950476476
2313,50.26,4,1.6,2,11,125.47,2026-05-13 14:51:57,24.034430541165218
2314,81.13,10,1.0,3,23,182.11,2026-05-13 14:51:57,26.729998352644003
2315,148.65,8,1.6,4,13,252.38,2026-05-13 14:51:57,35.33956731912196
2316,35.65,9,1.2,2,19,128.05,2026-05-13 14:51:57,16.704412338930105
2317,80.74,5,1.6,3,19,160.85,2026-05-13 14:51:57,30.117500777121542
2318,116.77,9,1.7,2,7,215.24,2026-05-13 14:51:57,32.550641144768626
2319,116.38,10,1.8,2,15,240.03,2026-05-13 14:51:57,29.091363579552556
2320,122.25,8,2.0,1,6,227.08,2026-05-13 14:51:57,32.30139158005989
2321,74.0,5,1.1,2,6,142.9,2026-05-13 14:51:57,31.07067879636109
2322,32.34,2,1.9,3,23,93.97,2026-05-13 14:51:57,20.649143343620306
2323,16.9,1,1.1,4,1,44.9,2026-05-13 14:51:57,22.583518930957684
2324,118.77,5,1.5,5,6,201.04,2026-05-13 14:51:57,35.4466772781536
2325,51.85,10,1.9,3,17,155.79,2026-05-13 14:51:57,19.969189293279417
2326,63.73,3,1.2,1,23,128.12,2026-05-13 14:51:57,29.845457383702776
2327,51.1,1,1.4,3,19,106.15,2026-05-13 14:51:57,28.883655204898727
2328,29.14,7,1.4,4,5,108.26,2026-05-13 14:51:57,16.150009237021983
2329,94.95,10,1.3,4,5,191.27,2026-05-13 14:51:57,29.785120510273437
2330,52.09,3,1.4,6,11,107.76,2026-05-13 14:51:57,29.00334075723831
2331,135.76,6,1.0,1,22,213.25,2026-05-13 14:51:57,38.197420867526375
2332,97.72,4,1.6,6,18,178.79,2026-05-13 14:51:57,32.793780412774765
2333,5.34,4,1.3,1,23,52.92,2026-05-13 14:51:57,6.054421768707483
2334,99.24,6,1.6,5,18,176.46,2026-05-13 14:51:57,33.743624617477046
2335,5.78,1,1.8,4,21,50.22,2026-05-13 14:51:57,6.905615292712067
2336,131.68,10,1.0,2,12,228.61,2026-05-13 14:51:57,34.560167971654785
2337,26.47,3,1.8,2,11,84.15,2026-05-13 14:51:57,18.87344028520499
2338,51.59,9,1.4,2,12,133.32,2026-05-13 14:51:57,23.21782178217822
2339,55.54,10,1.7,5,12,148.59,2026-05-13 14:51:57,22.426812033111243
2340,75.24,6,1.5,4,10,160.72,2026-05-13 14:51:57,28.088601294176208
2341,136.28,9,1.5,6,5,239.5,2026-05-13 14:51:57,34.141127348643
2342,40.68,2,1.4,4,4,91.44,2026-05-13 14:51:57,26.69291338582677
2343,50.77,9,1.1,0,8,140.71,2026-05-13 14:51:57,21.648781181152728
2344,94.02,1,1.3,1,22,152.59,2026-05-13 14:51:57,36.96965725145816
2345,107.08,5,1.5,5,3,182.98,2026-05-13 14:51:57,35.11203410208766
2346,114.29,3,1.8,3,20,200.41,2026-05-13 14:51:57,34.21685544633502
2347,57.43,2,1.2,3,18,110.36,2026-05-13 14:51:57,31.223269300471188
2348,17.71,7,1.1,3,17,85.67,2026-05-13 14:51:57,12.403408427687639
2349,81.34,3,1.2,0,19,141.12,2026-05-13 14:51:57,34.583333333333336
2350,41.76,1,1.9,1,21,85.89,2026-05-13 14:51:57,29.172196996157876
2351,138.4,3,1.3,0,12,204.56,2026-05-13 14:51:57,40.59444661712945
2352,120.22,7,1.5,1,3,217.45,2026-05-13 14:51:57,33.17176362382157
2353,142.16,8,1.2,6,9,248.79,2026-05-13 14:51:57,34.28433618714579
2354,96.6,4,1.3,4,1,167.52,2026-05-13 14:51:57,34.59885386819484
2355,43.28,1,2.0,2,23,87.68,2026-05-13 14:51:57,29.616788321167885
2356,81.81,4,1.8,4,16,166.25,2026-05-13 14:51:57,29.525413533834584
2357,41.74,10,1.2,0,10,123.82,2026-05-13 14:51:57,20.22613471167824
2358,126.76,2,1.1,4,23,191.4,2026-05-13 14:51:57,39.73667711598746
2359,137.66,4,1.2,0,21,206.92,2026-05-13 14:51:57,39.916876087376764
2360,20.86,5,1.3,6,21,73.05,2026-05-13 14:51:57,17.13347022587269
2361,40.46,10,1.7,2,2,146.2,2026-05-13 14:51:57,16.6046511627907
2362,131.63,2,1.8,5,8,198.54,2026-05-13 14:51:57,39.779389543668785
2363,119.17,5,1.1,6,22,193.96,2026-05-13 14:51:57,36.86430191792122
2364,25.61,8,1.2,5,9,97.69,2026-05-13 14:51:57,15.729347937352852
2365,8.05,9,1.5,3,0,89.99,2026-05-13 14:51:57,5.3672630292254695
2366,102.3,7,1.5,5,6,203.38,2026-05-13 14:51:57,30.179958698003738
2367,127.19,8,1.6,4,16,225.66,2026-05-13 14:51:57,33.81813347513959
2368,54.87,3,1.4,2,10,113.78,2026-05-13 14:51:57,28.93478642995254
2369,86.11,10,1.5,0,19,181.51,2026-05-13 14:51:57,28.46454740785632
2370,27.76,6,1.9,1,20,113.1,2026-05-13 14:51:57,14.726790450928382
2372,104.5,7,1.8,1,13,199.72,2026-05-13 14:51:57,31.393951532145007
2373,55.45,10,1.7,6,21,163.87,2026-05-13 14:51:57,20.30267895282846
2374,14.26,5,1.8,5,23,74.08,2026-05-13 14:51:57,11.549676025917927
2375,107.02,4,1.8,4,8,194.89,2026-05-13 14:51:57,32.94781671712248
2376,31.36,1,1.5,2,10,81.72,2026-05-13 14:51:57,23.02496328928047
2377,33.55,8,1.9,4,22,130.18,2026-05-13 14:51:57,15.463204793363035
2378,84.51,6,1.6,4,22,165.93,2026-05-13 14:51:57,30.55866931838727
2379,46.96,4,1.6,2,17,108.61,2026-05-13 14:51:57,25.94236258171439
2380,44.08,9,1.4,4,13,126.56,2026-05-13 14:51:57,20.897597977243993
2381,108.54,10,1.4,1,17,221.27,2026-05-13 14:51:57,29.431915759027433
2382,30.84,5,1.6,4,14,97.1,2026-05-13 14:51:57,19.056642636457262
2383,146.18,1,2.0,1,2,214.01,2026-05-13 14:51:57,40.983131629363115
2384,105.25,4,1.8,5,1,175.91,2026-05-13 14:51:57,35.89903928145075
2385,84.77,3,1.5,2,4,151.89,2026-05-13 14:51:57,33.48607544933834
2386,142.19,1,1.1,2,18,200.13,2026-05-13 14:51:57,42.62929096087543
2387,146.59,10,1.2,5,5,254.84,2026-05-13 14:51:57,34.51342018521425
2388,14.62,2,1.6,1,18,71.65,2026-05-13 14:51:57,12.242847173761337
2389,28.08,1,1.3,2,7,58.97,2026-05-13 14:51:57,28.57045955570629
2390,66.35,2,1.2,0,7,109.56,2026-05-13 14:51:57,36.33625410733844
2391,59.12,6,1.7,6,19,141.26,2026-05-13 14:51:57,25.111142573977062
2392,131.14,4,1.9,3,5,210.63,2026-05-13 14:51:57,37.35650192280302
2393,70.16,3,1.5,0,15,124.59,2026-05-13 14:51:57,33.78762340476763
2394,119.2,1,1.4,1,10,182.08,2026-05-13 14:51:57,39.27943760984183
2395,107.65,1,1.9,2,19,178.96,2026-05-13 14:51:57,36.09186410371033
2396,23.84,8,1.6,0,22,115.02,2026-05-13 14:51:57,12.436098069900886
2397,92.92,7,1.3,3,8,176.17,2026-05-13 14:51:57,31.64670488732475
2398,71.34,6,1.6,6,17,160.34,2026-05-13 14:51:57,26.695771485593117
2399,59.78,5,1.1,4,3,131.66,2026-05-13 14:51:57,27.242898374601246
2400,94.89,5,1.5,0,10,168.5,2026-05-13 14:51:57,33.78872403560831
2401,21.29,6,1.7,1,23,87.11,2026-05-13 14:51:57,14.664217655837447
2402,86.68,3,1.9,1,23,154.12,2026-05-13 14:51:57,33.7451336620815
2403,15.05,10,1.8,4,13,114.36,2026-05-13 14:51:57,7.896117523609655
2404,26.47,3,1.2,5,5,66.73,2026-05-13 14:51:57,23.800389629851637
2405,134.42,7,1.5,1,5,242.13,2026-05-13 14:51:57,33.3093792590757
2406,148.37,7,1.3,1,16,249.99,2026-05-13 14:51:57,35.61022440897636
2407,130.44,3,1.7,5,11,208.75,2026-05-13 14:51:57,37.491736526946106
2408,97.91,3,1.1,6,12,162.0,2026-05-13 14:51:57,36.26296296296296
2409,8.65,7,1.3,0,15,86.22,2026-05-13 14:51:57,6.0194850382741825
2410,149.86,8,1.2,3,3,259.91,2026-05-13 14:51:57,34.595052133430805
2411,122.72,3,1.5,4,3,199.82,2026-05-13 14:51:57,36.84916424782304
2412,102.94,2,1.8,0,0,179.93,2026-05-13 14:51:57,34.326682598788416
2413,43.02,5,1.3,2,2,100.86,2026-05-13 14:51:57,25.591909577632364
2414,82.46,3,1.4,2,1,141.49,2026-05-13 14:51:57,34.96784225033571
2415,16.69,7,1.1,6,10,77.16,2026-05-13 14:51:57,12.97822706065319
2416,85.62,6,1.2,6,17,166.6,2026-05-13 14:51:57,30.835534213685477
2417,114.2,4,1.5,0,11,198.44,2026-05-13 14:51:57,34.52932876436203
2418,55.02,3,1.8,2,2,120.29,2026-05-13 14:51:57,27.44367777870147
2419,63.22,2,1.3,1,1,111.47,2026-05-13 14:51:57,34.02888669597201
2420,37.7,2,1.7,5,13,82.78,2026-05-13 14:51:57,27.325440927760333
2421,68.46,8,1.8,4,23,165.05,2026-05-13 14:51:57,24.887003938200543
2422,51.67,2,1.3,0,18,107.93,2026-05-13 14:51:57,28.724173075141294
2423,79.84,7,1.3,5,9,173.5,2026-05-13 14:51:57,27.610374639769454
2424,140.58,7,1.7,5,18,236.66,2026-05-13 14:51:57,35.64100397194287
2425,88.03,3,1.9,5,15,160.48,2026-05-13 14:51:57,32.91251246261216
2426,98.54,10,1.5,2,19,210.41,2026-05-13 14:51:57,28.099424932275085
2427,98.02,3,1.5,4,12,164.38,2026-05-13 14:51:57,35.778075191629156
2428,12.38,8,1.1,1,0,78.6,2026-05-13 14:51:57,9.450381679389315
2429,103.9,8,1.0,1,5,202.66,2026-05-13 14:51:57,30.760880292114873
2430,127.58,3,1.3,0,7,193.44,2026-05-13 14:51:57,39.57196029776675
2431,106.7,7,1.9,4,9,211.4,2026-05-13 14:51:57,30.283822138126773
2432,71.08,2,2.0,1,12,135.11,2026-05-13 14:51:57,31.56539116275627
2433,55.13,10,1.9,6,5,167.03,2026-05-13 14:51:57,19.80362809076214
2434,108.15,1,1.5,3,21,174.14,2026-05-13 14:51:57,37.263121626277716
2435,18.92,8,1.5,3,12,109.1,2026-05-13 14:51:57,10.405132905591202
2436,58.57,1,1.1,6,0,106.39,2026-05-13 14:51:57,33.03129993420434
2437,42.22,9,1.5,5,0,131.47,2026-05-13 14:51:57,19.26827413098045
2438,61.9,7,1.1,2,16,141.52,2026-05-13 14:51:57,26.243640474844543
2439,8.12,4,1.8,2,11,68.48,2026-05-13 14:51:57,7.114485981308411
2440,14.04,3,1.1,0,12,57.99,2026-05-13 14:51:57,14.526642524573202
2441,79.52,8,1.2,4,5,176.87,2026-05-13 14:51:57,26.975744897382256
2442,26.75,2,1.7,2,1,72.68,2026-05-13 14:51:57,22.083104017611447
2443,62.44,1,1.2,0,2,115.75,2026-05-13 14:51:57,32.36630669546436
2444,87.49,3,1.4,1,15,143.54,2026-05-13 14:51:57,36.5709906646231
2445,83.67,9,1.7,5,18,195.05,2026-05-13 14:51:57,25.738015893360675
2446,6.74,4,1.9,4,10,77.56,2026-05-13 14:51:57,5.214027849406911
2447,128.21,9,1.1,6,6,235.76,2026-05-13 14:51:57,32.62894468951477
2448,71.87,5,1.2,3,13,133.7,2026-05-13 14:51:57,32.25280478683621
2449,122.46,4,1.9,0,23,214.52,2026-05-13 14:51:57,34.25135185530486
2450,122.45,10,1.3,6,17,237.41,2026-05-13 14:51:57,30.946463923170885
2451,120.23,3,1.7,5,3,200.33,2026-05-13 14:51:57,36.009584186092944
2452,18.98,4,1.0,4,17,75.69,2026-05-13 14:51:57,15.045580657946887
2453,34.37,5,1.8,3,10,106.73,2026-05-13 14:51:57,19.3216527686686
2454,140.62,8,1.5,3,0,247.26,2026-05-13 14:51:57,34.12278573161854
2455,17.55,6,1.1,6,11,87.0,2026-05-13 14:51:57,12.10344827586207
2456,74.25,4,1.5,1,7,150.76,2026-05-13 14:51:57,29.55027858848501
2457,108.26,3,1.9,1,5,185.46,2026-05-13 14:51:57,35.024263992235525
2458,68.74,9,2.0,6,15,171.7,2026-05-13 14:51:57,24.02096680256261
2459,75.28,3,1.8,5,5,140.44,2026-05-13 14:51:57,32.16177727143264
2460,55.37,9,1.3,5,6,139.79,2026-05-13 14:51:57,23.765648472709064
2461,105.19,1,1.7,0,1,162.52,2026-05-13 14:51:57,38.83460497169579
2462,45.31,6,1.3,6,4,115.23,2026-05-13 14:51:57,23.592814371257486
2463,22.75,10,1.2,0,21,118.45,2026-05-13 14:51:57,11.523849725622625
2464,54.26,3,1.2,4,15,103.14,2026-05-13 14:51:57,31.56486329261198
2465,139.68,2,1.4,0,10,203.58,2026-05-13 14:51:57,41.16710875331565
2466,132.73,9,1.4,6,23,240.38,2026-05-13 14:51:57,33.13004409684666
2467,60.42,9,1.7,2,10,161.14,2026-05-13 14:51:57,22.49720739729428
2468,15.15,4,1.0,0,2,70.7,2026-05-13 14:51:57,12.857142857142856
2469,95.59,2,1.1,5,12,158.54,2026-05-13 14:51:57,36.176359278415546
2470,101.17,6,1.3,4,22,190.32,2026-05-13 14:51:57,31.894703656998743
2471,43.56,3,1.3,2,10,90.61,2026-05-13 14:51:57,28.84449839973513
2472,68.47,6,1.4,0,7,139.75,2026-05-13 14:51:57,29.396779964221825
2473,7.55,3,1.1,4,12,58.94,2026-05-13 14:51:57,7.685782151340346
2474,109.23,1,1.5,6,11,172.56,2026-05-13 14:51:57,37.979833101529906
2475,35.91,3,1.3,3,12,98.35,2026-05-13 14:51:57,21.907473309608537
2476,108.5,7,1.9,3,22,208.46,2026-05-13 14:51:57,31.229012760241773
2477,46.35,7,1.9,0,12,123.55,2026-05-13 14:51:57,22.509105625252936
2478,144.3,3,1.2,4,0,210.55,2026-05-13 14:51:57,41.12087390168606
2479,132.36,8,1.5,4,20,235.26,2026-05-13 14:51:57,33.75669472073451
2480,54.85,1,1.3,1,18,91.73,2026-05-13 14:51:57,35.877030415349395
2481,54.39,5,1.1,1,18,112.6,2026-05-13 14:51:57,28.9822380106572
2482,52.26,5,1.6,5,3,123.22,2026-05-13 14:51:57,25.44716766758643
2483,50.25,8,1.0,3,4,126.61,2026-05-13 14:51:57,23.813284890608955
2484,56.93,6,1.3,6,20,135.52,2026-05-13 14:51:57,25.205135773317586
2485,115.45,8,1.6,4,0,213.59,2026-05-13 14:51:57,32.43129359988764
2486,63.69,9,1.2,6,22,152.51,2026-05-13 14:51:57,25.05671759228903
2487,104.82,6,1.0,0,2,175.69,2026-05-13 14:51:57,35.79714269451875
2488,108.95,10,1.2,1,19,222.53,2026-05-13 14:51:57,29.375814496921766
2489,28.67,6,1.3,1,5,104.59,2026-05-13 14:51:57,16.44707907065685
2490,63.98,4,1.5,6,11,125.67,2026-05-13 14:51:57,30.546669849606108
2491,57.74,7,1.3,6,1,134.7,2026-05-13 14:51:57,25.719376391982188
2492,107.66,9,1.3,3,18,208.21,2026-05-13 14:51:57,31.02444647231161
2493,12.68,4,1.8,0,3,75.76,2026-05-13 14:51:57,10.04223864836325
2494,13.93,9,1.9,0,3,106.73,2026-05-13 14:51:57,7.83097535838096
2495,135.21,3,1.1,6,23,210.81,2026-05-13 14:51:57,38.48299416536218
2496,122.07,3,1.4,1,7,184.91,2026-05-13 14:51:57,39.60953977610729
2497,149.85,10,1.5,6,8,258.87,2026-05-13 14:51:57,34.73171862324719
2498,10.61,5,1.8,3,20,86.93,2026-05-13 14:51:57,7.323133555734498
2499,26.14,6,1.6,3,16,98.0,2026-05-13 14:51:57,16.00408163265306
2500,72.9,4,1.3,4,3,135.65,2026-05-13 14:51:57,32.24474751197936
2501,120.47,6,1.6,0,8,220.84,2026-05-13 14:51:57,32.73048360804202
2502,62.92,10,1.2,5,4,151.52,2026-05-13 14:51:57,24.915522703273492
2503,104.0,1,1.4,0,15,161.83,2026-05-13 14:51:57,38.55898164740777
2504,88.48,8,1.3,3,14,189.07,2026-05-13 14:51:57,28.078489448352464
2505,55.01,2,1.8,0,10,122.89,2026-05-13 14:51:57,26.858165839368542
2506,51.07,8,1.2,0,13,136.09,2026-05-13 14:51:57,22.515982070688516
2507,65.03,10,1.7,4,8,177.66,2026-05-13 14:51:57,21.962174940898347
2508,12.27,1,1.6,2,7,47.8,2026-05-13 14:51:57,15.401673640167363
2509,143.12,8,2.0,4,3,252.55,2026-05-13 14:51:57,34.00197980597902
2510,128.13,7,1.4,6,13,223.42,2026-05-13 14:51:57,34.40963208307224
2511,30.47,4,1.9,5,12,98.93,2026-05-13 14:51:57,18.479733144647728
2512,35.52,1,1.3,5,3,67.91,2026-05-13 14:51:57,31.382712413488445
2513,35.22,1,1.7,5,10,75.19,2026-05-13 14:51:57,28.1048011703684
2514,102.59,3,1.7,0,20,168.63,2026-05-13 14:51:57,36.50240170788116
2515,112.85,9,1.6,5,5,217.9,2026-05-13 14:51:57,31.073887104176226
2516,149.58,4,1.2,5,10,234.43,2026-05-13 14:51:57,38.283496139572584
2517,118.35,5,1.7,2,15,209.61,2026-05-13 14:51:57,33.87720051524259
2518,64.71,1,1.7,4,15,113.11,2026-05-13 14:51:57,34.32587746441517
2519,128.27,1,1.5,5,12,191.65,2026-05-13 14:51:57,40.15757891990608
2520,98.78,3,1.7,3,16,161.23,2026-05-13 14:51:57,36.75990820566892
2521,110.28,8,1.9,3,10,218.7,2026-05-13 14:51:57,30.255144032921812
2522,139.39,1,1.8,0,2,212.88,2026-05-13 14:51:57,39.2869222096956
2523,125.87,5,1.7,6,9,208.19,2026-05-13 14:51:57,36.27551755607858
2524,10.41,10,1.0,5,15,99.14,2026-05-13 14:51:57,6.300181561428283
2525,115.02,2,1.0,3,13,179.41,2026-05-13 14:51:57,38.46608327295022
2526,130.04,1,1.0,4,1,187.77,2026-05-13 14:51:57,41.55296373222559
2527,79.61,10,1.4,5,16,175.54,2026-05-13 14:51:57,27.21089210436368
2528,130.84,10,1.8,3,7,258.38,2026-05-13 14:51:57,30.383156591067422
2529,114.16,1,1.6,0,1,173.69,2026-05-13 14:51:57,39.43577638321147
2530,84.73,1,1.1,3,7,125.26,2026-05-13 14:51:57,40.58598115918889
2531,40.42,2,1.9,5,12,101.45,2026-05-13 14:51:57,23.905372104484968
2532,92.41,5,1.2,6,4,165.81,2026-05-13 14:51:57,33.43947892165732
2533,109.15,9,1.4,0,8,208.55,2026-05-13 14:51:57,31.40254135698873
2534,118.26,2,1.3,1,19,190.12,2026-05-13 14:51:57,37.321691563223226
2535,90.25,4,1.0,1,7,156.94,2026-05-13 14:51:57,34.50363196125908
2536,47.97,8,1.6,5,23,140.01,2026-05-13 14:51:57,20.55710306406685
2537,10.13,8,2.0,0,13,95.25,2026-05-13 14:51:57,6.381102362204725
2538,128.16,10,1.6,2,0,233.51,2026-05-13 14:51:57,32.93049548199221
2539,58.03,6,1.9,3,23,138.58,2026-05-13 14:51:57,25.124837638908932
2540,135.9,3,1.6,1,13,213.61,2026-05-13 14:51:57,38.172370207387296
2541,107.55,4,1.6,3,4,176.17,2026-05-13 14:51:57,36.62939206448317
2542,127.49,1,1.3,3,0,191.16,2026-05-13 14:51:57,40.01569365976145
2544,124.7,3,1.8,6,0,203.96,2026-05-13 14:51:57,36.6836634634242
2545,98.8,6,1.5,0,13,187.55,2026-05-13 14:51:57,31.60757131431618
2546,92.28,7,1.2,2,11,185.2,2026-05-13 14:51:57,29.896328293736502
2547,14.1,3,2.0,1,8,69.13,2026-05-13 14:51:57,12.23781281643281
2548,37.15,7,1.5,2,11,107.44,2026-05-13 14:51:57,20.746463142218914
2549,77.65,3,1.5,4,1,149.46,2026-05-13 14:51:57,31.172219991971097
2550,86.9,7,1.0,0,22,160.55,2026-05-13 14:51:57,32.4758642167549
2551,5.67,3,1.6,5,14,66.36,2026-05-13 14:51:57,5.1265822784810124
2552,145.64,9,1.4,2,6,262.28,2026-05-13 14:51:57,33.31706573127955
2553,34.45,7,1.4,5,8,107.83,2026-05-13 14:51:57,19.169062413057592
2554,70.0,2,1.8,3,1,135.11,2026-05-13 14:51:57,31.08578195544371
2555,57.46,7,1.2,2,18,131.15,2026-05-13 14:51:57,26.287457110179183
2556,57.53,3,1.0,3,7,114.35,2026-05-13 14:51:57,30.186270222999564
2557,126.34,4,1.8,1,20,220.55,2026-05-13 14:51:57,34.37043754250737
2558,77.99,1,1.5,6,11,128.69,2026-05-13 14:51:57,36.361799673634316
2559,79.4,3,1.0,2,19,127.65,2026-05-13 14:51:57,37.3207990599295
2560,11.22,7,1.7,6,13,84.25,2026-05-13 14:51:57,7.990504451038577
2561,93.05,2,1.8,2,14,168.18,2026-05-13 14:51:57,33.19657509810917
2562,82.56,9,1.4,5,0,174.52,2026-05-13 14:51:57,28.38413935365574
2563,31.11,1,1.4,4,20,77.76,2026-05-13 14:51:57,24.00462962962963
2564,73.51,10,1.4,0,19,167.3,2026-05-13 14:51:57,26.36341900777047
2565,87.77,6,1.7,1,10,178.81,2026-05-13 14:51:57,29.4513729657178
2566,24.65,10,1.3,0,9,105.28,2026-05-13 14:51:57,14.048252279635259
2567,89.2,2,1.3,2,16,154.36,2026-05-13 14:51:57,34.67219486913708
2568,142.34,4,1.4,2,8,232.0,2026-05-13 14:51:57,36.81206896551724
2569,112.94,10,1.5,4,16,232.96,2026-05-13 14:51:57,29.088255494505493
2570,45.48,7,1.1,1,22,118.69,2026-05-13 14:51:57,22.990984918695762
2571,39.55,4,1.2,3,23,106.0,2026-05-13 14:51:57,22.38679245283019
2572,149.85,3,1.2,0,20,227.46,2026-05-13 14:51:57,39.52782906884727
2573,24.34,6,1.1,4,14,88.68,2026-05-13 14:51:57,16.468200270635993
2574,8.91,5,1.9,5,14,70.4,2026-05-13 14:51:57,7.59375
2575,121.24,7,1.4,1,10,214.78,2026-05-13 14:51:57,33.86907533289878
2576,75.84,10,1.7,2,12,183.24,2026-05-13 14:51:57,24.833005893909625
2577,26.28,9,1.8,1,13,121.97,2026-05-13 14:51:57,12.927769123554972
2578,99.12,1,1.8,6,2,159.5,2026-05-13 14:51:57,37.28652037617555
2579,141.67,3,1.7,4,15,219.14,2026-05-13 14:51:57,38.78890207173497
2580,84.12,6,1.4,5,19,159.24,2026-05-13 14:51:57,31.695553880934437
2581,143.9,4,1.1,1,20,216.3,2026-05-13 14:51:57,39.916782246879336
2582,73.71,9,2.0,1,1,185.75,2026-05-13 14:51:57,23.809421265141317
2583,77.46,4,1.4,1,23,149.29,2026-05-13 14:51:57,31.131355080715387
2584,45.95,7,1.7,5,7,123.88,2026-05-13 14:51:57,22.255408459799806
2585,52.6,3,1.2,4,15,104.08,2026-05-13 14:51:57,30.3228285933897
2586,79.56,8,1.6,3,13,176.03,2026-05-13 14:51:57,27.118104868488327
2587,35.39,7,1.3,0,21,107.35,2026-05-13 14:51:57,19.78015836050303
2588,103.51,2,1.6,6,5,173.76,2026-05-13 14:51:57,35.74240331491713
2589,127.92,1,1.8,0,9,202.4,2026-05-13 14:51:57,37.92094861660079
2590,143.02,1,1.9,6,18,219.12,2026-05-13 14:51:57,39.16210295728368
2591,43.68,10,1.5,0,12,145.6,2026-05-13 14:51:57,18.0
2592,146.35,5,1.3,0,17,242.49,2026-05-13 14:51:57,36.2118025485587
2593,81.73,5,1.8,1,14,171.32,2026-05-13 14:51:57,28.623628297922018
2594,44.35,1,1.9,2,0,89.93,2026-05-13 14:51:57,29.58968086289336
2595,136.93,5,1.8,2,13,234.27,2026-05-13 14:51:57,35.069791266487385
2596,123.55,2,1.4,6,12,182.56,2026-05-13 14:51:57,40.60582822085889
2597,50.23,4,1.5,2,5,123.95,2026-05-13 14:51:57,24.314643001210165
2598,98.5,6,1.3,2,7,185.19,2026-05-13 14:51:57,31.913170257573302
2599,112.39,2,1.1,3,19,165.73,2026-05-13 14:51:57,40.68907258794425
2600,42.42,2,1.8,4,0,96.58,2026-05-13 14:51:57,26.353282253054466
2601,52.17,8,1.7,4,15,133.96,2026-05-13 14:51:57,23.366676619886533
2602,147.42,4,1.6,1,13,236.19,2026-05-13 14:51:57,37.44951098691731
2603,138.81,3,1.2,3,16,204.09,2026-05-13 14:51:57,40.808466852859034
2604,16.85,10,1.8,3,17,119.85,2026-05-13 14:51:57,8.435544430538174
2605,23.47,2,1.5,3,8,73.21,2026-05-13 14:51:57,19.235077175249284
2606,39.51,3,1.9,4,15,109.01,2026-05-13 14:51:57,21.74662874965599
2607,17.3,10,1.6,1,7,103.0,2026-05-13 14:51:57,10.077669902912623
2608,111.55,5,1.3,0,5,185.97,2026-05-13 14:51:57,35.98967575415389
2609,77.38,3,1.5,6,11,133.77,2026-05-13 14:51:57,34.70733348284368
2610,40.1,8,1.6,6,4,131.23,2026-05-13 14:51:57,18.3342223576926
2611,132.6,10,1.9,4,17,259.76,2026-05-13 14:51:57,30.6282722513089
2612,21.82,7,1.6,6,23,99.67,2026-05-13 14:51:57,13.135346643924953
2613,104.12,6,1.4,4,1,190.46,2026-05-13 14:51:57,32.80058804998425
2614,120.21,7,1.6,3,7,215.05,2026-05-13 14:51:57,33.539176935596366
2615,94.23,8,1.4,1,9,183.75,2026-05-13 14:51:57,30.768979591836736
2616,24.75,4,1.5,0,21,87.11,2026-05-13 14:51:57,17.047411319021926
2617,143.81,8,1.3,2,1,255.53,2026-05-13 14:51:57,33.76746370289203
2618,106.01,10,1.1,0,19,201.05,2026-05-13 14:51:57,31.6369062422283
2619,129.14,9,1.5,2,3,239.38,2026-05-13 14:51:57,32.368618932241624
2620,10.62,3,1.7,4,20,57.48,2026-05-13 14:51:57,11.085594989561587
2621,110.92,7,1.3,3,12,202.65,2026-05-13 14:51:57,32.84085862324204
2622,127.64,6,1.9,4,13,218.54,2026-05-13 14:51:57,35.043470302919374
2623,36.23,8,1.3,2,14,107.03,2026-05-13 14:51:57,20.310193403718582
2624,80.71,9,1.3,4,9,168.09,2026-05-13 14:51:57,28.809566303765838
2625,129.67,2,1.3,3,17,196.54,2026-05-13 14:51:57,39.58583494454055
2626,76.75,5,1.2,3,6,145.21,2026-05-13 14:51:57,31.712691963363405
2627,72.49,10,1.4,0,7,175.93,2026-05-13 14:51:57,24.722332745978512
2628,79.36,3,1.1,3,3,147.38,2026-05-13 14:51:57,32.30831863210748
2629,56.5,1,1.3,5,19,103.55,2026-05-13 14:51:57,32.73780782230806
2630,88.47,10,1.6,6,23,204.17,2026-05-13 14:51:57,25.998922466571976
2631,124.72,9,1.9,3,18,240.32,2026-05-13 14:51:57,31.13848202396804
2632,92.34,1,1.9,3,2,162.83,2026-05-13 14:51:57,34.02567094515752
2633,71.61,10,1.7,0,6,173.62,2026-05-13 14:51:57,24.747148945973965
2634,117.35,4,1.9,6,20,196.7,2026-05-13 14:51:57,35.7956278596848
2635,93.82,9,1.1,2,20,193.82,2026-05-13 14:51:57,29.04344236920854
2636,70.03,5,1.3,6,1,143.01,2026-05-13 14:51:57,29.381162156492557
2637,90.89,7,1.9,5,11,195.66,2026-05-13 14:51:57,27.87181846059491
2638,85.5,8,1.1,6,15,171.03,2026-05-13 14:51:57,29.994737765304336
2639,140.07,5,1.0,1,3,213.2,2026-05-13 14:51:57,39.41932457786116
2640,47.68,1,1.4,3,11,89.49,2026-05-13 14:51:57,31.967817633255116
2641,49.5,10,1.5,6,13,150.44,2026-05-13 14:51:57,19.7420898697155
2642,34.28,2,1.3,0,4,77.2,2026-05-13 14:51:57,26.642487046632127
2643,95.32,1,2.0,6,4,154.57,2026-05-13 14:51:57,37.00071165167885
2644,18.98,4,1.4,3,15,66.93,2026-05-13 14:51:57,17.01479157328552
2645,109.88,4,1.1,0,15,185.07,2026-05-13 14:51:57,35.623277678716164
2646,68.52,7,2.0,3,0,166.58,2026-05-13 14:51:57,24.680033617481087
2647,98.76,2,1.9,1,11,164.9,2026-05-13 14:51:57,35.934505761067314
2648,9.66,10,1.3,4,1,98.97,2026-05-13 14:51:57,5.856320096999091
2649,136.39,9,1.5,6,5,243.98,2026-05-13 14:51:57,33.54127387490777
2650,119.26,5,1.0,4,20,194.93,2026-05-13 14:51:57,36.70856204791464
2651,111.33,10,1.7,3,17,232.84,2026-05-13 14:51:57,28.688369695928532
2652,89.64,1,1.6,3,19,151.29,2026-05-13 14:51:57,35.55026769779893
2653,32.13,7,1.9,1,17,109.74,2026-05-13 14:51:57,17.566976489885185
2654,51.03,6,1.2,1,8,121.64,2026-05-13 14:51:57,25.170996382768827
2655,71.98,2,1.4,2,3,121.32,2026-05-13 14:51:57,35.598417408506435
2656,40.29,1,1.2,5,21,85.97,2026-05-13 14:51:57,28.11911131790159
2657,48.02,5,1.7,1,12,117.59,2026-05-13 14:51:57,24.502083510502594
2658,12.05,6,1.6,3,21,79.87,2026-05-13 14:51:57,9.05220984099161
2659,5.76,5,1.1,2,23,53.08,2026-05-13 14:51:57,6.510926902788245
2660,95.74,10,1.5,0,14,206.96,2026-05-13 14:51:57,27.75608813297255
2661,110.48,5,1.6,3,19,195.83,2026-05-13 14:51:57,33.84976765561967
2662,129.64,8,1.3,5,23,222.27,2026-05-13 14:51:57,34.99527601565663
2663,52.63,6,1.4,4,1,117.93,2026-05-13 14:51:57,26.776901551768
2664,102.06,8,1.0,0,0,185.87,2026-05-13 14:51:57,32.945607144778606
2665,100.99,10,1.3,2,22,210.35,2026-05-13 14:51:57,28.8062752555265
2666,72.52,1,1.5,5,9,121.43,2026-05-13 14:51:57,35.83299020011528
2667,126.86,5,1.5,0,4,213.22,2026-05-13 14:51:57,35.698339742988466
2668,32.7,7,1.1,3,1,98.35,2026-05-13 14:51:57,19.949161159125573
2669,90.26,1,1.4,2,16,153.52,2026-05-13 14:51:57,35.27618551328817
2670,41.46,5,1.5,6,9,100.82,2026-05-13 14:51:57,24.673675857964692
2671,69.22,2,2.0,2,12,137.04,2026-05-13 14:51:57,30.306479859894925
2672,124.66,10,1.8,6,19,250.63,2026-05-13 14:51:57,29.84319514822647
2673,46.5,4,2.0,6,1,122.43,2026-05-13 14:51:57,22.788532222494485
2674,41.98,4,1.1,3,19,98.61,2026-05-13 14:51:57,25.543048372376024
2675,149.4,6,1.6,6,1,246.53,2026-05-13 14:51:57,36.36068632620777
2676,65.72,1,1.1,4,8,112.67,2026-05-13 14:51:57,34.997781130735774
2677,103.64,3,1.4,4,10,163.65,2026-05-13 14:51:57,37.99816681943172
2678,117.0,3,1.8,5,2,199.6,2026-05-13 14:51:57,35.170340681362724
2679,81.66,9,1.4,1,9,176.32,2026-05-13 14:51:57,27.788112522686024
2680,83.62,1,1.9,3,19,152.74,2026-05-13 14:51:57,32.84797695430142
2681,73.84,7,1.7,0,21,153.3,2026-05-13 14:51:57,28.900195694716242
2682,51.19,8,1.2,5,22,131.95,2026-05-13 14:51:57,23.276998863205762
2683,139.11,2,2.0,4,12,225.31,2026-05-13 14:51:57,37.044960276951755
2684,69.88,7,1.1,3,22,151.64,2026-05-13 14:51:57,27.649696649960436
2685,61.75,7,1.3,3,1,136.58,2026-05-13 14:51:57,27.126958559086248
2686,60.27,2,1.2,1,13,106.69,2026-05-13 14:51:57,33.89446058674665
2687,146.16,8,1.5,6,9,261.01,2026-05-13 14:51:57,33.598712693000266
2688,48.9,1,1.1,3,9,95.96,2026-05-13 14:51:57,30.575239683201335
2689,122.22,1,1.4,3,8,177.93,2026-05-13 14:51:57,41.213960546282244
2690,94.62,5,1.9,6,15,181.36,2026-05-13 14:51:57,31.303484781649757
2691,72.3,2,1.3,3,19,125.7,2026-05-13 14:51:57,34.510739856801905
2692,135.93,8,1.6,1,23,231.13,2026-05-13 14:51:57,35.28663522692857
2693,60.11,1,1.9,0,18,107.94,2026-05-13 14:51:57,33.4130072262368
2694,48.01,5,1.3,1,3,119.48,2026-05-13 14:51:57,24.10947438901908
2695,100.92,7,1.9,0,0,198.54,2026-05-13 14:51:57,30.49864007252947
2696,63.24,9,1.4,0,18,166.34,2026-05-13 14:51:57,22.811109775159313
2697,98.31,2,1.4,0,21,150.16,2026-05-13 14:51:57,39.28209909429941
2698,125.85,7,2.0,5,21,225.23,2026-05-13 14:51:57,33.525729254539804
2699,81.26,7,1.9,5,9,180.94,2026-05-13 14:51:57,26.945948933348074
2700,83.34,1,1.3,2,16,128.9,2026-05-13 14:51:57,38.79286268425136
2701,33.3,5,1.8,1,4,108.52,2026-05-13 14:51:57,18.411352746037597
2702,137.61,2,1.2,2,2,200.82,2026-05-13 14:51:57,41.11443083358232
2703,128.04,6,1.3,6,0,221.4,2026-05-13 14:51:57,34.699186991869915
2704,117.47,8,1.1,3,16,203.74,2026-05-13 14:51:57,34.59409050750957
2705,24.49,10,1.1,3,13,108.7,2026-05-13 14:51:57,13.517939282428701
2706,37.52,8,1.3,2,0,112.34,2026-05-13 14:51:57,20.039166815025816
2707,75.02,4,1.3,0,10,148.44,2026-05-13 14:51:57,30.32336297493937
2708,135.41,2,1.7,4,10,202.28,2026-05-13 14:51:57,40.165117658690924
2709,87.1,5,1.3,1,18,161.16,2026-05-13 14:51:57,32.42740134028295
2710,19.48,7,1.9,3,4,104.83,2026-05-13 14:51:57,11.149480110655348
2711,43.68,1,1.8,2,6,84.93,2026-05-13 14:51:57,30.858353938537615
2712,21.49,6,1.6,4,11,83.91,2026-05-13 14:51:57,15.366464068644976
2713,87.28,8,1.5,6,20,172.73,2026-05-13 14:51:57,30.31783708678284
2714,126.93,5,1.1,5,0,212.97,2026-05-13 14:51:57,35.759966192421466
2715,67.54,5,1.4,6,14,133.6,2026-05-13 14:51:57,30.332335329341323
2716,58.44,2,1.1,4,19,109.47,2026-05-13 14:51:57,32.03069334064127
2717,71.53,10,2.0,0,18,182.86,2026-05-13 14:51:57,23.47041452477305
2718,11.95,3,1.3,5,6,57.31,2026-05-13 14:51:57,12.510905601116733
2719,76.75,9,1.1,1,6,171.31,2026-05-13 14:51:57,26.881092755822774
2720,34.58,1,1.8,0,0,85.06,2026-05-13 14:51:57,24.392193745591346
2721,92.88,10,1.9,2,20,197.07,2026-05-13 14:51:57,28.27827675445273
2722,44.0,2,1.7,1,19,100.08,2026-05-13 14:51:57,26.378896882494004
2723,65.33,7,1.4,5,14,149.84,2026-05-13 14:51:57,26.159903897490658
2724,30.48,8,1.2,0,12,102.8,2026-05-13 14:51:57,17.78988326848249
2725,78.58,3,1.5,6,22,141.39,2026-05-13 14:51:57,33.34606407808191
2726,149.79,3,1.5,2,8,238.15,2026-05-13 14:51:57,37.738400167961366
2727,63.65,7,2.0,3,1,156.0,2026-05-13 14:51:57,24.48076923076923
2728,135.02,8,1.6,2,12,230.84,2026-05-13 14:51:57,35.09443770577023
2729,64.63,4,1.4,0,15,138.7,2026-05-13 14:51:57,27.958183129055517
2730,40.99,1,1.8,2,5,83.52,2026-05-13 14:51:57,29.446839080459775
2731,83.0,2,1.5,0,8,138.11,2026-05-13 14:51:57,36.05821446672942
2732,88.9,1,1.6,6,17,142.16,2026-05-13 14:51:57,37.52110298255487
2733,110.63,10,1.3,1,6,222.48,2026-05-13 14:51:57,29.835490830636463
2734,81.15,3,1.2,2,23,138.39,2026-05-13 14:51:57,35.18317797528724
2735,35.71,1,1.4,0,17,73.53,2026-05-13 14:51:57,29.139126886984904
2736,148.32,10,1.9,5,2,263.31,2026-05-13 14:51:57,33.797425088298965
2737,125.9,5,1.1,0,4,197.29,2026-05-13 14:51:57,38.28881342186629
2738,13.14,2,1.6,6,1,65.58,2026-05-13 14:51:57,12.021957913998172
2739,55.32,1,1.7,6,7,106.85,2026-05-13 14:51:57,31.064108563406645
2740,146.11,5,1.8,0,16,247.9,2026-05-13 14:51:57,35.363453005244054
2742,71.17,10,1.0,3,9,174.11,2026-05-13 14:51:57,24.525874447188556
2743,66.8,9,1.8,3,5,161.92,2026-05-13 14:51:57,24.75296442687747
2744,75.88,9,1.8,3,13,180.28,2026-05-13 14:51:57,25.25404925671178
2745,22.25,8,1.9,1,18,111.87,2026-05-13 14:51:57,11.93349423437919
2746,30.23,5,1.4,0,2,89.78,2026-05-13 14:51:57,20.202717754511028
2747,28.07,10,1.9,3,8,117.64,2026-05-13 14:51:57,14.316558993539612
2748,33.19,6,1.7,4,19,109.35,2026-05-13 14:51:57,18.21124828532236
2749,19.65,9,1.6,5,23,108.09,2026-05-13 14:51:57,10.907577019150706
2750,119.33,2,1.7,3,15,198.19,2026-05-13 14:51:57,36.12593975478077
2751,118.27,8,1.1,3,19,212.28,2026-05-13 14:51:57,33.42849067269644
2752,23.27,1,1.6,5,7,67.87,2026-05-13 14:51:57,20.57168115514955
2753,115.65,10,1.2,1,4,231.41,2026-05-13 14:51:57,29.985739596387365
2754,132.09,2,1.9,3,0,198.81,2026-05-13 14:51:57,39.86419194205523
2755,122.46,6,1.8,1,9,210.01,2026-05-13 14:51:57,34.98690538545784
2756,36.0,4,1.9,0,7,109.23,2026-05-13 14:51:57,19.774787146388356
2757,130.01,6,1.6,3,22,220.37,2026-05-13 14:51:57,35.39774016426918
2758,67.57,10,1.4,0,18,172.59,2026-05-13 14:51:57,23.490352859377712
2759,135.23,10,1.5,0,0,258.92,2026-05-13 14:51:57,31.337092538235748
2760,23.94,7,1.3,5,15,100.49,2026-05-13 14:51:57,14.29395959796995
2761,101.41,3,1.5,1,9,180.62,2026-05-13 14:51:57,33.687299302402835
2762,143.04,2,1.8,2,19,211.04,2026-05-13 14:51:57,40.66717210007582
2763,34.93,4,1.1,5,3,97.28,2026-05-13 14:51:57,21.543996710526315
2764,35.07,4,1.1,1,7,92.18,2026-05-13 14:51:57,22.827077457149052
2765,35.85,5,1.3,4,1,108.87,2026-05-13 14:51:57,19.757508955635164
2766,146.04,10,1.6,6,8,255.67,2026-05-13 14:51:57,34.272304142058125
2767,43.95,8,1.5,1,14,133.85,2026-05-13 14:51:57,19.701158012700784
2768,21.06,1,1.9,2,21,69.15,2026-05-13 14:51:57,18.273318872017352
2769,6.33,5,1.1,6,11,59.58,2026-05-13 14:51:57,6.374622356495468
2770,61.67,9,1.3,2,13,149.19,2026-05-13 14:51:57,24.801930424291175
2771,100.19,4,1.1,2,14,172.11,2026-05-13 14:51:57,34.92766254139794
2772,99.99,10,1.6,0,7,214.93,2026-05-13 14:51:57,27.913274089238353
2773,8.03,3,1.7,6,9,66.95,2026-05-13 14:51:57,7.196415235250186
2774,130.97,4,1.0,2,18,196.77,2026-05-13 14:51:57,39.935965848452504
2775,68.47,9,1.3,1,13,159.83,2026-05-13 14:51:57,25.703560032534565
2776,44.69,9,2.0,1,16,143.01,2026-05-13 14:51:57,18.749737780574787
2777,11.98,8,1.1,5,12,85.98,2026-05-13 14:51:57,8.360083740404745
2778,13.23,6,1.7,6,20,81.12,2026-05-13 14:51:57,9.785502958579881
2779,87.54,10,1.9,6,13,193.76,2026-05-13 14:51:57,27.10776218001652
2780,119.29,1,1.9,5,23,192.16,2026-05-13 14:51:57,37.247085761865115
2781,104.51,3,1.8,3,2,171.78,2026-05-13 14:51:57,36.503667481662596
2782,53.12,5,1.5,1,1,128.31,2026-05-13 14:51:57,24.839841010053775
2783,25.52,1,1.1,5,4,57.09,2026-05-13 14:51:57,26.820809248554912
2784,38.05,6,1.6,3,19,102.99,2026-05-13 14:51:57,22.167200699097
2785,96.78,3,1.2,2,17,154.41,2026-05-13 14:51:57,37.60637264425879
2786,48.57,8,2.0,2,22,151.54,2026-05-13 14:51:57,19.23056618714531
2787,37.96,7,1.5,3,18,117.29,2026-05-13 14:51:57,19.4185352544974
2788,35.75,7,1.0,1,7,114.92,2026-05-13 14:51:57,18.665158371040725
2789,129.61,2,1.6,5,10,202.89,2026-05-13 14:51:57,38.329143871063145
2790,8.87,7,1.5,0,17,84.27,2026-05-13 14:51:57,6.315414738341047
2791,132.75,7,1.3,0,11,231.47,2026-05-13 14:51:57,34.41050676113535
2792,47.18,5,1.5,2,19,126.49,2026-05-13 14:51:57,22.379634753735473
2793,117.43,8,1.7,0,10,216.74,2026-05-13 14:51:57,32.508074190274066
2794,48.63,2,1.6,4,20,105.76,2026-05-13 14:51:57,27.588880484114977
2795,139.98,10,1.6,5,3,256.19,2026-05-13 14:51:57,32.78348101018775
2796,86.81,2,1.3,4,20,135.94,2026-05-13 14:51:57,38.31543327938797
2797,132.21,10,2.0,0,18,248.69,2026-05-13 14:51:57,31.897543125980135
2798,21.54,5,1.1,0,3,85.13,2026-05-13 14:51:57,15.181487137319396
2799,137.99,7,1.4,0,1,240.15,2026-05-13 14:51:57,34.47595252966896
2800,98.32,7,1.5,6,0,194.82,2026-05-13 14:51:57,30.280258700338774
2801,35.92,4,1.3,5,7,84.84,2026-05-13 14:51:57,25.403111739745402
2802,118.25,10,1.6,0,17,226.49,2026-05-13 14:51:57,31.325886352598346
2803,105.28,5,1.4,3,12,181.32,2026-05-13 14:51:57,34.83785572468564
2804,66.41,7,1.3,1,0,149.45,2026-05-13 14:51:57,26.661759785881564
2805,87.44,9,1.3,4,21,193.59,2026-05-13 14:51:57,27.100573376724004
2806,40.71,4,1.8,2,0,101.16,2026-05-13 14:51:57,24.14590747330961
2807,60.77,7,1.7,6,17,141.31,2026-05-13 14:51:57,25.80284480928455
2808,38.84,10,1.5,0,1,131.14,2026-05-13 14:51:57,17.77032179350313
2809,36.61,9,1.4,0,1,127.75,2026-05-13 14:51:57,17.194520547945203
2810,37.5,5,1.9,4,6,101.88,2026-05-13 14:51:57,22.084805653710248
2811,13.65,2,1.8,3,13,59.49,2026-05-13 14:51:57,13.767019667170953
2812,101.54,2,1.5,3,0,160.54,2026-05-13 14:51:57,37.949420705120225
2813,101.28,6,1.1,5,19,183.02,2026-05-13 14:51:57,33.202928641678504
2814,84.69,5,1.0,1,6,161.5,2026-05-13 14:51:57,31.463777089783278
2815,110.69,7,1.6,5,16,206.25,2026-05-13 14:51:57,32.20072727272727
2816,6.55,7,1.6,6,19,73.79,2026-05-13 14:51:57,5.325924922076162
2818,139.37,10,1.5,0,13,255.79,2026-05-13 14:51:57,32.69166112826928
2819,26.48,3,1.8,4,18,92.68,2026-05-13 14:51:57,17.142857142857142
2820,105.53,1,1.6,5,9,175.24,2026-05-13 14:51:57,36.13216160693905
2821,85.22,3,1.7,5,22,156.43,2026-05-13 14:51:57,32.68682477785591
2822,58.48,9,1.7,3,23,152.81,2026-05-13 14:51:57,22.961848046593808
2823,138.3,1,1.5,0,11,197.72,2026-05-13 14:51:57,41.9684402184908
2824,76.45,4,1.6,2,23,148.16,2026-05-13 14:51:57,30.95977321814255
2825,96.39,7,1.1,4,7,173.91,2026-05-13 14:51:57,33.25513196480939
2826,130.33,7,1.4,0,21,219.76,2026-05-13 14:51:57,35.5833636694576
2827,118.43,1,1.0,0,21,179.72,2026-05-13 14:51:57,39.538170487424885
2828,17.28,3,1.0,4,5,55.39,2026-05-13 14:51:57,18.718180176927245
2829,80.67,6,1.7,0,5,171.18,2026-05-13 14:51:57,28.275499474237645
2830,64.5,4,1.3,1,9,136.35,2026-05-13 14:51:57,28.382838283828384
2831,112.51,7,1.5,6,1,200.64,2026-05-13 14:51:57,33.645334928229666
2832,128.55,3,1.5,2,13,209.4,2026-05-13 14:51:57,36.83381088825215
2833,46.39,5,2.0,5,16,122.13,2026-05-13 14:51:57,22.790469172193568
2834,19.12,10,1.6,6,15,118.65,2026-05-13 14:51:57,9.668773704171935
2835,103.23,6,1.3,4,8,181.03,2026-05-13 14:51:57,34.21421863779484
2836,129.49,10,1.5,6,7,242.78,2026-05-13 14:51:57,32.00181234039048
2837,46.59,8,1.1,0,5,119.62,2026-05-13 14:51:57,23.369001839157335
2838,95.51,5,1.0,1,9,172.31,2026-05-13 14:51:57,33.257501015611396
2839,130.24,3,1.9,4,4,206.13,2026-05-13 14:51:57,37.910056760296904
2840,39.46,2,1.2,5,8,89.21,2026-05-13 14:51:57,26.53962560251093
2841,20.5,9,1.3,5,21,107.09,2026-05-13 14:51:57,11.485666262022598
2842,68.17,5,1.4,6,0,141.42,2026-05-13 14:51:57,28.922358930844297
2843,80.9,3,1.2,5,15,145.25,2026-05-13 14:51:57,33.418244406196216
2844,60.97,6,1.4,3,5,137.27,2026-05-13 14:51:57,26.64966853646099
2845,22.4,8,1.3,2,1,108.55,2026-05-13 14:51:57,12.381391064025795
2846,87.86,6,1.2,4,8,160.37,2026-05-13 14:51:57,32.87148469165056
2847,98.58,9,1.5,0,9,205.24,2026-05-13 14:51:57,28.818943675696744
2848,81.66,1,1.8,0,5,138.76,2026-05-13 14:51:57,35.309887575670224
2849,136.09,3,1.7,0,15,223.82,2026-05-13 14:51:57,36.4819944598338
2850,46.99,2,1.1,3,0,103.69,2026-05-13 14:51:57,27.190664480663518
2851,117.22,6,1.3,0,10,201.37,2026-05-13 14:51:57,34.92675175050901
2852,44.64,6,1.4,4,21,114.83,2026-05-13 14:51:57,23.324915091874946
2853,104.34,8,1.5,3,13,205.94,2026-05-13 14:51:57,30.39914538215014
2854,36.15,9,1.8,2,9,120.44,2026-05-13 14:51:57,18.00896712055795
2855,56.11,4,1.9,0,22,130.27,2026-05-13 14:51:57,25.843248637445306
2856,42.66,9,1.2,3,1,130.31,2026-05-13 14:51:57,19.642391220934694
2857,9.25,2,1.4,5,20,61.77,2026-05-13 14:51:57,8.984944147644487
2858,102.82,7,1.5,2,8,199.75,2026-05-13 14:51:57,30.884605757196493
2859,136.25,7,1.3,1,4,225.18,2026-05-13 14:51:57,36.304289901412204
2860,91.84,2,1.4,5,8,157.82,2026-05-13 14:51:57,34.91572677734128
2861,108.57,5,1.7,1,16,203.11,2026-05-13 14:51:57,32.07227610654325
2862,143.08,7,1.2,0,22,231.27,2026-05-13 14:51:57,37.1202490595408
2863,14.86,7,2.0,2,20,97.09,2026-05-13 14:51:57,9.183232052734576
2864,136.44,9,1.2,5,13,246.64,2026-05-13 14:51:57,33.19169639961078
2865,41.82,4,1.2,0,3,94.17,2026-05-13 14:51:57,26.645428480407773
2866,83.54,7,2.0,3,10,173.91,2026-05-13 14:51:57,28.82180438157668
2867,109.73,2,1.2,0,9,170.75,2026-05-13 14:51:57,38.55812591508053
2868,137.68,7,1.6,4,0,235.39,2026-05-13 14:51:57,35.09409915459451
2869,78.76,2,1.9,4,19,146.32,2026-05-13 14:51:57,32.29633679606342
2870,136.0,2,1.1,6,20,191.04,2026-05-13 14:51:57,42.71356783919598
2871,81.52,10,1.3,3,17,182.47,2026-05-13 14:51:57,26.805502274346466
2872,94.54,10,1.9,5,7,205.33,2026-05-13 14:51:57,27.62577314566795
2873,146.99,1,1.6,0,22,217.5,2026-05-13 14:51:57,40.548965517241385
2874,132.79,7,2.0,3,3,228.71,2026-05-13 14:51:57,34.836255520090944
2875,113.4,7,1.5,5,17,210.5,2026-05-13 14:51:57,32.32304038004751
2876,134.61,4,1.9,2,3,230.08,2026-05-13 14:51:57,35.103442280945764
2877,9.34,6,1.0,1,5,60.05,2026-05-13 14:51:57,9.332223147377187
2878,76.8,7,1.6,1,8,174.14,2026-05-13 14:51:57,26.461467784541178
2879,114.1,8,1.6,4,11,211.42,2026-05-13 14:51:57,32.38104247469492
2880,147.47,8,1.4,4,10,260.07,2026-05-13 14:51:57,34.02237859037951
2881,113.08,6,1.7,0,0,211.54,2026-05-13 14:51:57,32.07336673915099
2882,110.88,8,1.2,6,23,202.76,2026-05-13 14:51:57,32.81120536594989
2883,83.9,9,1.7,3,16,191.59,2026-05-13 14:51:57,26.274857769194632
2884,126.27,8,1.0,2,3,221.02,2026-05-13 14:51:57,34.2783458510542
2885,14.48,8,1.3,4,9,91.3,2026-05-13 14:51:57,9.515881708652794
2886,48.04,6,1.8,2,11,133.76,2026-05-13 14:51:57,21.549043062200955
2887,53.47,3,1.7,2,20,113.64,2026-05-13 14:51:57,28.231256599788807
2888,140.26,8,1.3,1,12,233.8,2026-05-13 14:51:57,35.99486740804105
2889,101.14,5,1.4,0,1,182.67,2026-05-13 14:51:57,33.22056166858269
2890,47.05,9,1.3,0,9,134.98,2026-05-13 14:51:57,20.914209512520372
2891,112.93,6,1.2,6,20,205.28,2026-05-13 14:51:57,33.00759937646142
2892,131.18,1,1.0,5,17,197.64,2026-05-13 14:51:57,39.82392228293868
2893,116.19,4,1.7,1,9,200.42,2026-05-13 14:51:57,34.78395369723581
2894,146.95,7,1.6,1,6,250.2,2026-05-13 14:51:57,35.23980815347721
2895,139.99,5,1.0,0,12,221.5,2026-05-13 14:51:57,37.92054176072235
2896,25.81,3,1.9,1,11,95.66,2026-05-13 14:51:57,16.188584570353335
2897,39.68,6,1.5,2,7,115.18,2026-05-13 14:51:57,20.670255252648026
2898,51.87,2,1.0,3,22,94.61,2026-05-13 14:51:57,32.89504280731423
2899,39.5,6,1.5,0,4,107.7,2026-05-13 14:51:57,22.005571030640667
2900,67.55,4,1.0,6,10,137.7,2026-05-13 14:51:57,29.43355119825708
2901,73.21,9,1.7,3,16,163.35,2026-05-13 14:51:57,26.89072543617998
2902,41.0,3,1.4,2,6,94.99,2026-05-13 14:51:57,25.897462890830614
2903,125.04,5,1.2,6,0,200.72,2026-05-13 14:51:57,37.3774412116381
2904,118.29,9,1.7,4,13,224.77,2026-05-13 14:51:57,31.576277973039108
2905,31.33,6,1.4,6,11,102.7,2026-05-13 14:51:57,18.30379746835443
2906,115.31,8,1.9,0,10,219.61,2026-05-13 14:51:57,31.50402987113519
2907,127.63,4,1.0,1,8,195.37,2026-05-13 14:51:57,39.196396580846596
2908,143.35,1,1.3,3,17,216.47,2026-05-13 14:51:57,39.732988404859796
2909,60.92,2,1.1,3,2,102.62,2026-05-13 14:51:57,35.61878776067043
2910,101.99,6,1.3,6,14,181.86,2026-05-13 14:51:57,33.64896073903002
2911,133.86,4,1.1,0,1,202.97,2026-05-13 14:51:57,39.57037985909248
2912,69.0,9,1.1,6,20,158.03,2026-05-13 14:51:57,26.197557425805226
2913,48.48,8,1.2,6,13,121.73,2026-05-13 14:51:57,23.895506448697933
2914,73.19,9,1.6,0,0,175.12,2026-05-13 14:51:57,25.076518958428505
2915,143.73,4,1.4,2,6,234.11,2026-05-13 14:51:57,36.83652983640169
2916,85.55,6,1.9,5,17,182.39,2026-05-13 14:51:57,28.142990295520587
2917,25.1,3,1.6,5,13,85.07,2026-05-13 14:51:57,17.703068061596333
2918,82.95,2,1.7,2,19,146.31,2026-05-13 14:51:57,34.01681361492721
2919,89.77,3,1.7,3,18,166.77,2026-05-13 14:51:57,32.29717575103436
2920,50.75,6,1.3,1,18,122.44,2026-05-13 14:51:57,24.869323750408363
2921,87.32,6,1.0,6,16,169.49,2026-05-13 14:51:57,30.911558204023834
2922,140.83,5,1.8,2,19,227.94,2026-05-13 14:51:57,37.0702816530666
2923,87.27,6,1.4,0,3,161.44,2026-05-13 14:51:57,32.43434093161546
2924,135.95,6,2.0,2,17,239.13,2026-05-13 14:51:57,34.11115292936896
2925,94.37,8,1.5,5,22,186.5,2026-05-13 14:51:57,30.360321715817694
2926,30.11,3,1.5,2,1,79.1,2026-05-13 14:51:57,22.839443742098613
2927,146.03,4,1.5,0,14,230.31,2026-05-13 14:51:57,38.0435065780904
2928,103.7,2,1.6,4,18,175.39,2026-05-13 14:51:57,35.47522663777867
2929,96.02,1,1.5,0,15,150.51,2026-05-13 14:51:57,38.277855292007175
2930,117.12,1,1.6,0,9,185.09,2026-05-13 14:51:57,37.96639472688962
2931,130.57,6,1.5,0,5,229.11,2026-05-13 14:51:57,34.194055257299986
2932,78.65,10,1.8,1,1,185.12,2026-05-13 14:51:57,25.49157303370787
2933,136.4,6,1.7,2,10,240.01,2026-05-13 14:51:57,34.09857922586559
2934,10.17,1,1.7,4,22,57.73,2026-05-13 14:51:57,10.569894335700676
2935,132.55,8,1.2,5,1,238.94,2026-05-13 14:51:57,33.284506570687206
2936,89.58,4,1.9,5,14,169.96,2026-05-13 14:51:57,31.623911508590254
2937,107.81,7,1.6,5,14,205.72,2026-05-13 14:51:57,31.443709896947308
2938,59.15,5,1.3,3,19,130.57,2026-05-13 14:51:57,27.18082254729264
2939,93.55,6,1.3,3,13,177.68,2026-05-13 14:51:57,31.59049977487618
2940,79.33,3,1.5,3,4,151.14,2026-05-13 14:51:57,31.492655815799925
2941,12.78,1,1.5,2,15,45.27,2026-05-13 14:51:57,16.938369781312126
2942,22.92,10,1.6,3,1,122.77,2026-05-13 14:51:57,11.201433574977601
2943,55.54,8,1.5,5,3,147.52,2026-05-13 14:51:57,22.589479392624728
2944,133.23,8,1.2,3,5,232.37,2026-05-13 14:51:57,34.401170546972494
2945,16.88,2,1.2,5,22,49.37,2026-05-13 14:51:57,20.514482479238403
2946,8.84,9,1.3,5,4,85.73,2026-05-13 14:51:57,6.186865741280765
2947,40.95,6,1.5,6,19,121.9,2026-05-13 14:51:57,20.155865463494667
2948,27.87,9,2.0,1,4,127.86,2026-05-13 14:51:57,13.078366963866731
2949,21.36,8,1.3,0,15,104.93,2026-05-13 14:51:57,12.213856856952253
2950,146.45,7,1.4,0,23,245.48,2026-05-13 14:51:57,35.79517679648036
2951,106.76,2,1.1,1,8,171.95,2026-05-13 14:51:57,37.252689735388195
2952,60.29,9,1.8,0,14,158.38,2026-05-13 14:51:57,22.840005051142825
2953,36.21,6,1.8,2,7,115.75,2026-05-13 14:51:57,18.76976241900648
2954,41.11,7,1.5,2,15,118.52,2026-05-13 14:51:57,20.811677354033076
2955,68.57,2,1.1,6,1,118.03,2026-05-13 14:51:57,34.857239684825885
2956,79.44,10,1.1,1,13,172.79,2026-05-13 14:51:57,27.584929683430758
2957,40.76,2,1.3,3,2,81.47,2026-05-13 14:51:57,30.018411685282928
2958,143.97,2,1.5,0,5,219.18,2026-05-13 14:51:57,39.41144264987681
2959,72.63,8,1.2,1,13,153.37,2026-05-13 14:51:57,28.41364021646997
2960,24.18,5,1.7,2,23,99.43,2026-05-13 14:51:57,14.591169667102484
2961,127.85,9,1.5,0,6,227.44,2026-05-13 14:51:57,33.72757650369328
2962,123.74,2,1.8,6,19,195.38,2026-05-13 14:51:57,37.999795270754426
2963,27.29,10,1.7,5,21,120.83,2026-05-13 14:51:57,13.551270379872548
2964,107.67,1,1.7,0,19,160.42,2026-05-13 14:51:57,40.27053983293854
2965,43.16,3,1.3,5,3,101.05,2026-05-13 14:51:57,25.62691736763978
2966,93.44,7,1.5,3,11,178.06,2026-05-13 14:51:57,31.48601594967988
2967,74.82,1,2.0,5,17,128.78,2026-05-13 14:51:57,34.859450225190244
2968,78.27,10,1.8,5,5,184.56,2026-05-13 14:51:57,25.445383615084523
2969,106.19,4,1.5,2,2,184.44,2026-05-13 14:51:57,34.54456733897202
2970,28.47,7,1.4,3,17,112.1,2026-05-13 14:51:57,15.238180196253346
2971,57.18,3,1.7,6,22,110.9,2026-05-13 14:51:57,30.935978358881876
2972,48.25,6,1.3,3,16,127.25,2026-05-13 14:51:57,22.750491159135564
2973,50.78,7,1.6,6,6,127.78,2026-05-13 14:51:57,23.84410705900767
2974,93.18,1,1.2,6,9,139.46,2026-05-13 14:51:57,40.08891438405277
2975,71.05,6,1.5,2,3,143.2,2026-05-13 14:51:57,29.7695530726257
2976,90.19,5,1.6,3,15,162.19,2026-05-13 14:51:57,33.36457241506874
2977,9.51,6,1.7,2,15,75.2,2026-05-13 14:51:57,7.587765957446808
2978,26.2,7,1.2,2,11,104.99,2026-05-13 14:51:57,14.97285455757691
2979,146.15,2,1.1,2,5,214.98,2026-05-13 14:51:57,40.789840915434
2980,68.17,2,1.5,0,20,124.74,2026-05-13 14:51:57,32.78980278980279
2981,62.48,5,1.9,0,23,142.47,2026-05-13 14:51:57,26.3129079806275
2982,97.04,7,1.2,1,11,185.19,2026-05-13 14:51:57,31.440142556293537
2983,102.27,6,1.7,6,20,198.85,2026-05-13 14:51:57,30.858436007040485
2984,22.33,4,1.2,1,20,75.03,2026-05-13 14:51:57,17.85685725709716
2985,125.34,6,1.1,1,19,205.5,2026-05-13 14:51:57,36.59562043795621
2986,145.09,9,1.3,0,16,244.59,2026-05-13 14:51:57,35.591806696921374
2987,54.47,5,1.7,1,22,127.93,2026-05-13 14:51:57,25.546783397170323
2988,101.99,2,1.1,1,19,159.52,2026-05-13 14:51:57,38.36133400200601
2989,51.26,8,1.8,6,13,152.07,2026-05-13 14:51:57,20.22489642927599
2990,6.0,7,1.2,1,5,67.15,2026-05-13 14:51:57,5.361131794489947
2991,115.62,1,1.6,5,7,177.16,2026-05-13 14:51:57,39.15782343644164
2992,109.14,7,1.1,6,13,191.98,2026-05-13 14:51:57,34.109803104490055
2993,142.16,2,1.3,1,17,215.04,2026-05-13 14:51:57,39.66517857142857
2994,44.25,6,1.5,3,11,117.47,2026-05-13 14:51:57,22.60151528049715
2995,21.38,3,1.4,0,17,82.97,2026-05-13 14:51:57,15.461010003615764
2996,32.03,6,1.9,1,1,114.44,2026-05-13 14:51:57,16.793079342887104
2997,97.23,5,1.1,2,1,177.51,2026-05-13 14:51:57,32.86462734493831
2998,44.68,1,1.2,0,23,77.18,2026-05-13 14:51:57,34.73438714692925
2999,79.24,7,1.1,2,19,165.28,2026-05-13 14:51:57,28.765730880929333
3000,84.96,3,1.3,1,18,149.27,2026-05-13 14:51:57,34.15019762845849
3001,78.7,8,1.8,4,10,168.83,2026-05-13 14:51:57,27.96896286205058
3002,76.17,6,1.4,2,6,146.75,2026-05-13 14:51:57,31.1427597955707
3003,97.38,5,1.8,6,23,176.42,2026-05-13 14:51:57,33.11869402562068
3004,64.83,6,1.2,0,15,141.67,2026-05-13 14:51:57,27.456765723159453
3005,30.58,6,1.7,3,1,106.97,2026-05-13 14:51:57,17.15247265588483
3006,40.76,5,2.0,0,1,113.07,2026-05-13 14:51:57,21.629079331387636
3007,97.31,8,1.1,4,14,189.13,2026-05-13 14:51:57,30.870829588114
3008,20.95,10,1.3,3,17,118.93,2026-05-13 14:51:57,10.569242411502563
3009,100.24,8,1.2,0,13,189.51,2026-05-13 14:51:57,31.736583821434227
3010,145.58,2,1.6,3,2,221.97,2026-05-13 14:51:57,39.35126368428166
3011,80.24,3,2.0,6,11,160.55,2026-05-13 14:51:57,29.98691996262846
3012,75.18,8,1.9,2,17,166.44,2026-05-13 14:51:57,27.10165825522711
3013,26.77,2,1.7,0,5,77.52,2026-05-13 14:51:57,20.719814241486066
3014,127.0,9,1.3,0,4,236.84,2026-05-13 14:51:57,32.173619321060634
3015,121.13,6,1.4,6,0,212.7,2026-05-13 14:51:57,34.169252468265164
3016,107.28,3,1.4,2,11,173.49,2026-05-13 14:51:57,37.10185025073491
3017,111.74,9,2.0,1,16,217.37,2026-05-13 14:51:57,30.843262639738693
3018,41.47,4,1.4,4,1,103.77,2026-05-13 14:51:57,23.978028331887828
3019,128.43,5,1.7,2,7,222.44,2026-05-13 14:51:57,34.64215069232153
3020,102.47,3,1.4,6,13,176.99,2026-05-13 14:51:57,34.73755579411266
3021,54.48,4,1.5,4,10,116.82,2026-05-13 14:51:57,27.981510015408322
3022,74.44,5,1.7,1,21,150.08,2026-05-13 14:51:57,29.76012793176972
3023,95.64,2,1.2,1,6,150.12,2026-05-13 14:51:57,38.22541966426858
3024,15.76,5,1.8,2,23,79.96,2026-05-13 14:51:57,11.82591295647824
3025,135.22,7,1.6,2,1,234.46,2026-05-13 14:51:57,34.603770365947284
3026,50.59,8,1.2,1,23,133.22,2026-05-13 14:51:57,22.784867137066506
3027,101.69,2,1.4,3,19,161.45,2026-05-13 14:51:57,37.791266646020446
3028,28.42,9,1.6,4,22,121.08,2026-05-13 14:51:57,14.083250743310211
3029,80.56,3,1.3,0,8,138.18,2026-05-13 14:51:57,34.98046026921407
3030,104.34,8,1.8,3,1,211.02,2026-05-13 14:51:57,29.66733011088996
3031,36.06,6,1.2,3,23,105.57,2026-05-13 14:51:57,20.49445865302643
3032,38.86,1,1.2,5,11,72.21,2026-05-13 14:51:57,32.28915662650603
3033,53.58,4,1.6,4,1,119.4,2026-05-13 14:51:57,26.924623115577887
3034,31.46,7,1.5,5,4,101.77,2026-05-13 14:51:57,18.547705610690773
3035,66.26,1,1.1,5,23,113.85,2026-05-13 14:51:57,34.91963109354414
3036,32.16,1,2.0,5,9,83.6,2026-05-13 14:51:57,23.08133971291866
3037,119.4,8,1.9,4,9,229.47,2026-05-13 14:51:57,31.219767289841812
3038,80.64,4,1.7,0,16,155.5,2026-05-13 14:51:57,31.115112540192925
3039,61.71,5,1.5,2,3,127.3,2026-05-13 14:51:57,29.08562450903378
3040,127.46,10,1.6,1,21,240.25,2026-05-13 14:51:57,31.8318418314256
3041,135.41,8,1.6,3,19,237.77,2026-05-13 14:51:57,34.16999621482945
3042,74.42,9,1.1,4,14,165.39,2026-05-13 14:51:57,26.99800471612552
3043,131.14,6,1.1,4,6,226.55,2026-05-13 14:51:57,34.73140587066872
3044,83.45,5,1.1,2,17,147.26,2026-05-13 14:51:57,34.001086513649334
3045,120.71,1,1.7,3,3,192.01,2026-05-13 14:51:57,37.71991042133222
3046,133.0,7,1.1,6,18,219.92,2026-05-13 14:51:57,36.28592215351037
3047,7.56,7,1.7,6,11,75.3,2026-05-13 14:51:57,6.0239043824701195
3048,116.01,5,1.4,6,17,201.28,2026-05-13 14:51:57,34.581677265500794
3049,40.18,8,1.9,3,21,127.2,2026-05-13 14:51:57,18.952830188679243
3050,141.08,5,1.5,5,18,231.26,2026-05-13 14:51:57,36.602957709936874
3051,49.02,5,1.0,2,22,103.99,2026-05-13 14:51:57,28.283488796999716
3052,100.63,9,1.2,1,7,207.66,2026-05-13 14:51:57,29.075411730713668
3053,116.38,1,1.0,2,6,166.55,2026-05-13 14:51:57,41.92614830381267
3054,134.34,9,1.3,5,19,231.7,2026-05-13 14:51:57,34.78808804488563
3055,84.8,6,1.5,0,1,159.61,2026-05-13 14:51:57,31.87770189837729
3056,61.7,2,2.0,3,4,116.12,2026-05-13 14:51:57,31.8808129521185
3057,75.11,1,1.9,1,12,125.17,2026-05-13 14:51:57,36.00383478469281
3058,126.63,8,1.9,2,10,238.67,2026-05-13 14:51:57,31.833912934176897
3059,93.76,9,1.4,6,21,186.99,2026-05-13 14:51:57,30.085031285095457
3060,41.2,4,1.9,6,1,110.95,2026-05-13 14:51:57,22.2803064443443
3061,17.88,3,1.9,3,2,67.63,2026-05-13 14:51:57,15.862782788703237
3062,29.08,5,1.3,5,16,82.53,2026-05-13 14:51:57,21.141403126135952
3063,129.35,1,1.7,6,7,192.81,2026-05-13 14:51:57,40.25206161506146
3064,63.44,9,1.4,3,6,149.72,2026-05-13 14:51:57,25.423457119957252
3065,109.84,1,1.2,5,15,158.01,2026-05-13 14:51:57,41.708752610594274
3066,41.24,4,1.4,2,11,95.95,2026-05-13 14:51:57,25.788431474726423
3067,9.25,1,1.9,2,7,61.29,2026-05-13 14:51:57,9.055310817425354
3068,110.19,4,1.7,3,13,195.82,2026-05-13 14:51:57,33.762639158410785
3069,139.75,1,1.6,1,13,203.37,2026-05-13 14:51:57,41.23026995132025
3070,66.78,2,1.3,3,21,121.98,2026-05-13 14:51:57,32.848007870142645
3071,108.99,2,1.9,6,4,186.84,2026-05-13 14:51:57,35.0
3072,33.09,3,1.9,3,11,91.67,2026-05-13 14:51:57,21.658121522853715
3073,15.23,4,1.2,6,5,64.58,2026-05-13 14:51:57,14.149891607308763
3074,103.96,4,1.3,5,6,170.69,2026-05-13 14:51:57,36.543441326381156
3075,77.18,1,1.6,1,18,132.52,2026-05-13 14:51:57,34.94415937217024
3076,49.46,7,1.1,5,18,115.53,2026-05-13 14:51:57,25.686834588418595
3077,144.01,6,1.9,6,6,241.84,2026-05-13 14:51:57,35.72858087992061
3078,86.74,2,1.1,6,17,138.09,2026-05-13 14:51:57,37.68846404518792
3079,22.63,7,1.6,3,22,101.34,2026-05-13 14:51:57,13.398460627590289
3080,136.44,3,1.5,3,11,216.65,2026-05-13 14:51:57,37.78629125317332
3081,77.48,3,1.5,6,18,139.56,2026-05-13 14:51:57,33.310404127257094
3082,146.92,5,1.2,6,12,239.35,2026-05-13 14:51:57,36.829747232086895
3083,91.68,10,1.3,2,0,192.8,2026-05-13 14:51:57,28.53112033195021
3084,18.42,10,1.4,1,6,116.29,2026-05-13 14:51:57,9.503826640295813
3085,92.96,9,1.8,2,9,188.51,2026-05-13 14:51:57,29.587820274786484
3086,144.32,4,1.4,1,8,231.73,2026-05-13 14:51:57,37.367626116601215
3087,21.24,10,1.2,4,20,103.09,2026-05-13 14:51:57,12.362013774371908
3088,72.07,7,1.8,1,15,156.9,2026-05-13 14:51:57,27.56022944550669
3089,96.17,4,1.9,6,5,177.47,2026-05-13 14:51:57,32.51366428128698
3090,147.33,3,1.4,4,22,226.85,2026-05-13 14:51:57,38.967599735508045
3091,143.11,7,1.9,5,22,257.29,2026-05-13 14:51:57,33.373236425823
3092,41.74,2,1.5,4,5,93.15,2026-05-13 14:51:57,26.885668276972627
3093,47.97,10,1.1,3,7,131.91,2026-05-13 14:51:57,21.81942233340914
3094,15.29,4,1.1,2,22,71.36,2026-05-13 14:51:57,12.855941704035873
3095,87.35,2,1.3,4,9,140.21,2026-05-13 14:51:57,37.379644818486554
3096,35.25,3,1.2,0,6,85.36,2026-05-13 14:51:57,24.777413308341142
3097,135.02,10,1.6,5,14,248.93,2026-05-13 14:51:57,32.544088699634436
3098,131.4,5,1.5,0,9,215.46,2026-05-13 14:51:57,36.59147869674185
3099,111.35,6,1.6,1,4,201.44,2026-05-13 14:51:57,33.16620333598093
3100,106.13,10,1.3,1,6,209.1,2026-05-13 14:51:57,30.453371592539455
3101,7.09,1,1.2,6,10,42.48,2026-05-13 14:51:57,10.014124293785311
3102,124.51,8,1.0,2,4,212.82,2026-05-13 14:51:57,35.10290386241895
3103,131.71,5,1.1,3,10,213.62,2026-05-13 14:51:57,36.99372717910308
3104,62.03,6,1.9,3,18,144.77,2026-05-13 14:51:57,25.708364992747114
3105,127.77,4,1.1,0,22,206.83,2026-05-13 14:51:57,37.06522264661799
3106,27.55,3,1.2,1,9,68.47,2026-05-13 14:51:57,24.141959982474077
3107,116.8,1,1.7,1,14,183.83,2026-05-13 14:51:57,38.122178099330895
3108,101.28,1,1.8,5,6,161.53,2026-05-13 14:51:57,37.62025629913948
3109,92.48,10,1.0,5,12,189.87,2026-05-13 14:51:57,29.224206035708644
3110,106.98,4,1.6,0,3,181.65,2026-05-13 14:51:57,35.33608587943848
3111,141.41,1,1.1,0,4,202.62,2026-05-13 14:51:57,41.87444477346757
3112,26.8,7,1.7,3,7,102.06,2026-05-13 14:51:57,15.7554379776602
3113,115.06,2,1.2,3,23,178.62,2026-05-13 14:51:57,38.64964729593551
3114,53.22,7,1.6,0,7,145.15,2026-05-13 14:51:57,21.999311057526693
3115,22.69,10,1.8,0,22,122.61,2026-05-13 14:51:57,11.103498898947885
3116,121.87,9,1.2,0,1,227.45,2026-05-13 14:51:57,32.14860408881073
3117,8.63,3,1.9,3,4,58.67,2026-05-13 14:51:57,8.82563490710755
3118,98.73,3,1.9,4,22,179.52,2026-05-13 14:51:57,32.99799465240642
3119,80.45,6,1.9,4,14,168.39,2026-05-13 14:51:57,28.66559771957955
3120,97.61,4,1.3,4,20,165.53,2026-05-13 14:51:57,35.380897722467225
3121,28.35,4,1.5,3,11,97.13,2026-05-13 14:51:57,17.512611963348093
3123,132.1,7,1.9,2,3,237.83,2026-05-13 14:51:57,33.32632552663667
3124,135.31,9,1.0,4,17,229.55,2026-05-13 14:51:57,35.367458070137225
3125,127.97,9,1.8,6,9,238.84,2026-05-13 14:51:57,32.14788142689667
3126,147.4,2,1.9,5,7,216.69,2026-05-13 14:51:57,40.81406617748858
3127,30.53,6,1.6,4,9,104.86,2026-05-13 14:51:57,17.46900629410643
3128,48.29,7,1.1,1,9,122.51,2026-05-13 14:51:57,23.6503142600604
3129,66.11,8,1.7,3,14,160.7,2026-05-13 14:51:57,24.683260734287494
3130,100.3,3,1.5,1,12,176.77,2026-05-13 14:51:57,34.04423827572551
3131,64.93,6,1.8,6,5,156.6,2026-05-13 14:51:57,24.877394636015328
3132,146.54,5,1.7,2,10,236.91,2026-05-13 14:51:57,37.11282765607192
3133,51.03,3,1.9,2,22,117.4,2026-05-13 14:51:57,26.08006814310051
3134,45.25,10,1.9,0,23,139.6,2026-05-13 14:51:57,19.44842406876791
3136,46.85,7,1.4,3,12,130.94,2026-05-13 14:51:57,21.467847869253095
3137,112.16,10,2.0,2,8,226.21,2026-05-13 14:51:57,29.74934795101896
3138,28.03,9,1.9,6,8,128.29,2026-05-13 14:51:57,13.10936160261907
3139,21.0,1,1.3,3,9,63.29,2026-05-13 14:51:57,19.90835835045031
3140,138.1,10,1.4,5,3,254.73,2026-05-13 14:51:57,32.5285596513956
3141,111.25,6,1.3,1,5,192.98,2026-05-13 14:51:57,34.58907658824749
3142,39.99,6,1.4,6,3,103.4,2026-05-13 14:51:57,23.20502901353965
3143,95.58,4,1.3,3,12,172.64,2026-05-13 14:51:57,33.21825764596849
3144,55.74,6,1.3,2,12,119.49,2026-05-13 14:51:57,27.988953050464477
3145,123.54,7,1.7,5,12,214.08,2026-05-13 14:51:57,34.62443946188341
3146,76.78,4,1.8,4,0,148.95,2026-05-13 14:51:57,30.92849949647533
3147,70.19,2,1.6,2,8,129.06,2026-05-13 14:51:57,32.63133426313342
3148,21.65,1,1.8,2,17,61.7,2026-05-13 14:51:57,21.05348460291734
3149,21.17,2,1.3,3,20,64.31,2026-05-13 14:51:57,19.751205100295444
3150,91.87,9,1.6,4,0,199.49,2026-05-13 14:51:57,27.631460223570105
3151,59.9,7,1.3,4,8,143.0,2026-05-13 14:51:57,25.132867132867133
3152,149.19,7,1.5,1,23,249.45,2026-05-13 14:51:57,35.88454600120265
3153,139.61,10,1.1,1,7,248.05,2026-05-13 14:51:57,33.769804474904255
3154,54.63,6,1.3,1,15,120.41,2026-05-13 14:51:57,27.22199152894278
3155,35.59,4,1.5,4,14,105.68,2026-05-13 14:51:57,20.206283118849356
3156,85.53,5,1.3,6,9,159.96,2026-05-13 14:51:57,32.081770442610654
3157,40.14,7,1.7,0,23,130.05,2026-05-13 14:51:57,18.519031141868513
3158,50.33,2,1.9,0,6,108.38,2026-05-13 14:51:57,27.86307436796457
3159,10.05,5,1.1,1,12,71.8,2026-05-13 14:51:57,8.398328690807801
3160,102.93,3,1.7,5,12,179.05,2026-05-13 14:51:57,34.492041329237644
3161,147.84,3,2.0,6,8,237.38,2026-05-13 14:51:57,37.367933271547734
3162,105.51,2,2.0,6,11,181.31,2026-05-13 14:51:57,34.91588991230489
3163,127.16,4,1.4,3,19,200.66,2026-05-13 14:51:57,38.0225256653045
3164,39.29,7,1.0,5,20,114.45,2026-05-13 14:51:57,20.597640891218873
3165,107.54,10,1.4,6,3,206.83,2026-05-13 14:51:57,31.19663491756515
3166,80.19,6,1.1,6,12,165.36,2026-05-13 14:51:57,29.096516690856312
3167,113.21,7,1.1,3,15,207.85,2026-05-13 14:51:57,32.68029829203753
3168,116.91,1,1.2,2,9,177.23,2026-05-13 14:51:57,39.579078034192854
3169,113.58,9,1.4,1,11,211.08,2026-05-13 14:51:57,32.285389425810116
3170,82.69,9,1.4,4,17,184.26,2026-05-13 14:51:57,26.92608270921524
3171,12.4,7,1.4,0,5,75.41,2026-05-13 14:51:57,9.866065508553243
3172,20.88,1,1.4,5,21,66.2,2026-05-13 14:51:57,18.924471299093657
3173,19.93,9,1.4,2,0,104.14,2026-05-13 14:51:57,11.482619550604955
3174,115.17,7,1.5,2,6,202.6,2026-05-13 14:51:57,34.1076011846002
3175,62.17,2,1.3,5,4,115.18,2026-05-13 14:51:57,32.38583087341552
3176,17.45,4,1.8,0,7,85.56,2026-05-13 14:51:57,12.23702664796634
3177,125.91,5,1.2,5,20,198.89,2026-05-13 14:51:57,37.98381014631203
3178,19.33,3,1.9,2,14,69.65,2026-05-13 14:51:57,16.65183058147882
3179,38.86,6,1.2,3,22,108.69,2026-05-13 14:51:57,21.451835495445764
3180,138.22,9,1.4,2,18,244.82,2026-05-13 14:51:57,33.87468344089535
3181,57.91,2,1.3,1,16,102.03,2026-05-13 14:51:57,34.05468979711849
3182,68.12,2,1.2,3,17,121.88,2026-05-13 14:51:57,33.5346242205448
3183,95.04,5,1.9,2,13,176.99,2026-05-13 14:51:57,32.218769422001245
3184,112.92,1,1.7,4,8,169.65,2026-05-13 14:51:57,39.93633952254642
3185,14.03,3,1.5,2,10,71.7,2026-05-13 14:51:57,11.740585774058577
3186,109.45,3,1.3,5,0,173.27,2026-05-13 14:51:57,37.900386679748365
3187,9.55,10,1.4,4,12,99.82,2026-05-13 14:51:57,5.74033259867762
3188,81.42,5,1.6,5,10,151.49,2026-05-13 14:51:57,32.24767311373688
3189,102.98,3,1.5,5,23,165.97,2026-05-13 14:51:57,37.228414773754295
3190,36.57,3,1.6,1,17,87.59,2026-05-13 14:51:57,25.050804886402556
3191,70.51,9,1.2,2,20,169.09,2026-05-13 14:51:57,25.019811934472767
3192,90.89,1,1.5,4,3,144.34,2026-05-13 14:51:57,37.781626714701396
3193,114.15,8,1.1,5,13,217.1,2026-05-13 14:51:57,31.547673883003228
3194,111.99,1,1.9,1,23,169.94,2026-05-13 14:51:57,39.53983758973756
3195,85.76,9,1.3,4,3,175.79,2026-05-13 14:51:57,29.271289606917346
3196,126.82,8,2.0,6,13,234.34,2026-05-13 14:51:57,32.470768968165906
3197,116.87,4,1.5,5,9,204.18,2026-05-13 14:51:57,34.34322656479577
3198,101.5,8,1.4,5,14,187.85,2026-05-13 14:51:57,32.41948363055629
3199,34.57,3,1.9,1,12,105.43,2026-05-13 14:51:57,19.673717158304086
3200,82.6,3,1.2,2,20,144.25,2026-05-13 14:51:57,34.35701906412478
3201,129.01,4,1.7,3,23,208.09,2026-05-13 14:51:57,37.19832764669133
3202,117.08,7,1.2,4,22,210.72,2026-05-13 14:51:57,33.337129840546694
3203,148.34,5,1.8,4,18,247.15,2026-05-13 14:51:57,36.01213837750354
3204,18.28,10,1.7,3,13,102.97,2026-05-13 14:51:57,10.651646110517628
3205,27.07,7,1.5,4,9,103.72,2026-05-13 14:51:57,15.659467797917472
3206,35.5,10,1.0,5,7,128.76,2026-05-13 14:51:57,16.542404473438957
3207,114.37,4,1.9,1,1,200.54,2026-05-13 14:51:57,34.218609753665106
3208,126.84,3,1.7,3,11,210.98,2026-05-13 14:51:57,36.07166556071666
3209,86.43,8,2.0,0,0,195.73,2026-05-13 14:51:57,26.494661012619428
3210,109.11,6,1.5,1,3,193.67,2026-05-13 14:51:57,33.802860535963234
3211,40.26,2,1.1,5,18,93.18,2026-05-13 14:51:57,25.924018029620086
3212,64.2,2,1.7,4,5,115.84,2026-05-13 14:51:57,33.25276243093923
3213,114.19,3,1.3,6,16,188.14,2026-05-13 14:51:57,36.41649835229085
3214,10.17,5,1.3,5,3,62.7,2026-05-13 14:51:57,9.73205741626794
3215,119.24,9,1.2,3,23,219.77,2026-05-13 14:51:57,32.55403376256996
3216,58.35,8,1.9,0,20,147.65,2026-05-13 14:51:57,23.711479850998984
3217,61.13,5,1.7,0,8,138.63,2026-05-13 14:51:57,26.457476736637094
3218,47.28,7,1.4,2,16,118.98,2026-05-13 14:51:57,23.842662632375188
3219,48.44,4,1.2,5,11,115.34,2026-05-13 14:51:57,25.198543436795557
3220,36.78,9,1.2,2,4,129.36,2026-05-13 14:51:57,17.059369202226346
3221,118.24,2,1.8,3,0,185.66,2026-05-13 14:51:57,38.21178498330281
3222,5.1,6,1.2,4,17,59.27,2026-05-13 14:51:57,5.1628142399190144
3223,121.12,10,2.0,1,5,238.96,2026-05-13 14:51:57,30.411784399062604
3224,64.12,3,1.6,0,18,123.15,2026-05-13 14:51:57,31.239951278928135
3225,87.83,7,1.4,6,6,167.07,2026-05-13 14:51:57,31.542467229305082
3226,23.9,7,1.9,2,7,101.63,2026-05-13 14:51:57,14.11000688773
3227,104.02,3,1.7,6,20,176.39,2026-05-13 14:51:57,35.38295821758603
3228,91.81,8,1.7,3,14,194.35,2026-05-13 14:51:57,28.34370980190378
3229,61.1,6,1.7,1,16,136.48,2026-05-13 14:51:57,26.86107854630715
3230,125.17,6,1.0,6,18,209.59,2026-05-13 14:51:57,35.832816451166565
3231,114.8,9,1.3,0,8,221.85,2026-05-13 14:51:57,31.048005409060178
3232,146.52,10,1.1,5,15,266.0,2026-05-13 14:51:57,33.04962406015038
3233,26.65,9,1.3,5,20,117.9,2026-05-13 14:51:57,13.562340966921118
3234,51.46,7,1.8,5,10,128.11,2026-05-13 14:51:57,24.101163062992736
3235,42.84,4,1.6,0,18,99.97,2026-05-13 14:51:57,25.71171351405422
3236,72.27,3,1.7,1,5,143.78,2026-05-13 14:51:57,30.158575601613578
3237,27.92,10,1.7,4,7,128.35,2026-05-13 14:51:57,13.051811453058045
3238,116.83,2,1.6,6,8,187.71,2026-05-13 14:51:57,37.34377497203132
3239,46.98,3,1.9,3,22,101.55,2026-05-13 14:51:57,27.757754800590842
3240,122.34,4,1.7,4,19,200.9,2026-05-13 14:51:57,36.53758088601294
3241,133.48,1,1.5,4,20,197.8,2026-05-13 14:51:57,40.48938321536905
3242,35.36,8,1.7,0,5,131.22,2026-05-13 14:51:57,16.168267032464563
3243,60.52,1,1.2,2,10,104.91,2026-05-13 14:51:57,34.612525021446956
3244,146.82,7,1.8,4,1,257.18,2026-05-13 14:51:57,34.25305233688467
3245,88.16,10,1.9,0,21,199.63,2026-05-13 14:51:57,26.497019486049194
3246,133.34,7,1.4,1,11,235.91,2026-05-13 14:51:57,33.912932898139125
3247,14.16,10,1.4,1,6,95.6,2026-05-13 14:51:57,8.88702928870293
3248,27.31,5,1.7,0,2,88.01,2026-05-13 14:51:57,18.618338825133506
3249,64.38,5,1.3,5,0,133.32,2026-05-13 14:51:57,28.973897389738973
3250,20.33,3,1.7,1,0,75.85,2026-05-13 14:51:57,16.081740276862227
3251,18.22,1,1.0,3,22,62.18,2026-05-13 14:51:57,17.581215825024124
3252,81.82,1,1.2,4,10,132.4,2026-05-13 14:51:57,37.0785498489426
3253,53.74,10,1.8,2,4,152.23,2026-05-13 14:51:57,21.181107534651517
3254,52.8,4,1.9,4,20,131.38,2026-05-13 14:51:57,24.11325924798295
3255,85.35,2,1.3,6,23,141.51,2026-05-13 14:51:57,36.18825524697901
3256,77.52,2,1.4,4,13,139.59,2026-05-13 14:51:57,33.3204384268214
3257,113.73,7,1.5,6,4,205.65,2026-05-13 14:51:57,33.181619256017505
3258,111.71,5,1.3,5,13,183.6,2026-05-13 14:51:57,36.506535947712415
3259,51.68,4,1.1,3,3,108.33,2026-05-13 14:51:57,28.623649958460263
3260,79.61,3,1.8,3,1,147.98,2026-05-13 14:51:57,32.27868630896067
3261,100.54,5,1.5,0,7,183.27,2026-05-13 14:51:57,32.9153707644459
3262,57.24,6,1.8,3,10,136.24,2026-05-13 14:51:57,25.208455666470936
3263,105.88,9,1.7,1,7,212.65,2026-05-13 14:51:57,29.874441570656003
3264,114.45,6,1.5,3,12,205.21,2026-05-13 14:51:57,33.4632815164953
3265,39.3,4,1.7,3,13,104.53,2026-05-13 14:51:57,22.55811728690328
3266,116.07,5,1.8,5,8,195.48,2026-05-13 14:51:57,35.62615101289134
3267,65.41,10,1.1,0,20,155.34,2026-05-13 14:51:57,25.26458091927385
3268,12.83,8,1.7,5,0,87.69,2026-05-13 14:51:57,8.77865206979131
3269,80.79,10,2.0,6,23,198.75,2026-05-13 14:51:57,24.389433962264153
3270,91.57,3,1.7,6,6,169.1,2026-05-13 14:51:57,32.49083382613838
3271,114.99,10,1.2,1,5,214.69,2026-05-13 14:51:57,32.13656900647445
3272,99.61,4,1.8,1,11,170.79,2026-05-13 14:51:57,34.99385209906904
3273,100.11,10,1.4,4,11,210.74,2026-05-13 14:51:57,28.50242004365569
3274,128.11,8,1.6,6,20,241.04,2026-05-13 14:51:57,31.88931297709924
3275,80.99,3,1.5,6,4,136.42,2026-05-13 14:51:57,35.62087670429556
3276,101.66,7,1.6,4,8,188.97,2026-05-13 14:51:57,32.27813938720431
3277,128.9,4,1.5,2,19,206.5,2026-05-13 14:51:57,37.45278450363196
3278,61.15,3,1.7,5,4,134.34,2026-05-13 14:51:57,27.311299687360428
3279,83.88,1,1.5,6,14,145.59,2026-05-13 14:51:57,34.568308262930145
3280,30.85,7,1.6,4,14,113.73,2026-05-13 14:51:57,16.275389079398575
3281,119.03,2,1.7,4,0,190.22,2026-05-13 14:51:57,37.54494795499948
3282,113.2,4,1.1,4,6,176.85,2026-05-13 14:51:57,38.40542832909245
3283,86.2,10,1.7,4,4,195.99,2026-05-13 14:51:57,26.38910148476963
3284,63.99,4,1.7,4,12,143.67,2026-05-13 14:51:57,26.723741908540408
3285,109.36,1,1.4,3,2,159.78,2026-05-13 14:51:57,41.066466391288024
3286,132.43,8,1.4,1,15,231.32,2026-05-13 14:51:57,34.3498184333391
3287,20.06,10,1.5,2,0,110.61,2026-05-13 14:51:57,10.881475454298888
3288,132.14,1,1.8,4,1,206.26,2026-05-13 14:51:57,38.43886357025114
3289,30.37,6,1.5,5,13,98.06,2026-05-13 14:51:57,18.582500509891904
3290,49.63,5,1.0,5,13,116.56,2026-05-13 14:51:57,25.54735758407687
3291,132.34,10,1.8,4,15,251.93,2026-05-13 14:51:57,31.518278886992416
3292,49.7,6,1.2,1,15,116.51,2026-05-13 14:51:57,25.594369582010128
3293,37.77,5,1.9,3,18,121.02,2026-05-13 14:51:57,18.725830441249382
3294,138.86,9,1.4,0,11,241.47,2026-05-13 14:51:57,34.5036650515592
3295,59.75,4,1.7,6,14,138.18,2026-05-13 14:51:57,25.944420321320017
3296,43.48,10,1.6,3,22,139.3,2026-05-13 14:51:57,18.727925340990666
3297,9.54,4,1.8,4,4,64.17,2026-05-13 14:51:57,8.920056100981766
3298,41.6,8,1.9,5,2,133.33,2026-05-13 14:51:57,18.72046801170029
3299,109.5,3,1.5,4,23,175.38,2026-05-13 14:51:57,37.461512145056446
3300,146.08,4,1.3,0,2,229.9,2026-05-13 14:51:57,38.1244019138756
3301,43.59,9,1.4,3,1,139.67,2026-05-13 14:51:57,18.725567408892392
3302,131.57,1,1.0,2,16,181.84,2026-05-13 14:51:57,43.412890453145614
3303,115.74,3,1.8,6,8,189.26,2026-05-13 14:51:57,36.69238085173835
3304,110.75,8,1.5,1,14,214.61,2026-05-13 14:51:57,30.963142444434087
3305,100.62,3,1.4,2,2,174.98,2026-05-13 14:51:57,34.502228826151565
3306,68.34,7,1.0,5,16,147.89,2026-05-13 14:51:57,27.72601257691528
3307,125.12,2,1.1,4,15,183.86,2026-05-13 14:51:57,40.83106711628413
3308,71.84,10,1.4,2,21,165.38,2026-05-13 14:51:57,26.063611077518445
3309,136.76,6,1.0,0,10,219.34,2026-05-13 14:51:57,37.41041305735388
3311,69.62,1,2.0,1,8,128.79,2026-05-13 14:51:57,32.4341952014908
3312,123.23,9,1.8,3,20,244.32,2026-05-13 14:51:57,30.26277013752456
3313,34.72,10,1.5,3,6,130.0,2026-05-13 14:51:57,16.024615384615384
3314,135.71,9,1.8,5,10,249.28,2026-05-13 14:51:57,32.66447368421053
3315,88.09,9,1.1,5,4,183.06,2026-05-13 14:51:57,28.872500819403474
3316,30.6,6,1.2,5,19,101.55,2026-05-13 14:51:57,18.079763663220092
3317,64.96,8,1.5,1,22,158.98,2026-05-13 14:51:57,24.516291357403446
3318,36.81,7,1.3,0,0,120.13,2026-05-13 14:51:57,18.385082826937484
3319,52.39,8,2.0,5,9,152.34,2026-05-13 14:51:57,20.634107916502558
3320,145.6,2,1.1,2,3,213.34,2026-05-13 14:51:57,40.948720352488984
3321,135.82,4,1.5,4,18,211.37,2026-05-13 14:51:57,38.55419406727539
3322,72.82,7,1.8,0,16,157.14,2026-05-13 14:51:57,27.804505536464298
3323,47.33,9,1.4,3,9,136.9,2026-05-13 14:51:57,20.743608473338202
3324,131.94,4,1.3,6,2,214.32,2026-05-13 14:51:57,36.93729003359462
3325,58.76,7,1.9,1,21,142.81,2026-05-13 14:51:57,24.687346824452067
3326,56.84,6,1.9,5,15,140.14,2026-05-13 14:51:57,24.335664335664337
3327,34.66,10,1.8,3,2,129.9,2026-05-13 14:51:57,16.009237875288683
3328,101.14,10,1.6,3,18,218.18,2026-05-13 14:51:57,27.813731781098177
3329,123.62,6,1.5,4,15,219.16,2026-05-13 14:51:57,33.843767110786644
3330,96.15,7,1.3,1,17,190.61,2026-05-13 14:51:57,30.26598814332931
3331,6.11,3,1.9,6,13,67.36,2026-05-13 14:51:57,5.442399049881235
3332,75.43,3,1.9,3,1,139.34,2026-05-13 14:51:57,32.48026410219607
3333,68.67,2,1.2,5,13,119.05,2026-05-13 14:51:57,34.6089878202436
3334,42.55,1,1.4,1,10,86.21,2026-05-13 14:51:57,29.6137339055794
3335,97.45,5,1.9,4,21,180.17,2026-05-13 14:51:57,32.45268357662208
3336,46.24,10,1.6,4,2,137.33,2026-05-13 14:51:57,20.20243209786645
3337,27.93,7,1.7,6,11,111.08,2026-05-13 14:51:57,15.086424198775658
3338,84.95,9,1.5,0,13,193.82,2026-05-13 14:51:57,26.297595707357342
3339,53.48,8,1.5,4,2,147.25,2026-05-13 14:51:57,21.79151103565365
3340,136.53,6,1.8,2,7,227.89,2026-05-13 14:51:57,35.9462898766949
3341,137.74,9,1.4,1,12,252.96,2026-05-13 14:51:57,32.6707779886148
3342,24.57,10,1.3,2,12,122.91,2026-05-13 14:51:57,11.994142055162316
3343,65.67,10,1.3,3,2,166.48,2026-05-13 14:51:57,23.667707832772706
3344,148.47,9,2.0,3,17,260.85,2026-05-13 14:51:57,34.150661299597466
3345,12.0,9,1.9,4,1,111.95,2026-05-13 14:51:57,6.43144260830728
3346,114.53,6,1.7,6,7,202.55,2026-05-13 14:51:57,33.92643791656381
3347,108.12,10,1.0,5,22,217.74,2026-05-13 14:51:57,29.79333149627997
3348,52.56,6,1.5,3,19,122.7,2026-05-13 14:51:57,25.701711491442545
3349,33.32,7,2.0,3,11,120.84,2026-05-13 14:51:57,16.5441906653426
3350,112.95,2,1.8,0,3,179.64,2026-05-13 14:51:57,37.72545090180361
3351,21.54,7,1.3,3,16,84.34,2026-05-13 14:51:57,15.323689826891155
3352,62.88,1,1.2,6,23,109.96,2026-05-13 14:51:57,34.31065842124409
3353,10.96,7,1.7,2,12,92.57,2026-05-13 14:51:57,7.103813330452631
3354,89.86,9,1.2,6,18,187.62,2026-05-13 14:51:57,28.736808442596736
3355,145.62,7,1.8,5,15,249.61,2026-05-13 14:51:57,35.003405312287164
3356,107.31,5,2.0,5,0,188.92,2026-05-13 14:51:57,34.08109252593691
3357,61.38,9,1.9,0,6,155.93,2026-05-13 14:51:57,23.618290258449306
3358,31.62,4,1.7,1,9,101.61,2026-05-13 14:51:57,18.67139061116032
3359,100.28,8,1.6,0,3,188.59,2026-05-13 14:51:57,31.904130653799246
3360,133.77,2,1.5,5,22,194.81,2026-05-13 14:51:57,41.200143729788
3361,48.37,2,1.2,2,12,91.14,2026-05-13 14:51:57,31.84331797235023
3362,64.71,9,1.6,0,1,155.46,2026-05-13 14:51:57,24.974913160941718
3363,94.52,3,1.7,0,7,156.25,2026-05-13 14:51:57,36.29568
3364,121.8,7,1.8,6,23,221.36,2026-05-13 14:51:57,33.01409468738706
3365,120.61,7,1.0,5,14,205.82,2026-05-13 14:51:57,35.15984841123312
3366,144.66,7,1.0,4,14,231.16,2026-05-13 14:51:57,37.54801868835439
3367,100.58,10,1.1,4,6,210.72,2026-05-13 14:51:57,28.638952164009112
3368,127.82,10,1.5,1,10,233.34,2026-05-13 14:51:57,32.867060941115966
3369,75.99,6,1.7,4,18,154.13,2026-05-13 14:51:57,29.58152209174074
3370,57.27,9,1.4,3,17,140.74,2026-05-13 14:51:57,24.415233764388233
3371,74.28,3,1.1,2,8,126.99,2026-05-13 14:51:57,35.09567682494685
3372,55.73,3,1.5,4,11,113.8,2026-05-13 14:51:57,29.38312829525483
3373,129.38,5,1.3,6,8,211.95,2026-05-13 14:51:57,36.625619249823075
3374,67.96,8,1.4,0,21,163.5,2026-05-13 14:51:57,24.9394495412844
3375,36.87,10,1.6,2,4,124.88,2026-05-13 14:51:57,17.71460602178091
3376,71.74,6,1.8,3,21,152.47,2026-05-13 14:51:57,28.231127434905225
3377,85.6,4,1.7,2,14,152.96,2026-05-13 14:51:57,33.57740585774058
3378,97.77,7,1.6,4,21,187.35,2026-05-13 14:51:57,31.31144915932746
3379,81.02,9,1.7,0,1,177.72,2026-05-13 14:51:57,27.353139770425386
3380,38.83,6,1.6,4,0,103.71,2026-05-13 14:51:57,22.46456465143188
3381,86.26,8,1.5,2,22,183.27,2026-05-13 14:51:57,28.24030119495826
3382,82.43,8,1.5,5,15,173.75,2026-05-13 14:51:57,28.465035971223024
3383,149.87,7,1.7,4,0,245.93,2026-05-13 14:51:57,36.56406294474037
3384,78.77,5,1.3,6,22,143.03,2026-05-13 14:51:57,33.04341746486751
3385,140.02,1,1.9,2,15,214.63,2026-05-13 14:51:57,39.142710711456935
3386,36.05,10,1.1,5,15,123.75,2026-05-13 14:51:57,17.478787878787877
3387,86.01,8,2.0,6,0,182.31,2026-05-13 14:51:57,28.306730294553237
3388,130.1,7,1.2,4,20,213.43,2026-05-13 14:51:57,36.57405238251417
3389,103.73,7,1.7,0,0,205.1,2026-05-13 14:51:57,30.34519746465139
3390,131.34,5,1.3,2,5,206.18,2026-05-13 14:51:57,38.22097196624309
3391,77.16,9,1.2,0,6,167.76,2026-05-13 14:51:57,27.59656652360515
3392,79.72,9,1.3,6,18,170.55,2026-05-13 14:51:57,28.0457343887423
3393,110.89,4,1.5,4,14,193.14,2026-05-13 14:51:57,34.44858651755204
3394,40.6,4,1.9,6,23,109.9,2026-05-13 14:51:57,22.1656050955414
3395,10.69,3,1.6,2,18,71.04,2026-05-13 14:51:57,9.028716216216214
3396,85.53,4,1.1,2,1,148.65,2026-05-13 14:51:57,34.522704339051465
3397,94.57,3,1.5,0,15,171.55,2026-05-13 14:51:57,33.076071116292624
3398,22.55,10,1.4,4,22,113.74,2026-05-13 14:51:57,11.895551257253386
3399,130.17,10,1.7,3,8,248.43,2026-05-13 14:51:57,31.43823209757275
3400,100.09,4,1.6,3,8,180.78,2026-05-13 14:51:57,33.21938267507468
3401,93.26,6,1.4,4,16,172.29,2026-05-13 14:51:57,32.47779905972489
3402,109.57,3,1.8,4,7,188.16,2026-05-13 14:51:57,34.93941326530612
3403,76.78,7,1.4,6,3,166.77,2026-05-13 14:51:57,27.623673322540025
3404,89.26,3,1.1,0,18,155.33,2026-05-13 14:51:57,34.47885147749952
3405,140.37,5,1.6,5,16,234.76,2026-05-13 14:51:57,35.875788038848185
3406,61.29,5,1.4,1,0,122.4,2026-05-13 14:51:57,30.044117647058822
3407,26.97,2,1.3,6,2,77.16,2026-05-13 14:51:57,20.972006220839813
3408,49.71,4,1.5,4,5,119.86,2026-05-13 14:51:57,24.884031369931588
3409,27.5,8,1.3,3,23,104.29,2026-05-13 14:51:57,15.821267619138938
3410,123.71,7,1.5,2,5,213.1,2026-05-13 14:51:57,34.831534490849364
3411,100.86,1,1.8,6,2,160.94,2026-05-13 14:51:57,37.60159065490245
3412,83.63,9,1.9,6,8,179.28,2026-05-13 14:51:57,27.98862115127175
3413,142.94,1,1.2,5,8,204.72,2026-05-13 14:51:57,41.893317702227435
3414,38.76,9,1.3,4,13,117.12,2026-05-13 14:51:57,19.856557377049178
3415,126.1,5,1.4,0,11,211.83,2026-05-13 14:51:57,35.71732049284803
3416,98.82,4,2.0,1,8,180.32,2026-05-13 14:51:57,32.881543921916595
3417,132.61,7,1.5,0,22,238.07,2026-05-13 14:51:57,33.42126265384131
3418,120.04,10,1.1,3,15,216.89,2026-05-13 14:51:57,33.20761676425838
3419,130.63,7,1.7,6,18,227.37,2026-05-13 14:51:57,34.47156616967938
3420,64.02,8,1.3,0,12,152.29,2026-05-13 14:51:57,25.222929936305732
3421,16.6,2,1.4,1,17,64.62,2026-05-13 14:51:57,15.413184772516248
3422,90.02,1,1.3,0,2,142.83,2026-05-13 14:51:57,37.81558496114261
3423,83.51,3,1.5,4,4,150.37,2026-05-13 14:51:57,33.32180621134535
3424,65.56,6,1.3,1,6,139.66,2026-05-13 14:51:57,28.165544894744382
3425,37.49,4,1.3,0,15,105.61,2026-05-13 14:51:57,21.299119401571822
3426,37.08,3,1.9,1,20,106.59,2026-05-13 14:51:57,20.872502110892203
3427,133.67,2,1.8,6,5,214.04,2026-05-13 14:51:57,37.470566249299196
3428,67.36,2,2.0,6,9,139.0,2026-05-13 14:51:57,29.07625899280575
3429,23.97,7,1.5,5,2,99.77,2026-05-13 14:51:57,14.41515485616919
3430,114.25,10,1.5,1,3,224.78,2026-05-13 14:51:57,30.49648545244239
3431,42.2,9,1.6,0,0,138.54,2026-05-13 14:51:57,18.276310090948467
3432,36.06,7,1.8,2,2,120.78,2026-05-13 14:51:57,17.91356184798808
3433,29.82,3,1.3,0,2,87.93,2026-05-13 14:51:57,20.348004094165812
3434,21.02,5,1.0,4,4,80.54,2026-05-13 14:51:57,15.659299726843804
3435,119.51,6,1.7,5,20,220.1,2026-05-13 14:51:57,32.578827805542936
3436,41.86,5,1.6,3,1,113.98,2026-05-13 14:51:57,22.035444814879803
3437,96.69,7,1.3,6,1,186.33,2026-05-13 14:51:57,31.135082917404603
3438,93.87,4,1.8,5,19,170.52,2026-05-13 14:51:57,33.029556650246306
3439,27.39,6,1.7,6,1,107.35,2026-05-13 14:51:57,15.308802980903588
3440,76.11,8,1.7,4,18,173.59,2026-05-13 14:51:57,26.306814908692896
3441,76.1,6,1.5,5,2,150.97,2026-05-13 14:51:57,30.244419421077037
3442,31.49,6,1.9,3,19,102.38,2026-05-13 14:51:57,18.454776323500685
3443,43.2,4,1.9,3,22,112.66,2026-05-13 14:51:57,23.007278537191553
3445,75.29,7,1.1,2,8,159.34,2026-05-13 14:51:57,28.350696623572237
3446,10.32,6,2.0,0,11,93.16,2026-05-13 14:51:57,6.646629454701589
3447,21.23,7,1.3,4,1,96.38,2026-05-13 14:51:57,13.21643494500934
3448,109.46,8,1.3,0,22,207.13,2026-05-13 14:51:57,31.7076232317868
3449,65.95,3,1.8,1,3,137.0,2026-05-13 14:51:57,28.88321167883212
3450,95.2,2,1.9,5,4,161.77,2026-05-13 14:51:57,35.309389874513194
3451,128.88,9,1.7,0,18,237.81,2026-05-13 14:51:57,32.51671502459947
3452,56.5,2,1.1,2,21,95.95,2026-05-13 14:51:57,35.330901511203756
3453,80.25,1,1.6,5,8,136.64,2026-05-13 14:51:57,35.238583138173304
3454,112.23,10,1.6,4,5,222.56,2026-05-13 14:51:57,30.25611071171819
3455,42.27,3,1.1,6,16,95.03,2026-05-13 14:51:57,26.688414184994212
3456,81.82,1,1.6,5,19,129.18,2026-05-13 14:51:57,38.002786809103576
3457,121.62,7,1.9,2,4,232.62,2026-05-13 14:51:57,31.369615682228527
3458,146.91,5,1.0,1,8,235.63,2026-05-13 14:51:57,37.40864915333362
3459,144.2,4,1.6,1,0,233.15,2026-05-13 14:51:57,37.10915719493888
3460,103.07,8,1.2,2,8,198.95,2026-05-13 14:51:57,31.084192008042223
3461,141.94,4,2.0,0,4,238.61,2026-05-13 14:51:57,35.691714513222415
3462,60.77,3,1.3,1,15,124.51,2026-05-13 14:51:57,29.284394827724682
3463,100.2,7,1.2,1,13,184.03,2026-05-13 14:51:57,32.668586643482044
3464,19.94,9,1.5,6,9,109.51,2026-05-13 14:51:57,10.925029677655008
3465,5.88,5,1.1,5,2,63.21,2026-05-13 14:51:57,5.581395348837209
3466,62.42,6,1.0,6,6,135.24,2026-05-13 14:51:57,27.69299023957409
3467,100.49,7,1.2,3,7,186.92,2026-05-13 14:51:57,32.25658035523219
3468,104.32,7,1.9,1,8,194.12,2026-05-13 14:51:57,32.243972800329686
3469,125.66,3,1.1,0,4,194.49,2026-05-13 14:51:57,38.766003393490664
3470,40.97,8,1.4,4,9,117.75,2026-05-13 14:51:57,20.876433121019108
3471,116.74,3,1.7,0,12,185.8,2026-05-13 14:51:57,37.698600645855755
3472,97.57,7,1.3,6,18,190.36,2026-05-13 14:51:57,30.753309518806468
3473,24.33,4,1.6,0,21,81.54,2026-05-13 14:51:57,17.90286975717439
3474,22.54,2,1.2,1,12,74.79,2026-05-13 14:51:57,18.082631367829922
3475,57.96,4,1.8,6,15,136.73,2026-05-13 14:51:57,25.43406713961823
3476,13.47,9,2.0,0,20,101.76,2026-05-13 14:51:57,7.942216981132075
3477,137.0,9,1.5,1,9,243.85,2026-05-13 14:51:57,33.70924748820996
3478,10.99,9,1.5,2,4,89.62,2026-05-13 14:51:57,7.357732648962285
3479,76.91,1,1.1,3,19,117.77,2026-05-13 14:51:57,39.183153604483316
3480,17.88,3,1.8,3,21,80.31,2026-05-13 14:51:57,13.358236832274933
3481,119.94,1,1.6,5,20,177.43,2026-05-13 14:51:57,40.559093727103644
3482,45.13,9,1.4,1,0,137.63,2026-05-13 14:51:57,19.674489573494153
3483,21.68,6,1.1,6,2,89.42,2026-05-13 14:51:57,14.547081189890404
3484,15.91,3,1.1,3,9,70.73,2026-05-13 14:51:57,13.496394740562703
3485,88.14,1,1.5,5,19,152.57,2026-05-13 14:51:57,34.66212230451596
3486,34.09,7,1.9,4,22,111.08,2026-05-13 14:51:57,18.413755851638463
3487,36.98,7,1.1,1,5,108.4,2026-05-13 14:51:57,20.46863468634686
3488,21.74,7,1.3,2,2,84.12,2026-05-13 14:51:57,15.506419400855917
3489,88.3,9,1.8,0,23,194.4,2026-05-13 14:51:57,27.253086419753085
3490,37.02,3,1.5,5,17,100.17,2026-05-13 14:51:57,22.174303683737648
3491,61.8,10,1.3,6,9,150.29,2026-05-13 14:51:57,24.67230021957549
3492,34.05,1,1.5,3,1,86.95,2026-05-13 14:51:57,23.496262219666473
3493,144.23,10,1.4,4,12,255.51,2026-05-13 14:51:57,33.86873312199131
3494,73.28,7,1.5,5,1,153.23,2026-05-13 14:51:57,28.69411995040136
3495,81.31,7,1.6,1,15,163.13,2026-05-13 14:51:57,29.906209771348003
3496,77.97,9,1.8,2,1,180.15,2026-05-13 14:51:57,25.968359700249792
3497,15.6,1,1.3,6,6,62.91,2026-05-13 14:51:57,14.878397711015737
3498,93.94,4,1.8,6,1,169.66,2026-05-13 14:51:57,33.221737592832724
3499,124.84,6,1.7,5,2,213.53,2026-05-13 14:51:57,35.078911628342624
3500,25.74,4,1.2,2,22,78.23,2026-05-13 14:51:57,19.74178703822063
3501,17.46,7,1.4,1,11,88.58,2026-05-13 14:51:57,11.826597426055544
3502,133.31,7,1.6,4,4,230.95,2026-05-13 14:51:57,34.63347044814895
3503,55.55,9,1.8,2,16,154.21,2026-05-13 14:51:57,21.613384346021657
3504,78.52,6,1.2,5,18,156.93,2026-05-13 14:51:57,30.02102848403747
3505,96.26,9,1.3,3,13,191.62,2026-05-13 14:51:57,30.140903872247158
3506,18.03,7,1.9,3,3,94.39,2026-05-13 14:51:57,11.460959847441467
3507,78.21,8,1.8,0,4,175.98,2026-05-13 14:51:57,26.665530173883397
3508,75.15,1,1.6,5,11,134.55,2026-05-13 14:51:57,33.51170568561873
3509,39.84,1,1.3,0,5,77.82,2026-05-13 14:51:57,30.717039321511184
3510,73.76,7,1.6,6,1,158.91,2026-05-13 14:51:57,27.849726260147257
3511,135.29,1,1.5,6,20,205.7,2026-05-13 14:51:57,39.4623237724842
3512,22.94,1,1.9,6,8,70.46,2026-05-13 14:51:57,19.534487652568835
3513,16.71,1,1.3,4,1,46.28,2026-05-13 14:51:57,21.6637856525497
3514,32.09,4,1.5,2,4,93.3,2026-05-13 14:51:57,20.63665594855306
3515,92.03,2,1.1,1,12,140.56,2026-05-13 14:51:57,39.28429140580535
3516,6.7,4,1.3,4,12,65.01,2026-05-13 14:51:57,6.183664051684356
3517,111.56,8,1.3,2,23,214.06,2026-05-13 14:51:57,31.269737456787816
3518,45.79,5,1.2,1,3,110.08,2026-05-13 14:51:57,24.958212209302324
3519,122.65,2,1.6,4,21,200.99,2026-05-13 14:51:57,36.61376187870043
3520,40.68,3,1.1,5,6,86.5,2026-05-13 14:51:57,28.21734104046243
3521,95.05,10,1.8,4,13,212.94,2026-05-13 14:51:57,26.78219216680755
3522,148.36,8,2.0,1,16,271.82,2026-05-13 14:51:57,32.748142152895305
3523,11.94,5,1.1,4,19,74.6,2026-05-13 14:51:57,9.603217158176944
3524,26.61,5,1.8,2,19,93.23,2026-05-13 14:51:57,17.125388823340124
3525,93.86,1,1.7,0,2,146.36,2026-05-13 14:51:57,38.47772615468707
3526,53.36,6,1.9,3,19,134.39,2026-05-13 14:51:57,23.82320113103654
3527,94.93,3,1.0,0,22,159.04,2026-05-13 14:51:57,35.81363179074447
3528,9.38,3,1.3,2,2,64.2,2026-05-13 14:51:57,8.766355140186915
3529,90.91,4,1.7,2,13,161.64,2026-05-13 14:51:57,33.74536005939124
3530,61.34,8,1.1,1,21,144.01,2026-05-13 14:51:57,25.55655857232137
3531,89.85,8,1.6,2,2,194.9,2026-05-13 14:51:57,27.660338635197533
3532,45.67,2,1.2,5,16,86.06,2026-05-13 14:51:57,31.840576342086916
3533,99.11,4,1.4,2,3,172.63,2026-05-13 14:51:57,34.44708335746973
3534,90.92,5,1.2,4,13,174.22,2026-05-13 14:51:57,31.3121340833429
3535,36.36,9,1.0,2,12,117.0,2026-05-13 14:51:57,18.646153846153847
3536,8.56,2,1.4,2,4,56.03,2026-05-13 14:51:57,9.166517936819561
3537,39.61,9,1.0,3,7,113.71,2026-05-13 14:51:57,20.90053645237886
3538,118.25,1,1.8,6,16,190.28,2026-05-13 14:51:57,37.287155770443555
3539,58.79,4,1.7,1,20,135.43,2026-05-13 14:51:57,26.045927785571877
3540,19.94,5,1.8,1,19,93.84,2026-05-13 14:51:57,12.749360613810742
3541,93.63,6,1.5,2,20,182.58,2026-05-13 14:51:57,30.768977982254352
3542,78.43,9,1.1,6,1,171.04,2026-05-13 14:51:57,27.51286248830683
3543,32.04,4,1.2,2,15,98.38,2026-05-13 14:51:57,19.540557023785322
3544,113.32,7,1.6,1,23,208.32,2026-05-13 14:51:57,32.63824884792626
3545,61.85,6,1.5,6,17,131.79,2026-05-13 14:51:57,28.158433872069203
3546,107.67,2,1.3,0,3,171.41,2026-05-13 14:51:57,37.6885829298174
3547,141.48,5,1.5,3,11,223.22,2026-05-13 14:51:57,38.028850461428185
3548,41.13,3,1.5,2,18,93.56,2026-05-13 14:51:57,26.376656690893544
3549,18.36,9,1.1,2,12,106.9,2026-05-13 14:51:57,10.304957904583722
3550,17.19,1,1.3,1,22,52.83,2026-05-13 14:51:57,19.52299829642249
3551,10.0,8,1.8,6,19,92.43,2026-05-13 14:51:57,6.4913988964621865
3552,53.15,8,1.1,1,12,128.5,2026-05-13 14:51:57,24.817120622568094
3553,141.1,2,1.9,6,6,216.36,2026-05-13 14:51:57,39.12922906267332
3554,33.02,9,1.3,5,11,127.11,2026-05-13 14:51:57,15.586499881991976
3555,42.07,8,1.4,0,2,127.97,2026-05-13 14:51:57,19.724935531765258
3556,11.39,2,1.7,6,22,63.72,2026-05-13 14:51:57,10.725047080979284
3557,57.16,5,1.4,5,11,124.75,2026-05-13 14:51:57,27.491783567134267
3558,16.21,2,1.7,3,10,64.4,2026-05-13 14:51:57,15.102484472049689
3559,143.69,1,1.3,6,4,197.63,2026-05-13 14:51:57,43.62394373323888
3560,38.62,7,1.8,5,2,114.97,2026-05-13 14:51:57,20.154822997303643
3561,59.76,9,1.2,6,12,142.52,2026-05-13 14:51:57,25.15857423519506
3562,30.38,1,1.3,2,3,78.32,2026-05-13 14:51:57,23.273748723186927
3563,80.65,10,1.2,6,14,187.78,2026-05-13 14:51:57,25.769517520502717
3564,41.42,3,1.6,5,22,101.65,2026-05-13 14:51:57,24.44859813084112
3565,33.66,2,1.9,4,2,93.6,2026-05-13 14:51:57,21.576923076923077
3566,15.5,3,1.5,3,9,74.72,2026-05-13 14:51:57,12.44646680942184
3567,119.62,3,1.1,3,18,182.91,2026-05-13 14:51:57,39.23896998523865
3568,112.93,5,1.5,4,23,196.29,2026-05-13 14:51:57,34.51933363900352
3569,65.01,7,1.6,3,10,156.19,2026-05-13 14:51:57,24.973429797042066
3570,144.94,3,1.4,5,14,229.9,2026-05-13 14:51:57,37.82688125271857
3571,132.68,2,2.0,5,13,212.92,2026-05-13 14:51:57,37.38869058801428
3572,52.22,4,1.0,3,9,103.54,2026-05-13 14:51:57,30.260768785010622
3573,54.7,10,1.6,6,0,161.68,2026-05-13 14:51:57,20.299356754082137
3574,149.0,4,1.6,4,14,243.41,2026-05-13 14:51:57,36.72815414321515
3575,119.65,5,1.7,1,5,206.25,2026-05-13 14:51:57,34.80727272727273
3576,66.35,3,1.2,1,21,123.76,2026-05-13 14:51:57,32.16709760827407
3577,74.89,7,1.4,3,12,162.95,2026-05-13 14:51:57,27.575329855783984
3578,134.16,8,1.1,2,15,223.9,2026-05-13 14:51:57,35.95176418043769
3579,114.72,7,1.2,1,22,196.43,2026-05-13 14:51:57,35.04149060734103
3580,114.24,1,1.6,1,18,175.24,2026-05-13 14:51:57,39.114357452636376
3581,82.44,1,1.5,2,10,138.96,2026-05-13 14:51:57,35.595854922279784
3582,7.67,10,1.1,6,15,84.82,2026-05-13 14:51:57,5.4256071681207265
3583,34.05,10,1.5,2,22,124.34,2026-05-13 14:51:57,16.430754383142993
3584,46.59,2,1.7,0,22,93.8,2026-05-13 14:51:57,29.801705756929643
3585,122.39,5,1.3,0,3,197.78,2026-05-13 14:51:57,37.12913338052381
3586,110.06,4,1.6,0,10,193.76,2026-05-13 14:51:57,34.081337737407104
3587,27.77,4,1.7,5,17,86.1,2026-05-13 14:51:57,19.351916376306622
3588,50.76,4,2.0,2,12,125.57,2026-05-13 14:51:57,24.254200844150674
3589,49.04,4,1.2,3,17,104.95,2026-05-13 14:51:57,28.03620771796093
3590,47.19,6,2.0,6,7,125.28,2026-05-13 14:51:57,22.600574712643677
3591,121.83,8,1.5,5,14,217.92,2026-05-13 14:51:57,33.543502202643175
3592,124.39,9,1.1,3,21,224.0,2026-05-13 14:51:57,33.31875
3593,20.53,6,1.1,1,23,85.75,2026-05-13 14:51:57,14.365014577259476
3594,106.98,4,1.0,2,9,182.48,2026-05-13 14:51:57,35.17536168347216
3595,112.13,1,1.8,2,3,180.94,2026-05-13 14:51:57,37.182491433624406
3596,51.97,2,1.9,2,3,107.01,2026-05-13 14:51:57,29.13933277263807
3597,82.65,4,1.0,5,5,143.12,2026-05-13 14:51:57,34.649245388485184
3598,135.24,8,1.3,4,22,231.56,2026-05-13 14:51:57,35.04232164449819
3599,33.1,3,1.2,4,18,83.33,2026-05-13 14:51:57,23.832953318132727
3600,26.31,1,2.0,4,9,67.85,2026-05-13 14:51:57,23.26602800294768
3601,81.26,3,1.8,2,13,141.23,2026-05-13 14:51:57,34.52241025277916
3602,147.77,1,1.9,1,23,218.55,2026-05-13 14:51:57,40.56829100892244
3603,110.42,9,1.6,1,0,212.81,2026-05-13 14:51:57,31.131995676894885
3604,107.24,8,1.6,2,2,199.7,2026-05-13 14:51:57,32.22033049574362
3605,80.94,8,1.9,3,16,180.7,2026-05-13 14:51:57,26.875484228002218
3606,6.34,5,1.6,6,21,70.7,2026-05-13 14:51:57,5.38048090523338
3607,117.48,4,1.9,5,16,201.23,2026-05-13 14:51:57,35.02857426825026
3608,41.08,3,1.1,2,10,99.79,2026-05-13 14:51:57,24.699869726425494
3609,141.95,4,1.7,3,15,236.32,2026-05-13 14:51:57,36.04011509817197
3610,60.2,1,1.2,2,3,107.42,2026-05-13 14:51:57,33.62502327313349
3611,114.9,1,1.4,6,20,173.09,2026-05-13 14:51:57,39.82899069848056
3612,114.04,1,1.5,1,22,181.88,2026-05-13 14:51:57,37.620409060919286
3613,15.85,5,1.2,6,23,76.83,2026-05-13 14:51:57,12.377977352596641
3614,124.6,5,1.9,1,14,213.47,2026-05-13 14:51:57,35.02131447041739
3615,104.24,5,1.7,1,22,192.22,2026-05-13 14:51:57,32.53771719904277
3616,90.03,2,1.2,6,2,144.7,2026-05-13 14:51:57,37.33102971665515
3617,63.74,4,1.7,6,8,126.63,2026-05-13 14:51:57,30.201374081971096
3618,100.75,1,2.0,3,19,172.97,2026-05-13 14:51:57,34.94825692316587
3619,117.57,7,1.0,5,4,206.36,2026-05-13 14:51:57,34.183950377980224
3620,54.85,4,1.6,3,18,122.5,2026-05-13 14:51:57,26.86530612244898
3621,73.05,2,1.3,4,6,119.47,2026-05-13 14:51:57,36.68703440194191
3622,50.66,4,1.1,2,9,109.87,2026-05-13 14:51:57,27.66542277236734
3623,10.39,9,1.5,0,16,96.78,2026-05-13 14:51:57,6.4414135151890894
3624,69.76,3,1.8,6,0,138.79,2026-05-13 14:51:57,30.157792348151887
3625,20.86,6,1.4,2,20,80.32,2026-05-13 14:51:57,15.582669322709165
3626,109.45,6,1.3,2,17,191.25,2026-05-13 14:51:57,34.33725490196078
3627,98.61,10,1.4,0,15,199.44,2026-05-13 14:51:57,29.66606498194946
3628,71.0,8,1.7,2,17,155.63,2026-05-13 14:51:57,27.37261453447279
3629,28.91,9,1.6,5,12,116.9,2026-05-13 14:51:57,14.838323353293411
3630,71.69,5,1.6,5,2,156.88,2026-05-13 14:51:57,27.41840897501275
3631,75.47,2,1.1,0,20,128.95,2026-05-13 14:51:57,35.115936409461035
3632,21.91,10,1.6,6,0,124.48,2026-05-13 14:51:57,10.560732647814909
3633,40.47,5,1.7,1,23,107.67,2026-05-13 14:51:57,22.5522429646141
3634,127.51,1,1.4,2,18,194.7,2026-05-13 14:51:57,39.29429892141757
3635,35.11,10,1.3,5,2,121.46,2026-05-13 14:51:57,17.343981557714475
3636,80.45,1,1.6,0,13,143.8,2026-05-13 14:51:57,33.56745479833101
3637,108.56,3,1.8,4,11,184.28,2026-05-13 14:51:57,35.346212285652264
3638,87.77,2,1.4,4,6,137.73,2026-05-13 14:51:57,38.23567850141582
3639,28.38,6,1.6,1,8,94.5,2026-05-13 14:51:57,18.01904761904762
3640,130.58,5,2.0,3,16,222.09,2026-05-13 14:51:57,35.27759016614886
3641,25.56,7,1.8,5,5,112.16,2026-05-13 14:51:57,13.673323823109843
3642,89.09,2,1.3,0,13,139.68,2026-05-13 14:51:57,38.268900343642606
3643,76.54,2,1.2,0,18,140.26,2026-05-13 14:51:57,32.74205047768431
3644,149.25,3,1.5,0,9,226.64,2026-05-13 14:51:57,39.51200141193082
3645,133.13,1,1.1,3,20,197.11,2026-05-13 14:51:57,40.52458018365379
3646,130.48,3,2.0,3,20,209.6,2026-05-13 14:51:57,37.351145038167935
3647,120.1,9,1.9,0,10,240.18,2026-05-13 14:51:57,30.002498126405193
3648,92.42,2,1.6,3,7,161.29,2026-05-13 14:51:57,34.380308760617524
3649,68.58,1,1.1,6,0,122.1,2026-05-13 14:51:57,33.7002457002457
3650,102.58,1,1.1,0,15,145.49,2026-05-13 14:51:57,42.30393841501134
3651,23.39,2,1.6,0,6,66.47,2026-05-13 14:51:57,21.113284188355653
3652,86.46,9,1.7,4,5,194.13,2026-05-13 14:51:57,26.72229949003245
3653,72.46,4,1.2,5,2,127.92,2026-05-13 14:51:57,33.98686679174484
3654,35.76,8,2.0,3,23,135.3,2026-05-13 14:51:57,15.858093126385807
3655,69.94,1,1.3,5,9,123.83,2026-05-13 14:51:57,33.88839538076395
3656,20.77,2,1.1,6,1,56.47,2026-05-13 14:51:57,22.068354878696653
3657,100.35,9,1.9,6,18,203.3,2026-05-13 14:51:57,29.616330545991143
3658,21.12,1,1.6,0,9,63.52,2026-05-13 14:51:57,19.949622166246854
3659,55.0,6,1.8,0,0,128.6,2026-05-13 14:51:57,25.660964230171075
3660,46.47,1,1.3,5,12,81.86,2026-05-13 14:51:57,34.06059125335939
3661,129.64,1,1.0,3,0,181.1,2026-05-13 14:51:57,42.95085588072888
3662,118.98,6,1.3,1,23,211.76,2026-05-13 14:51:57,33.71174914998111
3663,141.99,10,1.1,4,1,248.75,2026-05-13 14:51:57,34.248844221105536
3664,126.97,2,1.6,3,2,202.53,2026-05-13 14:51:57,37.615168123241
3665,30.82,3,1.7,3,22,97.35,2026-05-13 14:51:57,18.995377503852083
3666,68.49,10,1.2,5,8,172.19,2026-05-13 14:51:57,23.865497415645507
3667,112.57,1,1.6,2,14,183.32,2026-05-13 14:51:57,36.84377045603317
3668,18.98,2,1.3,1,14,67.08,2026-05-13 14:51:57,16.976744186046513
3669,135.74,2,1.8,0,14,219.25,2026-05-13 14:51:57,37.1466362599772
3670,91.92,10,1.0,5,1,195.4,2026-05-13 14:51:57,28.225179119754348
3671,127.0,9,1.1,1,13,225.72,2026-05-13 14:51:57,33.75863902179692
3672,136.42,7,1.2,0,7,220.49,2026-05-13 14:51:57,37.122772007800805
3673,121.8,3,1.2,1,3,195.7,2026-05-13 14:51:57,37.342871742462954
3674,108.34,4,1.8,1,4,179.04,2026-05-13 14:51:57,36.306970509383376
3675,49.44,3,1.9,1,11,121.31,2026-05-13 14:51:57,24.453054158766793
3676,140.2,4,1.1,6,16,210.56,2026-05-13 14:51:57,39.95060790273556
3677,68.6,6,1.1,1,6,141.76,2026-05-13 14:51:57,29.03498871331828
3678,87.02,7,1.4,5,4,175.69,2026-05-13 14:51:57,29.718253742387155
3679,78.35,1,1.5,1,12,132.71,2026-05-13 14:51:57,35.42310300655564
3680,8.23,6,1.9,1,21,72.97,2026-05-13 14:51:57,6.767164588186927
3681,107.29,5,1.2,6,19,186.91,2026-05-13 14:51:57,34.441174897009255
3682,21.23,8,1.3,5,3,100.12,2026-05-13 14:51:57,12.722732720735118
3683,28.47,4,1.8,6,3,90.05,2026-05-13 14:51:57,18.969461410327597
3684,137.73,2,1.3,5,8,209.83,2026-05-13 14:51:57,39.38331029881332
3685,126.69,5,1.4,3,7,218.94,2026-05-13 14:51:57,34.71910112359551
3686,124.25,3,1.1,4,11,199.54,2026-05-13 14:51:57,37.36093013932044
3687,50.39,10,1.3,5,18,136.6,2026-05-13 14:51:57,22.13323572474378
3688,30.99,5,1.2,2,1,85.22,2026-05-13 14:51:57,21.818821872799813
3689,99.46,10,1.6,5,12,208.48,2026-05-13 14:51:57,28.62432847275518
3690,134.42,7,1.4,5,18,225.61,2026-05-13 14:51:57,35.74841540711847
3691,106.92,7,1.2,1,20,187.39,2026-05-13 14:51:57,34.234484230748706
3692,10.62,8,1.9,0,3,85.42,2026-05-13 14:51:57,7.4596113322406925
3693,112.87,4,1.3,3,14,196.88,2026-05-13 14:51:57,34.397602600568874
3694,121.93,1,1.5,3,7,175.42,2026-05-13 14:51:57,41.70448067495155
3695,116.5,8,1.2,0,8,208.17,2026-05-13 14:51:57,33.57832540711919
3696,96.55,4,1.9,3,10,179.76,2026-05-13 14:51:57,32.22630173564753
3697,140.03,6,1.9,1,2,233.75,2026-05-13 14:51:57,35.94352941176471
3698,77.53,6,1.1,4,7,151.9,2026-05-13 14:51:57,30.624094799210006
3699,140.08,6,1.9,5,4,249.32,2026-05-13 14:51:57,33.71089363067544
3700,102.62,1,1.8,5,9,170.4,2026-05-13 14:51:57,36.13380281690141
3701,73.18,8,1.6,4,10,167.38,2026-05-13 14:51:57,26.232524793882185
3702,19.21,10,1.5,1,11,118.28,2026-05-13 14:51:57,9.74467365573216
3703,110.73,4,1.9,2,11,195.92,2026-05-13 14:51:57,33.91077991016742
3704,16.94,5,1.6,6,8,79.73,2026-05-13 14:51:57,12.748024582967517
3705,107.97,10,1.5,2,15,216.33,2026-05-13 14:51:57,29.94591596172514
3706,58.6,8,1.9,2,3,147.67,2026-05-13 14:51:57,23.80984627886504
3707,77.64,1,1.5,4,14,134.56,2026-05-13 14:51:57,34.61950059453032
3708,63.83,9,1.9,6,19,159.03,2026-05-13 14:51:57,24.08224863233352
3709,134.17,8,1.1,1,20,233.5,2026-05-13 14:51:57,34.4762312633833
3710,111.5,4,1.9,6,11,191.95,2026-05-13 14:51:57,34.85282625683772
3711,30.51,9,1.1,4,6,114.11,2026-05-13 14:51:57,16.04241521339059
3712,33.04,1,1.4,0,5,72.34,2026-05-13 14:51:57,27.403925905446503
3713,136.35,6,1.3,4,13,221.59,2026-05-13 14:51:57,36.91953608014801
3715,53.26,5,1.6,3,4,127.41,2026-05-13 14:51:57,25.08123381210266
3716,117.02,2,1.7,4,5,180.96,2026-05-13 14:51:57,38.79973474801061
3717,58.04,7,1.4,4,15,132.61,2026-05-13 14:51:57,26.260463011839224
3718,8.9,3,1.1,1,13,57.64,2026-05-13 14:51:57,9.26439972241499
3719,74.61,6,1.6,1,13,159.37,2026-05-13 14:51:57,28.089351822802286
3720,115.42,10,1.0,5,22,220.36,2026-05-13 14:51:57,31.426756217099292
3721,67.55,3,1.7,4,7,142.58,2026-05-13 14:51:57,28.426146724645807
3722,100.59,1,1.6,0,4,157.78,2026-05-13 14:51:57,38.25199645075422
3723,24.44,10,1.2,0,16,107.54,2026-05-13 14:51:57,13.635856425516089
3724,11.37,10,1.7,4,14,106.58,2026-05-13 14:51:57,6.4008256708575715
3726,125.22,5,2.0,5,7,227.61,2026-05-13 14:51:57,33.00909450375642
3727,98.09,4,1.2,4,6,160.52,2026-05-13 14:51:57,36.66459008223274
3728,122.85,3,1.4,2,5,204.47,2026-05-13 14:51:57,36.04929818555289
3729,10.02,5,1.6,3,18,71.01,2026-05-13 14:51:57,8.466413181242078
3730,47.95,7,2.0,0,0,136.17,2026-05-13 14:51:57,21.128001762502755
3731,98.85,1,1.2,5,19,147.78,2026-05-13 14:51:57,40.133982947624844
3732,44.07,3,1.5,6,10,93.95,2026-05-13 14:51:57,28.14475784992017
3733,109.23,4,1.6,3,18,187.46,2026-05-13 14:51:57,34.96105835911661
3734,60.84,5,1.7,3,7,138.77,2026-05-13 14:51:57,26.305397420191685
3735,62.95,2,1.4,4,9,107.82,2026-05-13 14:51:57,35.03060656649973
3736,121.74,5,1.1,2,19,207.92,2026-05-13 14:51:57,35.13081954597922
3737,79.66,10,1.1,5,12,170.16,2026-05-13 14:51:57,28.08885754583921
3738,29.59,3,1.0,4,10,68.52,2026-05-13 14:51:57,25.910683012259195
3739,14.68,3,1.4,6,2,58.69,2026-05-13 14:51:57,15.007667405009371
3740,45.86,8,1.1,4,18,121.46,2026-05-13 14:51:57,22.654371809649266
3741,55.4,9,1.4,1,11,152.21,2026-05-13 14:51:57,21.838249786479203
3742,137.02,8,1.1,1,23,228.68,2026-05-13 14:51:57,35.950673430120695
3743,88.51,7,1.9,2,12,184.23,2026-05-13 14:51:57,28.82592411659339
3744,87.14,8,1.3,5,7,173.84,2026-05-13 14:51:57,30.075931891394383
3745,5.01,4,1.4,2,18,56.09,2026-05-13 14:51:57,5.359244072027098
3746,112.61,2,1.4,6,13,168.74,2026-05-13 14:51:57,40.04148393978902
3747,28.14,8,1.3,2,5,111.5,2026-05-13 14:51:57,15.142600896860987
3748,130.83,10,1.0,2,19,232.07,2026-05-13 14:51:57,33.82513896669109
3749,84.51,5,1.8,2,5,172.93,2026-05-13 14:51:57,29.321690857572428
3750,87.77,4,1.4,2,7,167.32,2026-05-13 14:51:57,31.47382261534784
3751,34.08,9,1.5,3,8,121.89,2026-05-13 14:51:57,16.77578144228403
3752,60.81,10,2.0,1,4,175.81,2026-05-13 14:51:57,20.753085717535978
3753,35.08,10,1.3,4,10,128.45,2026-05-13 14:51:57,16.386142467886337
3754,102.47,8,1.7,0,6,196.96,2026-05-13 14:51:57,31.215475223395615
3755,73.72,5,1.6,4,14,152.47,2026-05-13 14:51:57,29.01029710762773
3756,12.95,1,1.8,4,1,65.27,2026-05-13 14:51:57,11.90439711965681
3757,5.04,2,1.7,4,22,56.54,2026-05-13 14:51:57,5.3484258931729745
3758,53.16,7,1.9,0,5,134.38,2026-05-13 14:51:57,23.735674951629708
3759,16.4,7,1.5,0,10,94.08,2026-05-13 14:51:57,10.459183673469386
3760,127.84,2,1.0,6,7,188.25,2026-05-13 14:51:57,40.74581673306773
3761,121.59,6,1.1,2,16,207.42,2026-05-13 14:51:57,35.17211455018803
3762,29.18,4,2.0,0,23,94.16,2026-05-13 14:51:57,18.593882752761257
3763,67.25,5,1.2,5,7,139.52,2026-05-13 14:51:57,28.92058486238532
3764,117.46,3,1.2,0,15,180.75,2026-05-13 14:51:57,38.9908713692946
3765,96.61,10,1.8,0,23,204.64,2026-05-13 14:51:57,28.32584050039093
3767,115.88,4,2.0,0,12,206.67,2026-05-13 14:51:57,33.64203803164465
3768,52.25,1,1.0,5,2,95.4,2026-05-13 14:51:57,32.861635220125784
3769,130.04,10,1.8,5,2,239.11,2026-05-13 14:51:57,32.63100664965915
3770,47.14,10,1.6,1,1,145.52,2026-05-13 14:51:57,19.43650357339197
3771,54.71,9,1.8,6,18,148.72,2026-05-13 14:51:57,22.07235072619688
3772,33.41,2,1.3,6,3,89.13,2026-05-13 14:51:57,22.49074385728711
3773,143.1,1,1.9,4,0,209.74,2026-05-13 14:51:57,40.93639744445504
3774,134.31,1,1.5,4,16,200.31,2026-05-13 14:51:57,40.23064250411861
3775,116.29,5,1.3,3,0,190.74,2026-05-13 14:51:57,36.58068575023592
3776,118.69,3,1.7,6,0,196.48,2026-05-13 14:51:57,36.244910423452765
3777,135.95,1,1.8,5,15,204.31,2026-05-13 14:51:57,39.92462434535754
3778,101.94,1,1.2,1,15,160.14,2026-05-13 14:51:57,38.19408017984264
3779,34.11,4,1.5,5,10,93.64,2026-05-13 14:51:57,21.856044425459206
3780,105.12,9,1.5,5,5,199.59,2026-05-13 14:51:57,31.600781602284684
3781,10.86,1,1.2,3,10,37.55,2026-05-13 14:51:57,17.352862849533956
3782,110.51,5,1.1,4,21,186.11,2026-05-13 14:51:57,35.627317178013
3783,69.6,10,1.9,6,7,185.84,2026-05-13 14:51:57,22.470942746448557
3784,79.55,3,1.9,5,7,142.84,2026-05-13 14:51:57,33.41500980117613
3785,32.67,9,1.0,0,9,106.08,2026-05-13 14:51:57,18.478506787330318
3786,72.53,7,1.7,1,0,153.85,2026-05-13 14:51:57,28.285992850178747
3787,45.9,8,1.2,0,6,122.07,2026-05-13 14:51:57,22.560825755713935
3788,53.66,2,1.0,0,4,95.02,2026-05-13 14:51:57,33.883392969901074
3789,68.91,5,1.7,4,20,148.02,2026-05-13 14:51:57,27.93271179570328
3790,12.44,1,1.3,3,16,51.73,2026-05-13 14:51:57,14.428764739996133
3791,116.89,3,1.8,6,22,194.88,2026-05-13 14:51:57,35.98830049261084
3792,33.87,3,1.9,2,13,104.1,2026-05-13 14:51:57,19.521613832853024
3793,58.46,5,1.9,5,4,130.5,2026-05-13 14:51:57,26.878160919540232
3794,8.12,7,1.9,1,6,84.13,2026-05-13 14:51:57,5.791037679781291
3795,66.27,7,1.1,0,15,147.14,2026-05-13 14:51:57,27.023243169770286
3796,143.78,3,1.9,5,18,236.48,2026-05-13 14:51:57,36.48004059539919
3797,65.21,10,1.8,5,10,170.53,2026-05-13 14:51:57,22.94376356066381
3798,57.0,10,1.3,2,15,157.87,2026-05-13 14:51:57,21.66339393171597
3799,18.0,9,1.7,5,16,114.34,2026-05-13 14:51:57,9.445513381143957
3800,57.0,6,1.1,6,11,131.95,2026-05-13 14:51:57,25.918908677529373
3801,102.21,4,1.8,4,15,181.07,2026-05-13 14:51:57,33.86866957530237
3802,77.25,2,1.6,1,1,131.92,2026-05-13 14:51:57,35.1349302607641
3803,124.95,1,1.9,1,10,201.23,2026-05-13 14:51:57,37.255876360383645
3804,74.99,2,1.0,2,17,131.16,2026-05-13 14:51:57,34.30466605672461
3805,79.98,8,1.6,1,23,183.47,2026-05-13 14:51:57,26.15577478606857
3806,126.58,7,1.6,1,16,232.94,2026-05-13 14:51:57,32.60410406113162
3807,128.63,7,1.3,6,17,222.34,2026-05-13 14:51:57,34.71170279751731
3808,50.72,7,1.8,4,22,128.06,2026-05-13 14:51:57,23.76386069030142
3809,122.66,10,1.7,1,16,235.33,2026-05-13 14:51:57,31.273530786555046
3810,111.68,2,1.4,4,17,173.63,2026-05-13 14:51:57,38.59240914588493
3811,29.94,4,1.6,6,0,84.61,2026-05-13 14:51:57,21.231532915731
3812,82.54,6,1.4,0,22,159.63,2026-05-13 14:51:57,31.024243563239995
3813,77.27,7,1.7,0,10,166.55,2026-05-13 14:51:57,27.836685679975982
3814,9.48,5,1.8,5,19,82.95,2026-05-13 14:51:57,6.857142857142857
3815,141.76,10,1.3,1,17,245.63,2026-05-13 14:51:57,34.62769205715914
3816,26.35,6,1.4,1,0,95.02,2026-05-13 14:51:57,16.638602399494847
3817,145.58,3,1.2,3,1,227.61,2026-05-13 14:51:57,38.37616976407012
3818,65.19,9,1.6,5,8,157.84,2026-05-13 14:51:57,24.780790674100352
3819,110.31,8,1.5,4,6,207.48,2026-05-13 14:51:57,31.89994216310006
3820,51.85,1,1.2,2,7,105.17,2026-05-13 14:51:57,29.58067890082723
3821,6.79,4,1.7,2,16,64.83,2026-05-13 14:51:57,6.284127718648774
3822,67.42,3,1.7,0,23,135.83,2026-05-13 14:51:57,29.781344327468158
3823,57.92,7,1.4,6,3,133.33,2026-05-13 14:51:57,26.064651616290405
3824,115.42,6,1.6,6,11,201.53,2026-05-13 14:51:57,34.36312211581402
3825,141.85,3,1.5,2,8,214.61,2026-05-13 14:51:57,39.6579842505009
3826,8.89,2,1.8,6,20,57.27,2026-05-13 14:51:57,9.313776846516502
3827,38.18,8,1.3,6,5,115.9,2026-05-13 14:51:57,19.765314926660913
3828,92.54,5,1.0,0,16,170.05,2026-05-13 14:51:57,32.65157306674507
3829,65.27,4,1.4,5,6,138.89,2026-05-13 14:51:57,28.196414428684573
3830,86.11,1,1.1,5,17,135.24,2026-05-13 14:51:57,38.203194321206745
3831,99.1,5,1.1,4,23,172.62,2026-05-13 14:51:57,34.44560305874174
3832,140.89,6,1.4,0,13,241.16,2026-05-13 14:51:57,35.05307679548847
3833,60.3,9,2.0,3,15,168.45,2026-05-13 14:51:57,21.47818343722173
3834,62.99,6,1.2,4,16,141.12,2026-05-13 14:51:57,26.781462585034017
3835,61.74,3,1.5,4,23,114.3,2026-05-13 14:51:57,32.40944881889764
3836,11.84,2,1.7,5,0,68.09,2026-05-13 14:51:57,10.433250110148332
3837,20.38,8,1.4,0,9,95.07,2026-05-13 14:51:57,12.862101609340487
3838,50.89,1,1.8,6,18,103.57,2026-05-13 14:51:57,29.481510089794345
3839,133.98,5,1.4,5,8,226.99,2026-05-13 14:51:57,35.41477598132076
3840,130.79,6,1.8,5,15,230.04,2026-05-13 14:51:57,34.113197704746995
3841,77.32,2,1.5,5,23,132.85,2026-05-13 14:51:57,34.92058712834024
3842,57.5,2,1.2,6,4,98.93,2026-05-13 14:51:57,34.87314262609926
3843,129.77,7,1.1,5,23,219.21,2026-05-13 14:51:57,35.51936499247297
3844,74.55,8,2.0,0,10,176.49,2026-05-13 14:51:57,25.344212136664964
3845,54.97,8,1.8,2,5,143.57,2026-05-13 14:51:57,22.97276589816814
3846,88.38,1,1.6,4,12,138.92,2026-05-13 14:51:57,38.17160955945868
3847,60.85,4,1.8,4,10,124.25,2026-05-13 14:51:57,29.38430583501006
3848,109.56,5,1.6,6,17,185.08,2026-05-13 14:51:57,35.5176140047547
3849,65.63,6,1.3,4,11,133.81,2026-05-13 14:51:57,29.428293849488075
3850,71.45,1,1.4,1,10,120.91,2026-05-13 14:51:57,35.456124390042184
3852,140.14,8,1.5,5,22,239.43,2026-05-13 14:51:57,35.11840621476005
3853,131.51,2,1.8,0,18,198.8,2026-05-13 14:51:57,39.69114688128772
3854,24.01,4,1.0,1,16,73.34,2026-05-13 14:51:57,19.642759749113715
3855,50.87,3,1.2,3,6,99.21,2026-05-13 14:51:57,30.76504384638645
3856,86.15,8,1.8,1,19,187.33,2026-05-13 14:51:57,27.593017669353546
3857,107.8,10,1.5,1,16,223.37,2026-05-13 14:51:57,28.956439987464744
3858,118.01,4,1.4,6,16,202.1,2026-05-13 14:51:57,35.035131123206334
3859,60.15,7,1.5,3,0,142.85,2026-05-13 14:51:57,25.264263213160657
3860,136.28,10,1.0,4,19,240.68,2026-05-13 14:51:57,33.97374106697689
3861,131.53,7,1.5,6,2,237.66,2026-05-13 14:51:57,33.20626104519061
3862,45.6,8,1.6,2,23,129.56,2026-05-13 14:51:57,21.117628897807965
3863,21.12,5,1.4,2,18,88.66,2026-05-13 14:51:57,14.292803970223325
3864,85.85,10,1.6,3,16,197.23,2026-05-13 14:51:57,26.1167165238554
3865,15.85,6,1.9,1,14,99.59,2026-05-13 14:51:57,9.549151521237071
3866,118.09,4,1.1,3,18,192.57,2026-05-13 14:51:57,36.79389312977099
3867,138.36,1,1.9,3,9,205.32,2026-05-13 14:51:57,40.43249561659849
3868,99.41,10,1.1,5,9,199.33,2026-05-13 14:51:57,29.923242863593032
3869,27.23,5,1.1,5,14,81.95,2026-05-13 14:51:57,19.936546674801708
3870,126.29,9,1.2,2,19,230.78,2026-05-13 14:51:57,32.8338677528382
3871,89.67,3,1.5,1,8,154.8,2026-05-13 14:51:57,34.75581395348837
3872,54.84,7,1.7,3,0,140.87,2026-05-13 14:51:57,23.357705686093563
3873,123.71,7,1.2,4,17,216.79,2026-05-13 14:51:57,34.23866414502514
3874,45.33,4,1.7,3,23,115.2,2026-05-13 14:51:57,23.609374999999996
3875,92.45,9,1.0,5,17,179.22,2026-05-13 14:51:57,30.950786742551056
3876,73.65,8,1.4,3,5,160.26,2026-05-13 14:51:57,27.573942343691506
3877,80.45,1,1.9,4,17,135.34,2026-05-13 14:51:57,35.66573075217969
3878,122.4,6,1.2,0,3,210.59,2026-05-13 14:51:57,34.87345078113871
3879,54.56,1,2.0,0,18,117.53,2026-05-13 14:51:57,27.85331404747724
3880,35.47,7,1.6,6,18,124.72,2026-05-13 14:51:57,17.063822963438103
3881,46.2,4,1.5,6,14,111.6,2026-05-13 14:51:57,24.83870967741936
3882,124.31,10,1.2,6,10,233.01,2026-05-13 14:51:57,32.00978498776877
3883,16.34,3,1.3,4,10,59.89,2026-05-13 14:51:57,16.37001168809484
3884,64.18,4,1.8,1,17,132.65,2026-05-13 14:51:57,29.029777610252545
3885,149.05,2,1.1,4,3,222.03,2026-05-13 14:51:57,40.27834076476152
3886,135.06,6,1.5,0,5,228.31,2026-05-13 14:51:57,35.49384608646139
3887,19.52,6,1.4,1,13,93.56,2026-05-13 14:51:57,12.518170158187258
3888,91.57,1,1.4,4,2,147.7,2026-05-13 14:51:57,37.19837508463101
3889,41.26,1,1.8,5,18,98.31,2026-05-13 14:51:57,25.181568507781506
3890,128.91,6,1.2,4,12,221.27,2026-05-13 14:51:57,34.955484250011295
3891,68.34,2,1.8,2,18,121.19,2026-05-13 14:51:57,33.834474791649484
3892,97.07,10,1.7,1,23,198.97,2026-05-13 14:51:57,29.271749509976377
3893,86.36,9,1.4,3,18,177.93,2026-05-13 14:51:57,29.12156466025965
3894,22.5,6,1.2,4,18,91.17,2026-05-13 14:51:57,14.807502467917077
3895,126.87,1,1.8,3,19,185.96,2026-05-13 14:51:57,40.93460959346096
3896,16.71,2,1.2,2,3,57.8,2026-05-13 14:51:57,17.346020761245676
3897,119.22,8,1.3,5,8,221.13,2026-05-13 14:51:57,32.34839234839235
3898,61.34,5,1.3,1,12,122.86,2026-05-13 14:51:57,29.956047533778285
3899,22.57,7,1.9,4,13,103.36,2026-05-13 14:51:57,13.101780185758514
3900,95.0,4,1.3,0,5,168.13,2026-05-13 14:51:57,33.90233747695236
3901,136.82,2,1.0,3,23,202.62,2026-05-13 14:51:57,40.51525022209061
3902,138.75,5,1.1,0,17,217.04,2026-05-13 14:51:57,38.35698488757833
3903,61.43,3,1.1,6,10,107.0,2026-05-13 14:51:57,34.446728971962614
3904,22.71,1,1.8,2,5,74.9,2026-05-13 14:51:57,18.19225634178905
3905,48.97,6,1.2,1,14,122.34,2026-05-13 14:51:57,24.01667484060814
3906,87.15,6,1.8,2,17,168.54,2026-05-13 14:51:57,31.02527589889641
3907,96.38,5,1.6,1,17,167.6,2026-05-13 14:51:57,34.5035799522673
3908,81.47,9,1.3,5,23,177.12,2026-05-13 14:51:57,27.598238482384822
3909,47.88,2,1.7,6,1,112.34,2026-05-13 14:51:57,25.572369592309062
3910,106.1,6,1.6,0,5,197.11,2026-05-13 14:51:57,32.29668712901425
3911,17.19,9,1.2,0,11,89.88,2026-05-13 14:51:57,11.475300400534046
3912,68.94,4,1.4,0,5,132.11,2026-05-13 14:51:57,31.31027174324426
3913,27.27,5,1.2,3,10,91.58,2026-05-13 14:51:57,17.8663463638349
3914,69.07,9,1.7,2,2,176.95,2026-05-13 14:51:57,23.420175190731847
3915,54.22,4,1.5,2,22,117.0,2026-05-13 14:51:57,27.805128205128206
3916,120.01,4,1.0,1,1,192.28,2026-05-13 14:51:57,37.44851258581236
3917,55.62,6,1.8,5,19,139.39,2026-05-13 14:51:57,23.941459215151735
3918,53.84,9,1.4,4,2,138.01,2026-05-13 14:51:57,23.40699949279038
3919,29.68,1,1.4,2,11,81.38,2026-05-13 14:51:57,21.882526419267634
3920,78.28,7,1.4,6,13,162.51,2026-05-13 14:51:57,28.901606055012
3921,10.87,6,1.7,4,18,79.71,2026-05-13 14:51:57,8.182160331200603
3922,11.86,10,1.0,6,21,99.6,2026-05-13 14:51:57,7.144578313253012
3923,86.51,4,1.3,1,9,160.58,2026-05-13 14:51:57,32.32407522730104
3924,145.36,9,1.0,1,7,257.46,2026-05-13 14:51:57,33.87555348403636
3925,105.92,10,2.0,2,3,226.31,2026-05-13 14:51:57,28.08183465158411
3926,97.56,1,2.0,6,14,156.92,2026-05-13 14:51:57,37.30308437420342
3927,113.91,10,1.4,2,18,225.58,2026-05-13 14:51:57,30.29789874988917
3928,39.99,2,1.8,6,11,98.57,2026-05-13 14:51:57,24.342091914375576
3929,110.54,10,1.2,1,23,219.51,2026-05-13 14:51:57,30.214568812354795
3930,31.22,2,1.7,5,8,83.29,2026-05-13 14:51:57,22.490094849321643
3931,63.47,10,1.6,0,5,164.73,2026-05-13 14:51:57,23.11782917501366
3932,76.4,4,1.5,0,0,151.2,2026-05-13 14:51:57,30.31746031746032
3933,34.34,10,1.9,2,19,137.33,2026-05-13 14:51:57,15.003276778562585
3934,11.14,9,1.2,3,17,87.3,2026-05-13 14:51:57,7.656357388316152
3935,112.26,1,1.2,4,22,162.85,2026-05-13 14:51:57,41.360761436905136
3936,59.46,10,1.8,1,16,168.74,2026-05-13 14:51:57,21.14258622733199
3937,14.81,1,1.9,2,11,61.45,2026-05-13 14:51:57,14.460537021969081
3938,97.51,6,1.9,2,4,187.76,2026-05-13 14:51:57,31.15999147848317
3939,101.71,6,1.3,0,8,192.07,2026-05-13 14:51:57,31.772791169885977
3940,41.09,4,1.8,4,6,100.42,2026-05-13 14:51:57,24.55088627763394
3941,69.54,5,1.2,1,21,139.1,2026-05-13 14:51:57,29.995686556434222
3942,72.96,9,1.4,1,1,166.81,2026-05-13 14:51:57,26.24303099334572
3943,73.78,6,1.7,0,22,153.14,2026-05-13 14:51:57,28.906882591093122
3944,8.27,7,1.1,3,10,80.52,2026-05-13 14:51:57,6.162444113263786
3945,29.91,8,1.4,2,10,116.36,2026-05-13 14:51:57,15.42282571330354
3946,85.01,9,1.8,6,7,194.0,2026-05-13 14:51:57,26.29175257731959
3947,91.62,4,1.4,1,22,170.39,2026-05-13 14:51:57,32.26245671694349
3948,121.75,4,1.6,5,1,199.23,2026-05-13 14:51:57,36.666164734226776
3949,70.84,2,1.1,5,4,122.91,2026-05-13 14:51:57,34.58140102514035
3950,46.06,9,1.6,4,7,144.59,2026-05-13 14:51:57,19.11335500380386
3951,68.21,3,1.1,1,23,125.2,2026-05-13 14:51:57,32.6884984025559
3952,72.02,7,1.1,0,17,149.1,2026-05-13 14:51:57,28.98189134808853
3953,18.13,8,1.7,5,8,94.83,2026-05-13 14:51:57,11.471053464093641
3954,82.1,7,1.2,3,11,166.51,2026-05-13 14:51:57,29.583808780253438
3955,49.67,8,1.7,0,5,145.6,2026-05-13 14:51:57,20.468406593406595
3956,137.15,1,1.6,5,0,209.23,2026-05-13 14:51:57,39.32992400707356
3957,120.17,2,2.0,0,23,202.29,2026-05-13 14:51:57,35.64288892184488
3958,58.89,5,1.7,4,13,127.71,2026-05-13 14:51:57,27.667371388301625
3959,127.35,9,1.5,1,20,237.99,2026-05-13 14:51:57,32.10639102483297
3960,8.85,5,1.2,6,4,72.85,2026-05-13 14:51:57,7.28894989704873
3961,108.03,5,1.8,3,16,202.58,2026-05-13 14:51:57,31.996248395695524
3962,136.24,7,1.9,4,10,237.69,2026-05-13 14:51:57,34.39101350498549
3963,81.77,9,1.6,0,7,187.84,2026-05-13 14:51:57,26.119037478705277
3964,88.92,1,1.1,6,18,146.95,2026-05-13 14:51:57,36.306226607689695
3965,51.49,6,1.7,4,20,122.35,2026-05-13 14:51:57,25.250510829587252
3966,74.7,7,1.1,6,7,154.84,2026-05-13 14:51:57,28.94600878326014
3967,70.73,3,1.9,1,9,142.24,2026-05-13 14:51:57,29.835489313835772
3968,100.06,3,1.4,1,12,158.03,2026-05-13 14:51:57,37.99025501487059
3969,117.37,9,1.5,5,11,224.49,2026-05-13 14:51:57,31.369771482025925
3971,119.27,8,1.3,1,19,211.49,2026-05-13 14:51:57,33.83706085394108
3972,64.19,5,1.9,6,17,144.77,2026-05-13 14:51:57,26.60357808938316
3973,15.86,2,1.4,0,15,68.65,2026-05-13 14:51:57,13.861616897305169
3974,48.05,6,1.3,3,9,113.41,2026-05-13 14:51:57,25.421038709108544
3975,53.58,9,1.5,1,15,143.92,2026-05-13 14:51:57,22.337409672040025
3976,124.69,1,1.1,2,13,179.5,2026-05-13 14:51:57,41.67910863509749
3977,11.98,7,1.2,1,19,73.45,2026-05-13 14:51:57,9.786249149081009
3978,146.14,10,1.8,6,19,274.59,2026-05-13 14:51:57,31.932699661313233
3979,33.74,6,1.9,4,22,107.03,2026-05-13 14:51:57,18.914323086984957
3980,33.7,7,1.6,6,0,109.6,2026-05-13 14:51:57,18.448905109489054
3981,146.17,4,1.3,3,23,223.13,2026-05-13 14:51:57,39.30533769551382
3982,30.18,8,1.8,4,22,112.22,2026-05-13 14:51:57,16.136161112101227
3983,31.74,3,1.1,1,8,72.33,2026-05-13 14:51:57,26.32932393197843
3984,67.09,10,1.2,3,5,155.81,2026-05-13 14:51:57,25.83531223926577
3985,123.48,7,1.1,6,4,205.1,2026-05-13 14:51:57,36.122866894197955
3986,98.29,10,1.9,4,11,208.89,2026-05-13 14:51:57,28.232083871894304
3987,108.26,4,1.4,3,11,180.38,2026-05-13 14:51:57,36.0106441955871
3988,137.6,1,1.4,1,21,201.55,2026-05-13 14:51:57,40.962540312577524
3989,66.93,3,1.6,2,20,123.84,2026-05-13 14:51:57,32.42732558139535
3990,19.94,5,1.9,6,21,88.24,2026-05-13 14:51:57,13.558476881233002
3991,44.29,3,1.0,1,16,87.3,2026-05-13 14:51:57,30.43986254295533
3992,76.13,5,1.9,5,9,165.64,2026-05-13 14:51:57,27.57667230137648
3993,136.53,10,1.0,1,8,253.61,2026-05-13 14:51:57,32.30077678324987
3994,90.76,7,1.4,6,4,173.7,2026-05-13 14:51:57,31.350604490500864
3995,119.13,4,2.0,5,6,205.91,2026-05-13 14:51:57,34.71322422417561
3996,83.41,5,1.7,4,15,169.51,2026-05-13 14:51:57,29.523921892513716
3997,88.99,8,1.7,2,17,179.56,2026-05-13 14:51:57,29.736021385609266
3998,133.6,4,1.9,1,7,227.99,2026-05-13 14:51:57,35.15943681740427
3999,129.79,4,1.9,6,3,219.5,2026-05-13 14:51:57,35.47790432801822
4000,86.97,7,1.2,6,1,167.36,2026-05-13 14:51:57,31.179493307839387
4001,77.3,3,1.2,6,9,131.14,2026-05-13 14:51:57,35.36678359005643
4002,71.89,3,1.8,4,12,143.8,2026-05-13 14:51:57,29.995827538247564
4003,94.92,10,1.0,3,15,202.51,2026-05-13 14:51:57,28.123055651572763
4004,111.14,5,1.3,1,8,190.11,2026-05-13 14:51:57,35.07653463784125
4005,118.38,4,2.0,5,18,204.03,2026-05-13 14:51:57,34.81252756947507
4006,109.47,7,1.8,5,19,198.39,2026-05-13 14:51:57,33.10751549977318
4007,69.65,10,1.7,6,11,170.34,2026-05-13 14:51:57,24.533286368439594
4008,116.66,6,1.5,2,9,209.7,2026-05-13 14:51:57,33.379113018598
4009,84.03,1,1.2,1,11,136.57,2026-05-13 14:51:57,36.91733177125284
4010,23.82,4,1.4,2,20,89.44,2026-05-13 14:51:57,15.979427549194993
4011,47.35,4,1.6,1,5,107.09,2026-05-13 14:51:57,26.52908768325707
4012,86.3,1,1.2,5,12,143.79,2026-05-13 14:51:57,36.01084915501773
4013,30.96,1,1.1,1,2,59.53,2026-05-13 14:51:57,31.204434738787167
4014,71.92,9,1.9,3,10,167.88,2026-05-13 14:51:57,25.704074338813438
4015,72.92,10,1.2,5,14,170.33,2026-05-13 14:51:57,25.68660834849997
4016,137.85,3,1.6,3,8,222.14,2026-05-13 14:51:57,37.233276312235525
4017,128.77,1,1.9,2,18,203.54,2026-05-13 14:51:57,37.95912351380564
4018,49.84,7,1.7,2,23,129.75,2026-05-13 14:51:57,23.047398843930637
4019,96.96,10,1.2,4,4,194.49,2026-05-13 14:51:57,29.912077741786206
4020,11.51,1,1.1,5,13,54.89,2026-05-13 14:51:57,12.581526689743121
4021,42.36,5,1.2,1,19,109.39,2026-05-13 14:51:57,23.234299296096538
4022,19.04,1,1.1,2,13,49.53,2026-05-13 14:51:57,23.06480920654149
4023,116.48,5,1.6,6,11,211.04,2026-05-13 14:51:57,33.115996967399546
4024,65.34,10,1.4,2,8,158.42,2026-05-13 14:51:57,24.7468753945209
4025,60.02,8,2.0,6,3,152.73,2026-05-13 14:51:57,23.57886466313102
4026,137.52,5,1.7,4,17,230.52,2026-05-13 14:51:57,35.79385736595523
4027,65.96,4,1.6,1,4,136.59,2026-05-13 14:51:57,28.9743026575884
4028,42.99,5,1.8,0,10,108.79,2026-05-13 14:51:57,23.709899806967552
4029,65.22,9,1.2,1,18,146.33,2026-05-13 14:51:57,26.74229481309369
4030,56.58,5,1.2,6,14,125.18,2026-05-13 14:51:57,27.119348138680298
4031,26.22,10,1.3,1,20,117.8,2026-05-13 14:51:57,13.354838709677418
4032,40.09,5,1.9,3,12,111.3,2026-05-13 14:51:57,21.611859838274935
4033,145.31,2,1.8,0,14,214.25,2026-05-13 14:51:57,40.69358226371062
4034,61.67,10,1.8,0,8,167.27,2026-05-13 14:51:57,22.121121540025108
4035,144.47,10,1.1,6,16,257.14,2026-05-13 14:51:57,33.71004122268025
4036,93.31,9,1.8,4,0,196.92,2026-05-13 14:51:57,28.430834856794643
4037,24.46,4,1.8,4,20,92.2,2026-05-13 14:51:57,15.917570498915403
4038,124.68,4,1.5,4,19,200.64,2026-05-13 14:51:57,37.28468899521531
4039,54.43,5,1.5,4,14,123.06,2026-05-13 14:51:57,26.53827401267674
4040,73.29,7,1.5,1,13,160.86,2026-05-13 14:51:57,27.336814621409925
4041,54.53,1,1.6,3,15,110.16,2026-05-13 14:51:57,29.7004357298475
4042,132.84,2,1.5,2,22,209.19,2026-05-13 14:51:57,38.101247669582676
4043,79.09,2,1.0,4,16,134.83,2026-05-13 14:51:57,35.19543128383891
4044,30.75,2,1.9,3,9,94.69,2026-05-13 14:51:57,19.484634069067482
4045,29.99,8,1.7,6,4,124.93,2026-05-13 14:51:57,14.403265828864162
4046,35.21,1,1.0,5,6,78.95,2026-05-13 14:51:57,26.75870804306523
4047,6.49,3,1.9,4,23,62.93,2026-05-13 14:51:57,6.187827745113619
4048,42.42,3,2.0,0,12,105.04,2026-05-13 14:51:57,24.23076923076923
4049,121.43,5,1.8,6,15,204.08,2026-05-13 14:51:57,35.70070560564484
4050,77.29,7,1.4,5,6,157.66,2026-05-13 14:51:57,29.41392870734492
4051,110.4,6,1.4,4,15,192.1,2026-05-13 14:51:57,34.48204060385216
4052,57.31,3,1.7,3,9,111.52,2026-05-13 14:51:57,30.833931133428983
4053,139.89,4,1.4,5,1,229.09,2026-05-13 14:51:57,36.63800253175607
4054,89.25,6,1.7,6,20,171.81,2026-05-13 14:51:57,31.168150864326872
4055,16.8,5,1.2,5,10,67.52,2026-05-13 14:51:57,14.928909952606636
4056,118.56,3,1.6,0,5,184.79,2026-05-13 14:51:57,38.49558958818118
4057,79.52,3,1.1,3,12,146.04,2026-05-13 14:51:57,32.67050123253903
4058,106.65,4,1.3,2,6,169.71,2026-05-13 14:51:57,37.7054976135761
4059,139.34,7,1.1,6,16,222.55,2026-05-13 14:51:57,37.56638957537632
4060,139.56,10,1.2,3,12,249.44,2026-05-13 14:51:57,33.569595894804365
4061,13.85,8,1.9,1,7,94.67,2026-05-13 14:51:57,8.777859934509348
4062,107.34,7,2.0,5,3,214.39,2026-05-13 14:51:57,30.040580250944544
4063,130.25,6,1.7,1,21,219.47,2026-05-13 14:51:57,35.60851141386066
4064,76.37,9,1.3,5,14,175.76,2026-05-13 14:51:57,26.070778334091948
4065,74.5,7,2.0,3,21,169.4,2026-05-13 14:51:57,26.387249114521843
4066,127.07,7,1.3,5,10,212.75,2026-05-13 14:51:57,35.836427732079905
4067,5.88,4,1.4,4,5,51.16,2026-05-13 14:51:57,6.896012509773261
4068,92.42,8,1.2,0,11,176.44,2026-05-13 14:51:57,31.428247562910908
4069,86.47,4,1.2,3,1,161.7,2026-05-13 14:51:57,32.08534322820037
4070,45.9,3,2.0,0,16,117.1,2026-05-13 14:51:57,23.518360375747225
4071,49.19,6,1.3,2,3,118.53,2026-05-13 14:51:57,24.900025310048086
4072,128.04,6,1.5,2,14,223.1,2026-05-13 14:51:57,34.43478260869565
4073,82.76,4,1.2,6,23,152.25,2026-05-13 14:51:57,32.614778325123154
4074,54.82,5,1.3,2,19,114.51,2026-05-13 14:51:57,28.72412889703956
4075,39.73,1,1.9,6,20,97.99,2026-05-13 14:51:57,24.326972140014284
4076,7.85,1,1.9,4,18,57.19,2026-05-13 14:51:57,8.235705542927086
4077,42.53,8,1.1,6,6,126.97,2026-05-13 14:51:57,20.097660864771207
4078,29.37,10,1.5,4,17,114.79,2026-05-13 14:51:57,15.351511455701717
4079,85.35,6,1.3,6,12,163.43,2026-05-13 14:51:57,31.33451630667564
4080,31.19,10,1.5,6,2,116.3,2026-05-13 14:51:57,16.091143594153053
4081,57.08,2,1.8,3,11,108.03,2026-05-13 14:51:57,31.702304915301305
4082,15.2,9,1.9,3,21,102.68,2026-05-13 14:51:57,8.881963381379041
4083,138.65,9,1.3,5,12,238.77,2026-05-13 14:51:57,34.84106043472798
4084,21.23,6,1.7,2,20,90.31,2026-05-13 14:51:57,14.104750304506698
4085,137.37,4,1.6,2,5,222.0,2026-05-13 14:51:57,37.127027027027026
4086,126.25,1,1.4,5,16,187.28,2026-05-13 14:51:57,40.44745835113199
4087,74.37,6,1.6,3,0,162.74,2026-05-13 14:51:57,27.419196263979355
4088,37.73,10,1.7,5,5,128.8,2026-05-13 14:51:57,17.576086956521735
4089,28.48,4,1.4,1,13,89.44,2026-05-13 14:51:57,19.105545617173526
4090,66.01,6,1.1,6,8,129.36,2026-05-13 14:51:57,30.616883116883116
4091,93.51,9,1.9,2,22,197.65,2026-05-13 14:51:57,28.386541866936504
4092,72.99,6,1.6,2,0,150.72,2026-05-13 14:51:57,29.05652866242038
4093,138.49,4,1.7,6,14,223.07,2026-05-13 14:51:57,37.250190523154174
4094,126.25,3,1.3,3,5,189.25,2026-05-13 14:51:57,40.026420079260234
4095,124.18,7,1.5,0,23,214.41,2026-05-13 14:51:57,34.75024485798237
4096,132.76,8,1.6,4,0,239.45,2026-05-13 14:51:57,33.26623512215494
4097,72.04,7,1.7,2,16,158.04,2026-05-13 14:51:57,27.350037965072136
4098,88.5,10,1.5,1,12,192.39,2026-05-13 14:51:57,27.60018711991268
4099,139.64,4,1.6,0,17,222.21,2026-05-13 14:51:57,37.70487376805724
4100,87.87,8,1.8,0,0,194.59,2026-05-13 14:51:57,27.093889716840536
4101,27.08,1,1.4,3,11,71.16,2026-05-13 14:51:57,22.833052276559865
4102,29.27,3,1.5,0,0,74.74,2026-05-13 14:51:57,23.4974578538935
4103,9.45,9,1.4,1,21,91.05,2026-05-13 14:51:57,6.227347611202636
4104,29.48,3,1.7,2,11,85.97,2026-05-13 14:51:57,20.574619053158077
4105,132.63,7,1.7,0,10,237.11,2026-05-13 14:51:57,33.56163805828518
4106,140.47,5,1.9,2,19,242.05,2026-05-13 14:51:57,34.820078496178475
4107,115.0,7,1.7,0,12,215.44,2026-05-13 14:51:57,32.02747864834757
4108,33.36,9,1.1,0,14,109.42,2026-05-13 14:51:57,18.29281666971303
4109,78.01,2,1.1,3,8,137.02,2026-05-13 14:51:57,34.15997664574515
4110,34.3,1,1.1,4,4,78.64,2026-05-13 14:51:57,26.169888097660223
4111,128.85,10,1.6,5,16,246.48,2026-05-13 14:51:57,31.365628042843234
4112,120.33,5,1.2,6,15,199.18,2026-05-13 14:51:57,36.24761522241189
4113,60.57,7,1.0,3,23,143.67,2026-05-13 14:51:57,25.295468782626855
4114,14.84,3,1.1,0,15,52.39,2026-05-13 14:51:57,16.995609849207863
4115,64.26,10,1.1,4,13,148.76,2026-05-13 14:51:57,25.918257596127994
4116,23.68,4,1.7,5,15,93.2,2026-05-13 14:51:57,15.244635193133046
4117,134.01,4,1.0,5,6,207.44,2026-05-13 14:51:57,38.76108754338604
4118,54.96,4,1.7,3,6,116.19,2026-05-13 14:51:57,28.381099922540667
4119,40.55,1,1.6,0,19,86.83,2026-05-13 14:51:57,28.02026949211102
4120,71.92,7,1.1,5,0,144.73,2026-05-13 14:51:57,29.815518551786088
4121,38.49,2,2.0,4,21,89.91,2026-05-13 14:51:57,25.685685685685687
4122,61.14,1,1.9,1,13,107.47,2026-05-13 14:51:57,34.134176979622225
4123,78.43,7,2.0,3,23,168.01,2026-05-13 14:51:57,28.009047080530923
4124,131.9,7,1.5,4,14,220.05,2026-05-13 14:51:57,35.964553510565786
4125,46.31,8,1.8,4,23,136.45,2026-05-13 14:51:57,20.36350311469403
4126,74.23,10,1.5,6,17,186.23,2026-05-13 14:51:57,23.915588251087367
4127,101.64,5,1.1,4,12,181.32,2026-05-13 14:51:57,33.633355393778956
4128,57.37,6,2.0,1,13,148.89,2026-05-13 14:51:57,23.119081200886562
4129,19.49,9,1.8,4,23,112.71,2026-05-13 14:51:57,10.375299441043385
4130,21.92,7,1.2,6,13,92.42,2026-05-13 14:51:57,14.230685998701581
4131,35.09,5,1.8,2,1,113.48,2026-05-13 14:51:57,18.553048995417697
4132,144.25,2,1.8,6,2,220.68,2026-05-13 14:51:57,39.21968461120174
4133,120.76,10,1.9,6,21,233.97,2026-05-13 14:51:57,30.96807282984998
4134,19.64,1,1.6,0,20,68.23,2026-05-13 14:51:57,17.27099516341785
4135,91.78,10,1.7,3,19,205.09,2026-05-13 14:51:57,26.85065093373641
4136,130.21,4,1.1,6,9,197.85,2026-05-13 14:51:57,39.48749052312358
4137,110.3,3,1.2,1,3,167.85,2026-05-13 14:51:57,39.42806076854334
4138,11.19,2,1.4,1,9,58.0,2026-05-13 14:51:57,11.575862068965517
4139,144.15,7,1.3,2,20,235.3,2026-05-13 14:51:57,36.75733106672333
4140,141.73,4,1.6,0,0,222.4,2026-05-13 14:51:57,38.236510791366904
4141,117.97,5,1.3,3,3,194.74,2026-05-13 14:51:57,36.346924103933446
4142,88.78,2,1.7,2,10,157.18,2026-05-13 14:51:57,33.88980786359588
4143,55.32,4,1.3,5,2,121.88,2026-05-13 14:51:57,27.23334427305546
4144,24.24,6,1.4,0,23,89.28,2026-05-13 14:51:57,16.29032258064516
4145,123.17,4,1.2,2,2,191.7,2026-05-13 14:51:57,38.550860719874805
4146,130.0,3,1.4,3,23,197.0,2026-05-13 14:51:57,39.59390862944163
4147,35.6,8,1.5,2,22,110.94,2026-05-13 14:51:57,19.253650621957817
4148,13.64,1,1.9,3,9,66.27,2026-05-13 14:51:57,12.349479402444546
4149,149.88,1,2.0,1,4,216.5,2026-05-13 14:51:57,41.53718244803695
4150,119.99,2,1.6,3,15,188.63,2026-05-13 14:51:57,38.166781529979325
4151,77.2,2,1.7,5,20,134.34,2026-05-13 14:51:57,34.47967842786959
4152,13.46,6,1.9,0,23,78.99,2026-05-13 14:51:57,10.224078997341437
4153,98.42,7,1.1,4,2,190.45,2026-05-13 14:51:57,31.006563402467844
4154,124.85,3,1.6,1,8,201.14,2026-05-13 14:51:57,37.2427165158596
4155,148.09,7,1.2,5,0,251.73,2026-05-13 14:51:57,35.29734239065666
4156,137.23,5,1.9,5,20,235.37,2026-05-13 14:51:57,34.982368186259926
4157,67.62,10,1.9,1,15,165.82,2026-05-13 14:51:57,24.46749487395972
4158,108.8,7,1.0,0,21,200.23,2026-05-13 14:51:57,32.60250711681566
4159,103.63,2,1.7,5,12,165.86,2026-05-13 14:51:57,37.48824309658748
4160,60.93,8,1.5,3,9,156.71,2026-05-13 14:51:57,23.328441069491415
4161,67.54,8,1.1,3,2,153.47,2026-05-13 14:51:57,26.405160617710305
4162,143.97,5,1.5,1,16,237.16,2026-05-13 14:51:57,36.42351155338169
4163,66.37,4,1.2,2,17,125.93,2026-05-13 14:51:57,31.622329865798463
4164,30.42,8,1.3,6,14,105.37,2026-05-13 14:51:57,17.321818354370315
4165,145.13,4,1.1,0,0,229.64,2026-05-13 14:51:57,37.919352029263194
4166,22.69,2,1.8,0,3,67.73,2026-05-13 14:51:57,20.100398641665436
4167,80.21,10,1.8,0,18,178.35,2026-05-13 14:51:57,26.984020185029436
4168,39.33,4,1.9,5,22,115.98,2026-05-13 14:51:57,20.346611484738748
4169,50.54,6,1.2,0,9,121.92,2026-05-13 14:51:57,24.87204724409449
4170,133.81,2,1.2,6,1,201.7,2026-05-13 14:51:57,39.804660386712946
4171,26.66,10,1.6,4,13,130.27,2026-05-13 14:51:57,12.27911261226683
4172,72.35,5,1.5,2,14,138.38,2026-05-13 14:51:57,31.370140193669602
4173,31.86,4,1.2,6,17,81.05,2026-05-13 14:51:57,23.585441085749537
4174,142.7,6,1.9,3,17,244.97,2026-05-13 14:51:57,34.95121851655305
4175,84.67,4,1.1,6,8,154.51,2026-05-13 14:51:57,32.87942527991716
4176,25.24,1,1.7,2,15,66.15,2026-05-13 14:51:57,22.89342403628118
4177,40.88,4,1.3,5,20,92.28,2026-05-13 14:51:57,26.57997399219766
4178,28.38,8,1.2,0,10,107.39,2026-05-13 14:51:57,15.8562249743924
4179,8.97,8,1.5,6,6,96.2,2026-05-13 14:51:57,5.594594594594596
4180,134.51,9,1.4,4,7,239.95,2026-05-13 14:51:57,33.63450718899771
4181,139.6,8,2.0,0,1,255.78,2026-05-13 14:51:57,32.74689186019235
4182,83.03,8,1.8,4,9,184.98,2026-05-13 14:51:57,26.931560168666884
4183,42.85,8,1.2,0,1,133.13,2026-05-13 14:51:57,19.311950724855404
4184,84.86,8,1.9,3,10,183.85,2026-05-13 14:51:57,27.69431601849334
4185,89.72,9,1.3,5,9,185.8,2026-05-13 14:51:57,28.97308934337998
4186,35.43,6,2.0,2,10,118.94,2026-05-13 14:51:57,17.872877080881118
4187,108.84,5,1.6,0,3,195.42,2026-05-13 14:51:57,33.41725514276943
4188,85.85,10,1.4,0,5,195.28,2026-05-13 14:51:57,26.377509217533795
4189,131.21,4,1.9,6,1,220.75,2026-05-13 14:51:57,35.662967157417896
4190,144.16,6,1.3,5,7,228.7,2026-05-13 14:51:57,37.82072584171404
4191,94.3,10,1.8,5,6,207.6,2026-05-13 14:51:57,27.254335260115607
4192,14.33,4,1.2,4,4,65.94,2026-05-13 14:51:57,13.039126478616925
4193,43.83,9,1.3,1,9,128.09,2026-05-13 14:51:57,20.530876727301116
4194,59.23,1,1.0,6,3,111.06,2026-05-13 14:51:57,31.998919502971365
4195,111.52,3,1.6,1,1,193.57,2026-05-13 14:51:57,34.567339980368864
4196,11.87,8,1.8,2,13,96.78,2026-05-13 14:51:57,7.35895846249225
4197,42.34,2,1.9,1,1,93.33,2026-05-13 14:51:57,27.21954355512697
4198,125.19,8,1.3,5,5,217.74,2026-05-13 14:51:57,34.49710664094792
4199,126.57,10,1.4,3,10,244.8,2026-05-13 14:51:57,31.02205882352941
4200,112.87,1,1.4,1,3,162.34,2026-05-13 14:51:57,41.71615128742146
4201,94.9,3,1.6,5,23,171.92,2026-05-13 14:51:57,33.12005583992555
4202,142.61,3,1.4,3,13,223.95,2026-05-13 14:51:57,38.20763563295379
4203,35.47,9,1.4,3,22,128.73,2026-05-13 14:51:57,16.532276858541135
4204,119.42,6,1.8,1,13,223.23,2026-05-13 14:51:57,32.097836312323615
4205,53.96,8,1.4,1,5,142.66,2026-05-13 14:51:57,22.69451843544091
4206,97.97,3,1.4,4,8,168.5,2026-05-13 14:51:57,34.88545994065282
4207,34.89,3,1.5,0,16,82.35,2026-05-13 14:51:57,25.420765027322407
4208,5.96,1,1.9,5,12,49.28,2026-05-13 14:51:57,7.2564935064935066
4209,75.17,4,1.9,4,22,142.76,2026-05-13 14:51:57,31.592883160549174
4210,84.2,2,1.6,1,5,141.21,2026-05-13 14:51:57,35.77650308051838
4211,5.62,6,1.4,3,3,60.95,2026-05-13 14:51:57,5.532403609515996
4212,71.89,2,1.9,1,10,129.79,2026-05-13 14:51:57,33.23368518375838
4213,119.18,6,1.6,0,11,206.7,2026-05-13 14:51:57,34.59506531204645
4214,88.08,3,1.6,5,15,156.4,2026-05-13 14:51:57,33.79028132992327
4215,117.63,7,1.1,3,17,205.84,2026-05-13 14:51:57,34.28779634667703
4216,59.57,9,1.6,3,0,150.14,2026-05-13 14:51:57,23.80578127081391
4217,95.07,3,1.1,6,22,163.77,2026-05-13 14:51:57,34.830555046711844
4218,51.34,9,1.3,3,19,135.22,2026-05-13 14:51:57,22.78065374944535
4219,26.99,4,1.8,2,18,86.19,2026-05-13 14:51:57,18.788722589627568
4220,89.49,8,1.5,1,9,177.55,2026-05-13 14:51:57,30.2416220782878
4221,44.32,7,1.2,2,1,117.45,2026-05-13 14:51:57,22.641123882503194
4222,14.69,5,1.1,6,1,80.05,2026-05-13 14:51:57,11.010618363522797
4223,42.28,4,1.6,1,12,107.57,2026-05-13 14:51:57,23.58278330389514
4224,114.01,6,1.5,1,13,206.55,2026-05-13 14:51:57,33.11837327523602
4225,11.64,8,2.0,0,13,103.6,2026-05-13 14:51:57,6.741312741312742
4226,79.11,5,1.3,0,15,160.76,2026-05-13 14:51:57,29.526001492908687
4227,73.53,8,1.4,6,1,154.43,2026-05-13 14:51:57,28.568283364631224
4228,142.2,9,1.2,0,3,245.46,2026-05-13 14:51:57,34.759227572720604
4229,48.92,3,1.4,0,20,107.13,2026-05-13 14:51:57,27.39848781853823
4230,119.35,4,1.7,0,10,207.44,2026-05-13 14:51:57,34.520825298881604
4231,104.1,2,1.5,3,3,166.56,2026-05-13 14:51:57,37.49999999999999
4232,21.48,10,1.2,4,22,111.38,2026-05-13 14:51:57,11.571197701562221
4233,90.37,1,1.7,5,14,141.06,2026-05-13 14:51:57,38.43896214376861
4234,48.99,8,1.6,3,2,134.65,2026-05-13 14:51:57,21.829929446713702
4235,58.82,7,1.5,6,1,146.39,2026-05-13 14:51:57,24.108204112302754
4236,83.08,6,2.0,4,11,168.82,2026-05-13 14:51:57,29.5273071910911
4237,43.47,9,1.6,6,12,128.41,2026-05-13 14:51:57,20.311502219453313
4238,118.96,4,1.5,0,18,203.58,2026-05-13 14:51:57,35.06041850869437
4239,109.53,10,1.9,5,4,228.4,2026-05-13 14:51:57,28.773204903677758
4240,125.04,10,1.3,2,21,229.62,2026-05-13 14:51:57,32.673112098249284
4241,101.0,1,1.6,5,9,165.56,2026-05-13 14:51:57,36.60304421357816
4242,81.43,9,1.5,0,14,176.45,2026-05-13 14:51:57,27.689430433550587
4243,120.17,1,1.4,6,20,181.26,2026-05-13 14:51:57,39.778219132737505
4244,52.19,7,1.4,0,10,124.28,2026-05-13 14:51:57,25.19633086578693
4245,42.43,8,1.9,2,2,127.55,2026-05-13 14:51:57,19.959231673853388
4246,54.33,7,1.6,0,3,139.27,2026-05-13 14:51:57,23.406333022187113
4247,28.83,5,1.9,0,13,110.0,2026-05-13 14:51:57,15.725454545454545
4248,146.48,5,1.1,4,15,228.77,2026-05-13 14:51:57,38.41762468855182
4249,8.86,6,1.9,3,23,91.47,2026-05-13 14:51:57,5.811741554608068
4250,103.85,4,1.0,2,3,168.28,2026-05-13 14:51:57,37.027573092464934
4251,47.95,1,1.3,6,21,100.99,2026-05-13 14:51:57,28.48796910585207
4252,25.15,6,1.5,5,10,101.56,2026-05-13 14:51:57,14.858211894446631
4253,37.17,2,1.3,0,20,78.04,2026-05-13 14:51:57,28.57765248590466
4254,32.07,8,1.2,2,12,116.21,2026-05-13 14:51:57,16.557955425522763
4255,58.38,2,1.5,3,14,121.36,2026-05-13 14:51:57,28.862887277521423
4256,142.07,10,1.5,2,17,260.56,2026-05-13 14:51:57,32.71492170709241
4257,21.85,2,1.9,4,1,76.12,2026-05-13 14:51:57,17.222806095638465
4258,123.85,7,1.7,3,23,221.67,2026-05-13 14:51:57,33.52280416835837
4259,137.5,7,1.9,4,23,239.36,2026-05-13 14:51:57,34.46691176470588
4260,86.01,4,1.3,6,9,155.61,2026-05-13 14:51:57,33.16367842683632
4261,76.37,8,1.1,4,19,153.28,2026-05-13 14:51:57,29.894311064718163
4262,90.49,9,1.7,0,3,200.26,2026-05-13 14:51:57,27.111754718865477
4263,37.2,5,1.9,0,9,112.88,2026-05-13 14:51:57,19.773210489014886
4264,20.49,8,1.7,1,8,111.82,2026-05-13 14:51:57,10.994455374709354
4265,113.1,5,1.5,5,10,186.62,2026-05-13 14:51:57,36.362662094094944
4266,23.06,5,1.1,0,4,74.92,2026-05-13 14:51:57,18.467698878804057
4267,57.85,4,1.2,4,12,128.09,2026-05-13 14:51:57,27.09813412444375
4268,142.93,1,1.6,0,2,217.16,2026-05-13 14:51:57,39.490698102781366
4269,8.41,6,1.4,2,15,83.04,2026-05-13 14:51:57,6.076589595375722
4270,16.32,10,1.1,1,21,92.66,2026-05-13 14:51:57,10.567666738614289
4271,40.5,1,1.1,2,23,83.3,2026-05-13 14:51:57,29.17166866746699
4272,32.47,7,1.1,6,16,98.64,2026-05-13 14:51:57,19.75060827250608
4273,47.47,4,1.2,6,0,114.84,2026-05-13 14:51:57,24.80146290491118
4274,63.18,5,1.3,4,16,132.05,2026-05-13 14:51:57,28.70730783794017
4275,116.1,2,1.1,1,9,167.45,2026-05-13 14:51:57,41.6004777545536
4276,75.1,6,1.7,5,3,162.77,2026-05-13 14:51:57,27.683234011181415
4277,77.49,3,1.0,5,10,141.87,2026-05-13 14:51:57,32.7722562909706
4278,106.24,4,1.5,1,4,174.26,2026-05-13 14:51:57,36.57982325261104
4279,13.32,1,1.1,4,0,43.4,2026-05-13 14:51:57,18.414746543778804
4280,64.01,7,1.8,6,15,145.95,2026-05-13 14:51:57,26.314491264131558
4281,92.97,5,1.1,0,9,169.73,2026-05-13 14:51:57,32.865138749779064
4282,116.19,7,1.5,6,23,208.12,2026-05-13 14:51:57,33.49702094945224
4283,71.19,6,1.3,3,11,157.87,2026-05-13 14:51:57,27.05643884208526
4284,68.04,6,1.8,4,20,145.27,2026-05-13 14:51:57,28.10215460865974
4285,143.75,7,1.3,0,5,244.78,2026-05-13 14:51:57,35.23572187270202
4286,145.94,9,1.5,2,3,255.39,2026-05-13 14:51:57,34.28638552801598
4287,18.69,1,1.9,3,17,65.39,2026-05-13 14:51:57,17.149411224957944
4288,118.77,7,1.4,1,8,220.11,2026-05-13 14:51:57,32.37563036663486
4289,80.6,2,1.8,1,17,148.51,2026-05-13 14:51:57,32.563463739815504
4290,147.56,1,1.1,5,17,210.65,2026-05-13 14:51:57,42.02990742938524
4291,59.8,1,1.4,5,13,117.32,2026-05-13 14:51:57,30.583020797817934
4292,97.02,10,1.7,2,4,213.68,2026-05-13 14:51:57,27.24260576563085
4293,5.91,2,1.1,2,7,51.21,2026-05-13 14:51:57,6.9244288224956065
4294,67.48,5,1.2,0,22,132.56,2026-05-13 14:51:57,30.543150271575136
4295,39.82,5,1.4,6,15,103.06,2026-05-13 14:51:57,23.182612070638463
4296,13.27,8,1.1,3,17,77.57,2026-05-13 14:51:57,10.264277426840273
4297,100.49,2,1.3,0,22,160.75,2026-05-13 14:51:57,37.507931570762054
4298,123.69,9,1.1,6,13,223.04,2026-05-13 14:51:57,33.273852223816355
4299,54.4,3,1.3,0,10,102.75,2026-05-13 14:51:57,31.766423357664234
4300,138.04,6,1.1,0,8,227.24,2026-05-13 14:51:57,36.44780848442175
4301,53.89,5,1.5,6,8,121.36,2026-05-13 14:51:57,26.643045484508896
4302,122.86,2,1.8,1,17,191.77,2026-05-13 14:51:57,38.43979767429733
4303,57.69,7,1.8,2,19,153.47,2026-05-13 14:51:57,22.554245129341236
4304,103.06,9,1.3,5,1,210.67,2026-05-13 14:51:57,29.35206721412636
4305,52.24,6,1.9,1,17,127.63,2026-05-13 14:51:57,24.558489383373818
4306,101.29,4,1.7,0,3,174.89,2026-05-13 14:51:57,34.74984275830523
4307,11.13,3,1.4,4,23,69.78,2026-05-13 14:51:57,9.570077386070508
4308,20.57,10,1.2,3,16,101.02,2026-05-13 14:51:57,12.217382696495743
4309,76.8,1,1.3,0,8,117.67,2026-05-13 14:51:57,39.16036372907283
4310,131.32,2,1.0,3,5,191.25,2026-05-13 14:51:57,41.19843137254902
4311,83.64,3,1.5,1,15,158.58,2026-05-13 14:51:57,31.645856980703744
4312,115.97,6,1.2,0,19,201.43,2026-05-13 14:51:57,34.5440103261679
4313,19.44,3,1.3,2,8,62.93,2026-05-13 14:51:57,18.53488002542508
4314,7.01,5,1.5,0,23,62.64,2026-05-13 14:51:57,6.714559386973179
4315,47.81,2,1.1,1,13,85.23,2026-05-13 14:51:57,33.65716297078493
4316,29.56,4,1.2,0,1,81.04,2026-05-13 14:51:57,21.88548864758144
4317,45.06,7,1.2,5,19,117.52,2026-05-13 14:51:57,23.005445881552077
4318,78.38,10,1.7,2,15,188.37,2026-05-13 14:51:57,24.965758878802355
4319,145.78,1,1.5,1,10,212.04,2026-05-13 14:51:57,41.25070741369553
4320,77.17,3,1.8,5,16,152.36,2026-05-13 14:51:57,30.389866106589654
4321,27.1,5,1.3,3,16,97.71,2026-05-13 14:51:57,16.641080749155666
4322,137.26,2,2.0,1,13,223.62,2026-05-13 14:51:57,36.828548430372955
4323,104.89,9,1.9,1,10,208.49,2026-05-13 14:51:57,30.185620413449083
4324,99.66,6,1.2,5,2,180.86,2026-05-13 14:51:57,33.062036934645576
4325,15.97,3,1.1,6,8,54.56,2026-05-13 14:51:57,17.562316715542522
4326,112.76,2,1.9,0,18,185.36,2026-05-13 14:51:57,36.49978420371169
4327,141.51,7,1.4,6,3,235.56,2026-05-13 14:51:57,36.0443199184921
4328,17.77,10,1.4,3,10,102.78,2026-05-13 14:51:57,10.37361354349095
4329,113.91,7,1.3,4,18,196.78,2026-05-13 14:51:57,34.732188230511234
4330,35.11,8,1.9,3,3,130.56,2026-05-13 14:51:57,16.135110294117645
4331,30.4,10,1.5,0,20,127.81,2026-05-13 14:51:57,14.271183788435959
4332,136.58,10,1.8,3,14,250.04,2026-05-13 14:51:57,32.77395616701328
4333,117.23,8,1.3,3,20,222.47,2026-05-13 14:51:57,31.61684721535488
4334,105.11,4,1.8,6,20,182.47,2026-05-13 14:51:57,34.56239381816189
4335,71.78,2,1.4,6,0,119.97,2026-05-13 14:51:57,35.89897474368592
4336,99.03,7,1.9,0,18,205.7,2026-05-13 14:51:57,28.88575595527467
4337,106.42,5,1.7,0,12,181.54,2026-05-13 14:51:57,35.17241379310345
4338,82.07,1,1.4,4,5,136.47,2026-05-13 14:51:57,36.08265552868762
4339,67.44,10,1.4,0,11,161.32,2026-05-13 14:51:57,25.083064716092238
4340,85.61,6,1.2,4,17,166.3,2026-05-13 14:51:57,30.887552615754657
4341,96.42,7,1.0,4,23,173.24,2026-05-13 14:51:57,33.39413530362503
4342,145.02,9,1.3,3,3,245.83,2026-05-13 14:51:57,35.395191799210835
4343,147.36,4,1.0,5,5,216.92,2026-05-13 14:51:57,40.7597270883275
4344,87.47,6,1.3,6,13,174.73,2026-05-13 14:51:57,30.03605562868426
4345,95.4,9,1.7,0,12,195.33,2026-05-13 14:51:57,29.304254338811244
4346,128.13,7,1.6,5,10,219.1,2026-05-13 14:51:57,35.08808763121862
4347,13.57,7,1.4,1,10,78.19,2026-05-13 14:51:57,10.413096303875177
4348,40.44,8,1.3,0,8,120.8,2026-05-13 14:51:57,20.08609271523179
4349,98.63,3,1.2,4,23,160.79,2026-05-13 14:51:57,36.804527644754025
4350,24.77,4,1.5,2,2,85.3,2026-05-13 14:51:57,17.423212192262604
4351,98.96,9,1.5,6,19,207.63,2026-05-13 14:51:57,28.597023551509896
4352,139.1,10,1.9,3,9,252.85,2026-05-13 14:51:57,33.00771208226221
4353,44.39,7,1.0,5,17,114.34,2026-05-13 14:51:57,23.29368549938779
4354,99.24,3,1.9,3,21,167.09,2026-05-13 14:51:57,35.63588485247471
4355,132.26,4,1.1,6,6,212.26,2026-05-13 14:51:57,37.38622444172241
4356,107.65,10,1.4,0,11,223.28,2026-05-13 14:51:57,28.927803654604087
4357,7.75,8,1.8,1,2,88.68,2026-05-13 14:51:57,5.2435723951285516
4358,97.26,7,1.0,5,23,182.72,2026-05-13 14:51:57,31.937390542907185
4359,60.33,7,1.0,3,1,131.14,2026-05-13 14:51:57,27.60256214732347
4360,59.77,7,1.7,0,21,151.66,2026-05-13 14:51:57,23.646314123697746
4361,32.02,10,1.9,0,13,133.22,2026-05-13 14:51:57,14.421258069358956
4362,16.76,2,1.2,5,23,55.68,2026-05-13 14:51:57,18.060344827586206
4363,32.13,3,1.1,4,6,85.34,2026-05-13 14:51:57,22.589641434262948
4364,135.46,7,1.0,6,23,234.9,2026-05-13 14:51:57,34.60025542784164
4365,105.33,5,1.8,1,9,185.91,2026-05-13 14:51:57,33.99386800064547
4366,141.11,8,1.8,6,4,258.51,2026-05-13 14:51:57,32.751537658117684
4367,71.94,3,1.9,2,9,141.36,2026-05-13 14:51:57,30.53480475382003
4368,6.97,7,1.5,2,17,74.34,2026-05-13 14:51:57,5.625504439063761
4369,142.8,6,2.0,2,18,240.72,2026-05-13 14:51:57,35.59322033898306
4370,137.57,5,1.9,2,23,239.01,2026-05-13 14:51:57,34.53495669637254
4371,49.05,8,1.5,6,8,132.3,2026-05-13 14:51:57,22.24489795918367
4372,129.78,2,1.3,6,12,187.89,2026-05-13 14:51:57,41.44339773271595
4373,61.14,8,1.8,2,16,163.17,2026-05-13 14:51:57,22.482073910645344
4374,93.45,7,1.2,3,19,174.79,2026-05-13 14:51:57,32.07849419303164
4375,35.78,10,1.6,4,15,130.6,2026-05-13 14:51:57,16.437978560490045
4376,63.56,6,1.4,0,1,149.44,2026-05-13 14:51:57,25.519271948608136
4377,25.37,10,1.4,3,19,116.34,2026-05-13 14:51:57,13.084063950489943
4378,83.33,2,2.0,1,21,145.95,2026-05-13 14:51:57,34.25693730729702
4379,143.44,6,1.1,6,22,224.88,2026-05-13 14:51:57,38.27107790821772
4380,134.86,5,1.3,3,21,225.3,2026-05-13 14:51:57,35.914780292942744
4381,65.51,10,1.3,2,23,159.16,2026-05-13 14:51:57,24.695903493340037
4382,52.15,5,1.5,6,14,118.02,2026-05-13 14:51:57,26.512455516014235
4383,140.99,9,1.6,4,3,258.42,2026-05-13 14:51:57,32.735082423960996
4384,68.39,6,1.2,2,11,151.77,2026-05-13 14:51:57,27.036963826843248
4385,45.62,5,1.4,2,3,119.95,2026-05-13 14:51:57,22.819508128386826
4386,116.46,7,1.4,0,9,204.61,2026-05-13 14:51:57,34.15082351791212
4387,39.15,1,1.2,6,20,82.19,2026-05-13 14:51:57,28.58011923591678
4388,139.48,7,1.1,2,21,223.06,2026-05-13 14:51:57,37.51815654980722
4389,79.6,3,2.0,5,7,161.18,2026-05-13 14:51:57,29.631467924060058
4390,14.45,8,1.4,2,5,89.94,2026-05-13 14:51:57,9.639759839893262
4391,72.11,1,1.8,5,12,127.46,2026-05-13 14:51:57,33.94476698572101
4392,135.68,1,1.2,4,12,187.17,2026-05-13 14:51:57,43.49414970347812
4393,86.56,5,1.4,0,10,165.55,2026-05-13 14:51:57,31.371790999697975
4394,91.05,6,1.1,4,19,159.79,2026-05-13 14:51:57,34.188622567119346
4395,97.03,10,1.3,2,11,196.06,2026-05-13 14:51:57,29.693971233295933
4396,22.49,9,1.2,4,17,106.67,2026-05-13 14:51:57,12.65022968032249
4397,72.34,4,1.2,0,23,140.85,2026-05-13 14:51:57,30.815761448349313
4398,89.65,2,1.5,3,5,152.52,2026-05-13 14:51:57,35.26750590086546
4399,148.83,5,1.2,2,2,241.33,2026-05-13 14:51:57,37.00244478514897
4400,17.55,7,1.7,5,5,104.49,2026-05-13 14:51:57,10.077519379844963
4401,128.34,7,1.5,2,14,218.87,2026-05-13 14:51:57,35.18252844154064
4402,105.82,4,1.2,4,16,179.75,2026-05-13 14:51:57,35.322392211404726
4403,133.63,8,1.9,0,14,240.39,2026-05-13 14:51:57,33.353300886060154
4404,70.08,4,1.6,5,14,136.59,2026-05-13 14:51:57,30.78409839666154
4405,138.38,4,1.6,3,19,225.6,2026-05-13 14:51:57,36.8031914893617
4406,54.55,5,1.7,2,16,127.28,2026-05-13 14:51:57,25.714959145191703
4407,16.62,6,1.9,5,7,99.95,2026-05-13 14:51:57,9.976988494247124
4408,31.74,6,1.8,0,18,98.48,2026-05-13 14:51:57,19.337936636880585
4409,15.54,7,1.3,3,21,88.51,2026-05-13 14:51:57,10.534402892328549
4410,40.1,6,1.7,0,17,121.21,2026-05-13 14:51:57,19.84984737232902
4411,44.16,6,1.9,6,15,127.24,2026-05-13 14:51:57,20.8236403646652
4412,118.22,5,1.5,0,12,194.56,2026-05-13 14:51:57,36.45764802631579
4413,116.16,4,1.2,5,20,198.58,2026-05-13 14:51:57,35.09719004935039
4414,59.4,3,1.2,3,8,125.55,2026-05-13 14:51:57,28.38709677419355
4415,77.84,4,1.2,3,6,151.78,2026-05-13 14:51:57,30.77085254974305
4416,113.45,1,1.6,2,12,184.74,2026-05-13 14:51:57,36.84637869438129
4417,143.91,8,1.4,0,22,243.91,2026-05-13 14:51:57,35.40076257636014
4418,14.75,6,1.1,4,9,73.78,2026-05-13 14:51:57,11.99512062889672
4419,101.86,2,1.2,2,10,158.55,2026-05-13 14:51:57,38.546830652790916
4420,91.15,6,1.0,3,12,167.7,2026-05-13 14:51:57,32.61180679785331
4421,74.79,8,1.5,4,17,161.82,2026-05-13 14:51:57,27.730812013348167
4422,72.68,5,1.0,0,2,137.15,2026-05-13 14:51:57,31.79584396646008
4423,76.19,10,1.4,0,12,176.4,2026-05-13 14:51:57,25.914965986394556
4424,114.97,3,1.5,1,1,189.27,2026-05-13 14:51:57,36.44634648914249
4425,16.92,4,1.8,5,17,77.24,2026-05-13 14:51:57,13.143448990160541
4427,22.31,4,2.0,4,8,98.09,2026-05-13 14:51:57,13.646651034763991
4428,105.6,2,1.1,2,16,170.37,2026-05-13 14:51:57,37.18964606444796
4429,104.12,3,1.9,5,3,185.38,2026-05-13 14:51:57,33.699428201531994
4430,127.61,7,1.1,5,23,223.78,2026-05-13 14:51:57,34.21485387434087
4431,117.64,3,1.8,3,1,187.81,2026-05-13 14:51:57,37.58266332996113
4432,107.37,3,1.7,5,18,175.67,2026-05-13 14:51:57,36.672169408550126
4433,34.35,8,1.3,2,4,108.08,2026-05-13 14:51:57,19.06920799407846
4434,114.97,7,2.0,0,13,222.06,2026-05-13 14:51:57,31.06457714131316
4435,47.15,7,1.2,5,21,113.35,2026-05-13 14:51:57,24.958094397882665
4436,104.42,7,1.7,1,10,191.8,2026-05-13 14:51:57,32.66527632950991
4437,136.16,1,1.0,4,16,199.68,2026-05-13 14:51:57,40.91346153846153
4438,19.53,8,1.9,3,7,104.48,2026-05-13 14:51:57,11.215543644716693
4440,114.79,8,1.4,3,5,207.95,2026-05-13 14:51:57,33.120461649434965
4441,145.89,2,1.8,4,5,229.99,2026-05-13 14:51:57,38.059915648506454
4442,117.68,9,1.3,0,3,213.04,2026-05-13 14:51:57,33.14307172361998
4443,24.02,8,1.1,1,23,100.16,2026-05-13 14:51:57,14.388977635782748
4444,83.86,9,1.2,1,5,180.28,2026-05-13 14:51:57,27.909917905480363
4445,130.96,5,1.3,4,21,214.99,2026-05-13 14:51:57,36.548676682636405
4446,75.95,5,1.6,2,5,156.4,2026-05-13 14:51:57,29.13682864450128
4447,41.43,2,1.7,5,13,104.81,2026-05-13 14:51:57,23.717202557007916
4448,98.63,3,1.9,2,16,175.33,2026-05-13 14:51:57,33.75235270632521
4449,66.78,2,1.0,0,10,107.45,2026-05-13 14:51:57,37.28990228013029
4450,96.53,9,1.9,0,5,207.61,2026-05-13 14:51:57,27.89750012041809
4451,135.37,10,1.1,2,3,241.07,2026-05-13 14:51:57,33.6922885468951
4452,84.14,8,1.0,5,17,177.27,2026-05-13 14:51:57,28.478591978338127
4453,45.63,5,1.5,1,12,123.67,2026-05-13 14:51:57,22.13794776421121
4454,48.74,6,1.3,5,13,118.67,2026-05-13 14:51:57,24.643128002022415
4455,62.89,4,1.2,1,15,134.34,2026-05-13 14:51:57,28.088432335864226
4456,146.3,4,1.7,5,3,234.39,2026-05-13 14:51:57,37.45040317419686
4457,48.66,1,1.1,2,15,83.43,2026-05-13 14:51:57,34.99460625674217
4458,59.53,8,1.4,3,7,146.36,2026-05-13 14:51:57,24.40420880021864
4459,42.23,7,1.3,5,12,110.08,2026-05-13 14:51:57,23.01780523255814
4460,137.37,5,1.3,2,13,220.57,2026-05-13 14:51:57,37.36772906560276
4461,42.76,8,1.6,4,0,132.53,2026-05-13 14:51:57,19.358635780577984
4462,32.17,6,1.1,3,5,97.15,2026-05-13 14:51:57,19.868244981986617
4463,43.51,1,1.1,5,19,89.44,2026-05-13 14:51:57,29.188282647584973
4464,113.4,6,1.5,2,13,196.07,2026-05-13 14:51:57,34.7018921813638
4465,12.76,3,1.3,4,4,66.05,2026-05-13 14:51:57,11.59121877365632
4466,61.31,3,1.0,3,14,112.77,2026-05-13 14:51:57,32.620377760042565
4467,81.85,6,1.2,6,0,161.34,2026-05-13 14:51:57,30.438824841948676
4468,78.63,6,1.4,3,18,160.78,2026-05-13 14:51:57,29.34320189078243
4469,112.41,2,1.3,1,14,170.72,2026-05-13 14:51:57,39.50679475164011
4470,88.93,1,1.1,0,15,132.73,2026-05-13 14:51:57,40.200406840955324
4471,58.25,3,1.5,1,15,123.12,2026-05-13 14:51:57,28.386939571150098
4472,55.09,9,1.2,2,1,143.15,2026-05-13 14:51:57,23.090464547677264
4473,103.13,9,1.4,5,1,210.37,2026-05-13 14:51:57,29.41388981318629
4474,96.76,4,1.7,1,4,168.85,2026-05-13 14:51:57,34.383180337577734
4475,59.07,7,1.3,1,5,142.78,2026-05-13 14:51:57,24.82280431432974
4476,77.86,1,1.4,4,6,134.91,2026-05-13 14:51:57,34.62752946408717
4477,36.7,10,1.2,2,17,119.81,2026-05-13 14:51:57,18.379100242049912
4478,61.74,8,1.2,4,23,136.36,2026-05-13 14:51:57,27.166324435318273
4479,75.36,6,1.8,3,12,168.4,2026-05-13 14:51:57,26.850356294536816
4480,94.0,9,1.0,1,2,178.63,2026-05-13 14:51:57,31.5736438448189
4481,105.49,9,1.0,0,0,209.73,2026-05-13 14:51:57,30.178801315977687
4482,85.72,10,1.9,4,16,198.79,2026-05-13 14:51:57,25.872528799235376
4483,17.62,9,2.0,5,8,104.84,2026-05-13 14:51:57,10.08393742846242
4484,72.93,8,1.4,1,21,163.15,2026-05-13 14:51:57,26.820717131474105
4485,56.57,1,1.7,0,10,105.95,2026-05-13 14:51:57,32.035865974516284
4486,125.49,10,2.0,0,22,239.73,2026-05-13 14:51:57,31.40783381303967
4487,120.99,7,1.3,2,17,221.32,2026-05-13 14:51:57,32.80046990782577
4488,140.77,5,1.7,3,21,224.44,2026-05-13 14:51:57,37.6323293530565
4489,29.61,5,1.0,5,4,86.93,2026-05-13 14:51:57,20.437133325664327
4490,76.78,3,1.8,0,0,137.61,2026-05-13 14:51:57,33.47721822541966
4491,70.61,2,1.5,1,2,137.0,2026-05-13 14:51:57,30.924087591240877
4492,134.19,8,1.3,6,1,225.55,2026-05-13 14:51:57,35.69674129904677
4493,31.85,7,1.3,0,4,104.94,2026-05-13 14:51:57,18.210405946255005
4494,75.39,6,1.1,2,15,158.8,2026-05-13 14:51:57,28.484886649874053
4495,147.5,6,1.2,5,7,232.74,2026-05-13 14:51:57,38.02526424336169
4496,21.73,4,1.6,0,16,81.1,2026-05-13 14:51:57,16.07644882860666
4497,82.84,3,1.1,2,9,148.44,2026-05-13 14:51:57,33.48423605497171
4498,149.91,8,1.7,5,1,262.33,2026-05-13 14:51:57,34.287347996797926
4499,141.76,10,1.0,0,5,246.62,2026-05-13 14:51:57,34.48868704890114
4500,73.96,4,1.3,0,12,141.6,2026-05-13 14:51:57,31.338983050847457
4501,70.82,1,1.5,0,5,113.0,2026-05-13 14:51:57,37.603539823008845
4502,124.67,3,1.0,6,22,187.35,2026-05-13 14:51:57,39.926341072858285
4503,22.38,10,1.3,4,11,116.7,2026-05-13 14:51:57,11.506426735218508
4504,34.46,6,1.6,2,23,114.82,2026-05-13 14:51:57,18.007315798641354
4505,27.83,8,1.2,0,2,95.49,2026-05-13 14:51:57,17.48664781652529
4506,53.65,10,1.7,2,8,153.68,2026-05-13 14:51:57,20.94612181155648
4507,87.7,2,1.6,2,17,151.24,2026-05-13 14:51:57,34.792382967468924
4508,116.82,6,1.9,0,23,212.41,2026-05-13 14:51:57,32.998446400828584
4509,17.51,6,1.2,4,23,82.92,2026-05-13 14:51:57,12.670043415340087
4510,24.36,5,1.5,1,9,79.69,2026-05-13 14:51:57,18.341071652654033
4511,102.52,6,1.3,6,17,176.17,2026-05-13 14:51:57,34.91627405347108
4512,137.18,7,1.1,6,7,232.54,2026-05-13 14:51:57,35.3952008256644
4513,54.01,4,2.0,1,13,118.48,2026-05-13 14:51:57,27.351451721809585
4514,89.18,3,1.2,6,2,152.57,2026-05-13 14:51:57,35.07111489807957
4515,118.07,6,1.8,1,10,207.67,2026-05-13 14:51:57,34.11277507584148
4516,34.13,4,1.9,6,23,100.78,2026-05-13 14:51:57,20.319507838856918
4517,113.6,1,2.0,5,18,180.0,2026-05-13 14:51:57,37.86666666666667
4518,8.93,6,1.4,1,19,65.0,2026-05-13 14:51:57,8.243076923076924
4519,32.98,7,1.7,1,10,109.81,2026-05-13 14:51:57,18.020216738002002
4520,95.75,5,1.0,1,12,170.04,2026-05-13 14:51:57,33.78616796047989
4521,131.07,9,1.3,1,14,235.17,2026-05-13 14:51:57,33.440489858400305
4522,43.98,8,2.0,4,16,144.93,2026-05-13 14:51:57,18.207410474021938
4523,11.15,9,2.0,5,17,98.07,2026-05-13 14:51:57,6.821657999388193
4524,131.22,6,1.7,4,10,221.69,2026-05-13 14:51:57,35.51445712481393
4525,32.88,5,1.2,0,2,101.35,2026-05-13 14:51:57,19.465219536260488
4526,135.77,6,1.5,4,4,222.48,2026-05-13 14:51:57,36.615426105717376
4527,42.65,8,1.2,4,9,128.34,2026-05-13 14:51:57,19.939223936418884
4528,109.41,6,1.2,6,20,188.23,2026-05-13 14:51:57,34.87541837114169
4529,13.77,3,1.1,6,5,51.07,2026-05-13 14:51:57,16.177795183082043
4530,33.88,2,1.1,0,14,68.43,2026-05-13 14:51:57,29.70626918018413
4531,119.05,6,1.7,2,5,213.04,2026-05-13 14:51:57,33.528914757791966
4532,84.87,5,1.2,2,15,161.56,2026-05-13 14:51:57,31.51894033176529
4533,50.61,1,1.3,5,9,99.71,2026-05-13 14:51:57,30.45431752081035
4534,18.58,7,1.4,5,12,89.92,2026-05-13 14:51:57,12.397686832740213
4535,149.6,3,1.8,3,18,232.92,2026-05-13 14:51:57,38.53683668212262
4536,41.79,2,1.9,1,19,107.5,2026-05-13 14:51:57,23.324651162790698
4537,39.91,6,1.8,5,16,114.56,2026-05-13 14:51:57,20.90258379888268
4538,97.82,8,1.6,5,23,198.79,2026-05-13 14:51:57,29.524623975049046
4539,61.5,1,1.8,2,5,107.1,2026-05-13 14:51:57,34.45378151260504
4540,127.59,6,1.9,5,15,219.21,2026-05-13 14:51:57,34.922676885178596
4542,33.31,7,1.7,6,19,122.81,2026-05-13 14:51:57,16.27391906196564
4543,92.66,5,1.2,2,17,159.77,2026-05-13 14:51:57,34.79752143706578
4544,82.75,2,1.2,4,21,135.35,2026-05-13 14:51:57,36.682674547469524
4545,117.86,6,1.0,6,9,195.24,2026-05-13 14:51:57,36.220036877689
4546,78.67,1,1.0,0,8,133.49,2026-05-13 14:51:57,35.3599520563338
4547,56.11,6,1.3,4,16,129.53,2026-05-13 14:51:57,25.990890141280012
4548,89.71,7,1.7,5,6,184.96,2026-05-13 14:51:57,29.101427335640135
4549,115.39,4,1.3,5,3,196.98,2026-05-13 14:51:57,35.14773073408468
4550,138.35,5,1.5,1,6,226.07,2026-05-13 14:51:57,36.718715442119695
4551,132.55,9,1.2,6,11,239.79,2026-05-13 14:51:57,33.16652070561742
4552,114.05,4,1.8,4,3,203.45,2026-05-13 14:51:57,33.63479970508725
4553,101.51,1,1.6,4,23,166.82,2026-05-13 14:51:57,36.51001079007314
4554,108.62,8,1.6,6,20,212.37,2026-05-13 14:51:57,30.68795027546264
4555,40.13,10,1.8,5,6,144.53,2026-05-13 14:51:57,16.65951705528264
4556,81.22,1,1.7,6,18,144.61,2026-05-13 14:51:57,33.69891432127791
4557,81.87,4,1.5,1,14,149.94,2026-05-13 14:51:57,32.76110444177671
4558,112.24,10,2.0,5,11,232.8,2026-05-13 14:51:57,28.92783505154639
4559,122.62,1,1.8,4,1,188.54,2026-05-13 14:51:57,39.02195820515541
4560,16.13,7,1.3,2,16,84.66,2026-05-13 14:51:57,11.43160878809355
4561,138.08,5,1.3,3,19,214.5,2026-05-13 14:51:57,38.623776223776225
4562,74.04,9,1.6,5,1,166.43,2026-05-13 14:51:57,26.692303070359912
4563,68.89,7,1.2,3,20,155.04,2026-05-13 14:51:57,26.660216718266252
4564,135.76,5,1.3,1,2,225.47,2026-05-13 14:51:57,36.127200957998845
4565,147.76,7,1.3,4,6,250.03,2026-05-13 14:51:57,35.458145022597286
4566,75.76,3,1.5,3,23,142.06,2026-05-13 14:51:57,31.997747430663104
4567,5.78,4,1.3,6,17,59.18,2026-05-13 14:51:57,5.860087867522813
4568,90.68,2,1.6,2,3,157.69,2026-05-13 14:51:57,34.50313907032786
4569,123.23,9,1.5,3,5,238.19,2026-05-13 14:51:57,31.04160544103447
4570,81.63,3,1.4,3,0,153.15,2026-05-13 14:51:57,31.98041136141038
4571,133.08,6,1.3,0,14,220.19,2026-05-13 14:51:57,36.26322721286162
4572,6.8,1,1.6,3,4,53.68,2026-05-13 14:51:57,7.600596125186289
4573,69.64,3,1.5,0,1,123.45,2026-05-13 14:51:57,33.84690157958688
4574,9.27,2,1.8,0,0,51.32,2026-05-13 14:51:57,10.837879968823069
4575,93.82,5,1.6,4,9,171.21,2026-05-13 14:51:57,32.87892062379534
4576,94.97,5,1.2,2,19,166.71,2026-05-13 14:51:57,34.18031311858916
4577,13.15,10,1.7,4,21,111.93,2026-05-13 14:51:57,7.049048512463147
4578,126.57,8,1.6,3,14,235.02,2026-05-13 14:51:57,32.31299463875415
4579,113.96,4,1.5,2,14,197.8,2026-05-13 14:51:57,34.568250758341755
4580,126.5,7,1.6,2,9,217.24,2026-05-13 14:51:57,34.9383170686798
4581,120.92,3,1.8,3,14,199.03,2026-05-13 14:51:57,36.452796060895345
4582,52.15,2,1.3,1,21,112.38,2026-05-13 14:51:57,27.84303256807261
4583,7.81,6,1.1,5,11,69.35,2026-05-13 14:51:57,6.757029560201874
4584,57.61,10,1.1,4,0,143.67,2026-05-13 14:51:57,24.059302568385885
4585,30.62,5,1.3,1,14,96.57,2026-05-13 14:51:57,19.024541783162473
4586,136.65,1,1.3,3,13,193.9,2026-05-13 14:51:57,42.284682826199074
4587,131.59,5,1.2,2,17,215.76,2026-05-13 14:51:57,36.59343715239155
4588,54.62,3,1.8,6,15,124.66,2026-05-13 14:51:57,26.289106369324564
4589,132.22,8,1.8,5,7,246.96,2026-05-13 14:51:57,32.12342079689018
4590,90.17,7,1.6,4,2,187.28,2026-05-13 14:51:57,28.888295600170867
4591,49.09,9,1.7,2,23,153.59,2026-05-13 14:51:57,19.177029754541312
4592,53.81,3,1.3,2,18,110.96,2026-05-13 14:51:57,29.096971881759195
4593,65.89,3,1.2,6,0,132.47,2026-05-13 14:51:57,29.843738204876576
4594,56.67,10,1.5,1,10,151.41,2026-05-13 14:51:57,22.456905092133944
4595,129.29,6,1.7,3,6,232.17,2026-05-13 14:51:57,33.41258560537537
4596,44.29,2,1.9,4,8,102.07,2026-05-13 14:51:57,26.035073968844912
4597,7.88,2,1.4,1,23,52.2,2026-05-13 14:51:57,9.057471264367816
4598,31.35,3,1.1,4,3,84.69,2026-05-13 14:51:57,22.210414452709884
4599,54.54,1,1.9,6,5,113.83,2026-05-13 14:51:57,28.748133181059472
4600,51.51,10,1.4,2,23,155.28,2026-05-13 14:51:57,19.90340030911901
4601,42.64,5,1.5,6,23,103.65,2026-05-13 14:51:57,24.683068017366136
4602,47.79,2,1.8,1,6,110.28,2026-05-13 14:51:57,26.001088139281826
4603,103.61,8,1.8,0,11,209.23,2026-05-13 14:51:57,29.711800411030925
4604,93.49,3,1.7,3,15,161.55,2026-05-13 14:51:57,34.722376973073345
4605,122.98,8,1.0,3,8,210.25,2026-05-13 14:51:57,35.095362663495834
4606,29.96,4,1.9,3,16,87.5,2026-05-13 14:51:57,20.544
4607,65.41,5,1.2,3,8,141.68,2026-05-13 14:51:57,27.70045172219085
4608,103.53,4,1.7,2,10,178.2,2026-05-13 14:51:57,34.85858585858586
4609,130.07,1,2.0,6,1,195.47,2026-05-13 14:51:57,39.925308231442166
4610,15.43,2,1.6,1,7,57.19,2026-05-13 14:51:57,16.18814478055604
4611,107.35,9,1.6,5,8,215.9,2026-05-13 14:51:57,29.833256137100506
4612,23.56,6,1.6,4,9,97.86,2026-05-13 14:51:57,14.445125689760882
4613,123.4,4,1.8,0,21,204.33,2026-05-13 14:51:57,36.235501394802526
4614,17.01,7,1.7,5,3,91.58,2026-05-13 14:51:57,11.144354662590086
4615,117.02,1,1.5,1,3,173.98,2026-05-13 14:51:57,40.356362800321875
4616,57.59,10,1.8,6,22,168.45,2026-05-13 14:51:57,20.51291184327694
4617,81.51,1,1.9,3,20,143.81,2026-05-13 14:51:57,34.00737083652041
4618,132.24,10,1.6,5,2,255.74,2026-05-13 14:51:57,31.025260029717685
4619,100.21,2,1.3,6,9,168.02,2026-05-13 14:51:57,35.7850255921914
4620,113.14,8,1.1,5,18,214.61,2026-05-13 14:51:57,31.63133125203858
4621,95.43,5,1.2,1,15,164.1,2026-05-13 14:51:57,34.892138939670936
4622,37.31,6,1.7,5,1,122.13,2026-05-13 14:51:57,18.32964873495456
4623,50.06,9,1.9,1,1,147.6,2026-05-13 14:51:57,20.34959349593496
4624,55.05,7,1.3,0,7,131.45,2026-05-13 14:51:57,25.127424876378853
4625,50.46,7,1.7,4,16,134.78,2026-05-13 14:51:57,22.46327348271257
4626,23.47,7,1.4,1,4,90.02,2026-05-13 14:51:57,15.64319040213286
4627,128.1,2,1.6,0,0,199.49,2026-05-13 14:51:57,38.52824702992631
4628,6.11,6,1.7,1,12,65.86,2026-05-13 14:51:57,5.566352869723657
4629,114.7,7,2.0,2,7,219.95,2026-05-13 14:51:57,31.28892930211412
4630,119.62,9,1.3,5,12,226.24,2026-05-13 14:51:57,31.723833097595474
4631,30.53,3,1.4,0,6,81.67,2026-05-13 14:51:57,22.429288600465288
4632,122.3,9,1.7,1,11,223.07,2026-05-13 14:51:57,32.89550365356166
4633,84.36,5,1.5,1,20,158.36,2026-05-13 14:51:57,31.962616822429904
4634,39.47,5,1.8,0,18,105.53,2026-05-13 14:51:57,22.441012034492562
4635,124.96,2,1.5,5,1,190.6,2026-05-13 14:51:57,39.33683105981112
4636,146.8,10,1.4,5,4,258.0,2026-05-13 14:51:57,34.139534883720934
4637,118.86,6,1.3,5,5,214.09,2026-05-13 14:51:57,33.31122425148302
4638,75.61,6,1.5,3,22,147.61,2026-05-13 14:51:57,30.733690129395026
4639,40.67,5,1.4,2,5,103.82,2026-05-13 14:51:57,23.504141783856678
4640,110.95,9,1.5,2,2,209.86,2026-05-13 14:51:57,31.72114743162108
4641,44.84,9,1.7,2,22,137.42,2026-05-13 14:51:57,19.577936253820408
4642,67.22,2,1.7,0,4,133.69,2026-05-13 14:51:57,30.16829979804024
4643,26.36,1,1.2,5,10,66.22,2026-05-13 14:51:57,23.884022953790396
4644,33.84,10,1.4,1,13,131.91,2026-05-13 14:51:57,15.392312940641347
4645,6.61,2,1.4,5,12,43.78,2026-05-13 14:51:57,9.058931018730014
4646,66.06,1,1.1,1,19,101.4,2026-05-13 14:51:57,39.0887573964497
4647,82.16,7,1.5,5,14,166.21,2026-05-13 14:51:57,29.658865290897054
4648,104.53,2,1.9,2,0,183.66,2026-05-13 14:51:57,34.14897092453447
4649,15.98,6,1.4,5,20,80.39,2026-05-13 14:51:57,11.926856574200771
4650,127.66,5,1.9,6,3,228.78,2026-05-13 14:51:57,33.48019931812221
4651,111.63,6,1.7,3,23,194.86,2026-05-13 14:51:57,34.37236990659961
4652,7.35,7,1.5,5,4,74.41,2026-05-13 14:51:57,5.9266227657572905
4653,141.59,9,1.3,6,21,256.47,2026-05-13 14:51:57,33.1243420283074
4654,141.29,6,1.9,6,13,247.26,2026-05-13 14:51:57,34.28536762921621
4655,106.96,3,1.1,4,17,168.53,2026-05-13 14:51:57,38.079867085978755
4656,135.3,1,1.9,1,2,209.58,2026-05-13 14:51:57,38.73461208130547
4657,110.6,3,1.6,6,22,176.5,2026-05-13 14:51:57,37.59773371104816
4658,83.34,8,1.9,5,20,188.46,2026-05-13 14:51:57,26.53295128939828
4659,90.88,5,1.9,1,9,182.22,2026-05-13 14:51:57,29.924267369114258
4660,56.52,2,1.3,1,9,101.53,2026-05-13 14:51:57,33.40096523195115
4661,123.65,1,1.3,4,4,184.95,2026-05-13 14:51:57,40.11354420113545
4662,102.64,1,1.1,4,13,163.96,2026-05-13 14:51:57,37.56038058062942
4663,105.73,5,1.2,3,22,182.04,2026-05-13 14:51:57,34.84838497033619
4664,115.15,2,1.1,2,21,179.96,2026-05-13 14:51:57,38.391864858857524
4665,29.78,3,1.1,6,12,73.98,2026-05-13 14:51:57,24.152473641524736
4666,143.25,1,1.1,3,18,203.89,2026-05-13 14:51:57,42.155083623522486
4667,114.2,6,1.1,2,10,202.31,2026-05-13 14:51:57,33.86881518461767
4668,90.39,10,1.9,2,9,209.37,2026-05-13 14:51:57,25.903424559392462
4669,59.74,8,1.6,0,5,146.51,2026-05-13 14:51:57,24.465224216777013
4670,72.66,10,1.4,2,2,181.82,2026-05-13 14:51:57,23.977560224397756
4671,126.06,4,1.4,0,4,200.06,2026-05-13 14:51:57,37.80665800259922
4672,29.76,10,1.9,2,4,137.93,2026-05-13 14:51:57,12.945697092728196
4673,55.79,10,1.6,1,12,153.93,2026-05-13 14:51:57,21.746248294679397
4674,85.88,6,1.7,2,18,181.12,2026-05-13 14:51:57,28.44964664310954
4675,54.14,8,1.5,0,23,134.3,2026-05-13 14:51:57,24.187639612807143
4676,75.91,5,1.0,0,0,141.91,2026-05-13 14:51:57,32.094989782256356
4677,130.72,5,1.8,2,15,226.89,2026-05-13 14:51:57,34.56829300542113
4678,146.84,2,1.8,3,11,230.73,2026-05-13 14:51:57,38.18489143154336
4679,64.43,10,1.8,0,4,175.89,2026-05-13 14:51:57,21.97850929558247
4680,54.5,8,1.6,2,1,153.27,2026-05-13 14:51:57,21.334899197494618
4681,13.46,3,1.9,2,1,69.83,2026-05-13 14:51:57,11.565229843906632
4682,137.3,6,1.8,2,0,226.01,2026-05-13 14:51:57,36.4497146143976
4683,105.46,3,1.2,0,10,180.17,2026-05-13 14:51:57,35.12016428928234
4684,107.83,7,1.1,6,3,188.11,2026-05-13 14:51:57,34.39370581043006
4685,68.73,8,1.5,2,20,156.03,2026-05-13 14:51:57,26.42953278215728
4686,19.6,3,1.1,3,12,73.66,2026-05-13 14:51:57,15.965245723594897
4687,93.14,8,1.7,2,9,184.58,2026-05-13 14:51:57,30.276302958066964
4688,25.55,10,1.4,5,0,121.56,2026-05-13 14:51:57,12.611056268509376
4689,93.83,10,1.4,1,20,189.1,2026-05-13 14:51:57,29.771549444738234
4690,125.17,2,1.3,2,14,198.95,2026-05-13 14:51:57,37.74918321186228
4691,80.15,8,1.4,4,16,175.96,2026-05-13 14:51:57,27.330075017049328
4692,141.81,9,1.5,0,13,258.39,2026-05-13 14:51:57,32.929292929292934
4693,88.1,10,1.2,1,5,191.06,2026-05-13 14:51:57,27.666701559719456
4694,80.5,10,1.7,6,6,188.19,2026-05-13 14:51:57,25.66555077315479
4695,64.21,9,1.8,6,16,165.21,2026-05-13 14:51:57,23.319411657889955
4696,92.84,2,1.1,2,1,158.54,2026-05-13 14:51:57,35.135612463731555
4697,37.52,8,1.1,0,1,124.18,2026-05-13 14:51:57,18.128523111612175
4698,130.51,7,1.7,4,23,236.48,2026-05-13 14:51:57,33.11315967523681
4699,56.98,1,1.5,5,21,105.11,2026-05-13 14:51:57,32.525925221196836
4700,52.74,6,1.7,1,13,136.46,2026-05-13 14:51:57,23.189212956177634
4701,56.36,9,1.7,2,1,161.98,2026-05-13 14:51:57,20.876651438449194
4702,134.76,8,1.9,2,1,250.51,2026-05-13 14:51:57,32.27655582611472
4703,60.95,6,2.0,3,11,136.19,2026-05-13 14:51:57,26.85219179088039
4704,97.82,6,1.2,6,13,173.14,2026-05-13 14:51:57,33.89857918447499
4705,73.73,6,1.9,6,19,151.74,2026-05-13 14:51:57,29.15381573744563
4706,146.97,5,1.3,5,8,238.26,2026-05-13 14:51:57,37.010828506673384
4707,12.28,10,1.8,6,9,103.25,2026-05-13 14:51:57,7.136077481840193
4708,48.91,2,1.6,1,11,98.66,2026-05-13 14:51:57,29.744577336306506
4709,74.29,10,1.9,1,22,189.79,2026-05-13 14:51:57,23.485958164286846
4710,101.53,1,1.3,4,16,151.95,2026-05-13 14:51:57,40.09081934846989
4711,73.41,6,1.6,5,13,164.61,2026-05-13 14:51:57,26.757791142700928
4712,81.28,6,1.7,2,22,158.44,2026-05-13 14:51:57,30.780106033829842
4713,39.66,7,1.6,0,15,120.97,2026-05-13 14:51:57,19.670992808134248
4714,39.25,6,1.4,3,2,104.87,2026-05-13 14:51:57,22.45637455897778
4715,75.52,6,1.4,0,12,145.75,2026-05-13 14:51:57,31.088850771869637
4716,99.9,10,1.4,3,19,205.72,2026-05-13 14:51:57,29.136690647482016
4717,23.52,1,1.1,6,5,65.24,2026-05-13 14:51:57,21.630901287553648
4718,48.79,3,1.4,2,8,96.58,2026-05-13 14:51:57,30.310623317457033
4719,123.06,2,1.2,0,3,189.43,2026-05-13 14:51:57,38.977986591353
4720,37.56,2,2.0,3,5,100.05,2026-05-13 14:51:57,22.524737631184408
4721,119.9,2,1.7,1,0,183.57,2026-05-13 14:51:57,39.18941003431934
4722,104.96,6,1.1,6,20,176.2,2026-05-13 14:51:57,35.74120317820658
4723,126.16,2,1.7,5,0,205.17,2026-05-13 14:51:57,36.894282789881565
4724,127.13,4,1.8,6,1,216.45,2026-05-13 14:51:57,35.24047124047124
4725,75.46,3,1.3,1,18,142.6,2026-05-13 14:51:57,31.750350631136044
4726,47.85,2,1.4,3,15,105.75,2026-05-13 14:51:57,27.148936170212767
4727,110.22,1,1.4,2,23,170.3,2026-05-13 14:51:57,38.83264826776277
4728,102.29,8,1.2,5,4,201.78,2026-05-13 14:51:57,30.41629497472495
4729,32.24,9,1.7,4,14,122.73,2026-05-13 14:51:57,15.761427523832804
4730,60.86,5,1.6,2,5,135.53,2026-05-13 14:51:57,26.943112226075407
4731,17.9,9,1.3,0,23,104.02,2026-05-13 14:51:57,10.324937512016918
4732,125.23,5,1.7,5,21,209.43,2026-05-13 14:51:57,35.87738146397364
4733,44.6,9,1.9,6,18,145.85,2026-05-13 14:51:57,18.347617415152556
4734,39.77,5,1.9,2,15,113.77,2026-05-13 14:51:57,20.973894699833
4735,87.95,6,1.9,5,23,171.08,2026-05-13 14:51:57,30.845218611176055
4736,133.28,6,1.5,5,14,218.51,2026-05-13 14:51:57,36.59695208457279
4737,88.96,2,1.5,6,8,154.07,2026-05-13 14:51:57,34.64399299019926
4738,122.56,8,2.0,5,12,238.78,2026-05-13 14:51:57,30.796549124717313
4739,125.21,1,1.9,6,7,202.2,2026-05-13 14:51:57,37.154302670623146
4740,43.81,5,1.1,0,22,101.53,2026-05-13 14:51:57,25.8898847631242
4741,100.14,7,1.4,5,13,193.67,2026-05-13 14:51:57,31.023906645324523
4742,52.46,2,1.3,5,20,96.45,2026-05-13 14:51:57,32.63452566096423
4743,111.31,1,1.3,4,3,165.82,2026-05-13 14:51:57,40.27620311180799
4744,111.85,2,2.0,4,22,188.06,2026-05-13 14:51:57,35.6854195469531
4745,28.1,4,1.1,5,19,74.44,2026-05-13 14:51:57,22.64911337990328
4746,75.53,1,1.9,3,23,137.51,2026-05-13 14:51:57,32.956148643735
4747,77.51,10,1.8,4,2,186.73,2026-05-13 14:51:57,24.905478498366627
4748,138.98,3,1.5,3,13,221.42,2026-05-13 14:51:57,37.66055460211363
4749,114.87,5,1.3,4,23,194.12,2026-05-13 14:51:57,35.504842365547084
4750,15.63,8,1.9,6,11,97.96,2026-05-13 14:51:57,9.573295222539814
4751,14.28,3,1.7,1,5,76.63,2026-05-13 14:51:57,11.180999608508417
4752,96.3,10,1.5,5,8,193.74,2026-05-13 14:51:57,29.82347475998761
4753,77.8,1,1.6,6,4,128.24,2026-05-13 14:51:57,36.400499064254525
4754,64.14,4,1.6,1,4,131.14,2026-05-13 14:51:57,29.345737379899344
4755,105.93,4,1.9,2,17,179.12,2026-05-13 14:51:57,35.48347476552032
4756,142.18,9,1.9,0,2,248.8,2026-05-13 14:51:57,34.28778135048232
4757,148.61,1,1.8,0,0,212.12,2026-05-13 14:51:57,42.03564020365831
4758,146.67,2,1.7,1,15,222.96,2026-05-13 14:51:57,39.46986006458557
4759,62.1,8,1.9,3,14,156.53,2026-05-13 14:51:57,23.80374369130518
4760,20.72,9,1.4,1,17,110.96,2026-05-13 14:51:57,11.204037490987742
4761,46.0,9,1.6,3,12,131.31,2026-05-13 14:51:57,21.018962759881198
4762,91.61,5,1.1,3,8,158.95,2026-05-13 14:51:57,34.58068575023593
4763,141.88,7,1.7,5,16,240.18,2026-05-13 14:51:57,35.4434174369223
4764,80.88,8,1.5,1,14,182.25,2026-05-13 14:51:57,26.62716049382716
4765,76.43,8,1.7,3,19,170.83,2026-05-13 14:51:57,26.844231106948428
4766,44.19,3,1.0,3,16,102.43,2026-05-13 14:51:57,25.88499463047935
4767,62.98,2,1.6,3,10,115.93,2026-05-13 14:51:57,32.59553178642284
4768,36.2,5,1.4,0,14,97.41,2026-05-13 14:51:57,22.297505389590395
4769,128.71,2,1.1,5,21,200.66,2026-05-13 14:51:57,38.48599621249876
4770,90.85,5,1.6,0,12,179.07,2026-05-13 14:51:57,30.44060981738985
4771,124.36,10,1.5,3,5,240.9,2026-05-13 14:51:57,30.973848069738484
4772,69.11,3,1.5,3,3,124.3,2026-05-13 14:51:57,33.35961383748994
4773,88.37,1,1.8,4,16,144.57,2026-05-13 14:51:57,36.6756588503839
4774,116.16,1,1.9,3,6,182.8,2026-05-13 14:51:57,38.12691466083151
4775,91.48,8,1.2,6,10,179.78,2026-05-13 14:51:57,30.530648570475027
4777,131.46,9,1.7,4,6,233.43,2026-05-13 14:51:57,33.79000128518185
4778,87.62,1,1.6,2,4,138.55,2026-05-13 14:51:57,37.944424395525076
4779,90.55,3,1.8,4,18,154.23,2026-05-13 14:51:57,35.22660960902548
4780,56.51,1,1.4,3,10,105.76,2026-05-13 14:51:57,32.05937972768532
4781,25.64,10,1.4,5,19,120.82,2026-05-13 14:51:57,12.732991226618111
4782,79.33,5,1.2,2,23,149.62,2026-05-13 14:51:57,31.812591899478676
4783,142.82,10,1.9,1,0,268.88,2026-05-13 14:51:57,31.869979172865214
4784,85.15,9,1.6,6,15,181.19,2026-05-13 14:51:57,28.19692035984326
4785,41.4,3,1.2,1,0,92.92,2026-05-13 14:51:57,26.73267326732673
4786,57.53,6,1.3,5,9,132.26,2026-05-13 14:51:57,26.098593679116895
4787,7.69,3,1.7,0,4,67.31,2026-05-13 14:51:57,6.854850690833457
4788,123.83,9,1.5,6,22,221.72,2026-05-13 14:51:57,33.50983222081905
4789,40.52,8,1.1,2,10,117.3,2026-05-13 14:51:57,20.726342710997447
4790,78.74,4,1.7,5,3,155.52,2026-05-13 14:51:57,30.37808641975308
4791,101.83,6,1.4,5,7,183.01,2026-05-13 14:51:57,33.38506092563248
4792,61.5,7,1.7,3,2,145.99,2026-05-13 14:51:57,25.275703815329816
4793,17.79,5,1.8,0,10,91.95,2026-05-13 14:51:57,11.608482871125611
4794,52.41,1,1.2,1,22,103.1,2026-05-13 14:51:57,30.500484966052376
4795,143.42,5,1.9,1,12,233.49,2026-05-13 14:51:57,36.854683284080686
4796,74.68,1,1.3,4,1,123.02,2026-05-13 14:51:57,36.42334579743132
4797,33.61,2,1.9,4,17,83.55,2026-05-13 14:51:57,24.13644524236984
4798,68.17,7,1.3,0,4,157.02,2026-05-13 14:51:57,26.048910966755827
4799,67.52,9,1.3,1,19,152.63,2026-05-13 14:51:57,26.542619406407653
4800,41.36,3,1.2,5,8,102.72,2026-05-13 14:51:57,24.1588785046729
4801,95.22,7,1.2,3,18,185.52,2026-05-13 14:51:57,30.795601552393272
4802,48.33,1,1.8,1,0,93.89,2026-05-13 14:51:57,30.88507828309724
4803,74.88,2,1.4,6,12,138.92,2026-05-13 14:51:57,32.34091563489778
4804,11.34,1,1.6,2,10,51.68,2026-05-13 14:51:57,13.165634674922602
4805,84.91,3,1.3,2,15,143.32,2026-05-13 14:51:57,35.54702763047725
4806,39.38,3,1.4,2,9,84.78,2026-05-13 14:51:57,27.869780608634112
4807,95.41,7,1.5,3,8,193.68,2026-05-13 14:51:57,29.55700123915737
4808,120.67,3,1.0,4,9,192.54,2026-05-13 14:51:57,37.6036148332814
4809,18.13,6,1.7,0,8,84.23,2026-05-13 14:51:57,12.91463848984922
4810,118.39,4,1.5,2,0,206.3,2026-05-13 14:51:57,34.43238002908386
4811,82.77,8,1.2,2,14,178.4,2026-05-13 14:51:57,27.837443946188337
4812,42.19,2,1.3,3,5,90.64,2026-05-13 14:51:57,27.928067078552516
4813,80.72,7,2.0,2,20,173.66,2026-05-13 14:51:57,27.888978463664632
4814,85.8,5,1.4,2,8,166.71,2026-05-13 14:51:57,30.87997120748605
4815,96.78,8,1.3,1,17,188.52,2026-05-13 14:51:57,30.802036919159768
4816,18.21,9,1.8,3,9,116.64,2026-05-13 14:51:57,9.367283950617285
4817,91.04,5,2.0,2,23,173.1,2026-05-13 14:51:57,31.556325823223574
4818,85.28,9,1.8,1,7,182.71,2026-05-13 14:51:57,28.00503530184445
4819,30.16,6,1.7,6,23,105.56,2026-05-13 14:51:57,17.142857142857142
4820,28.19,3,1.5,4,0,91.33,2026-05-13 14:51:57,18.519654001970874
4821,28.21,8,1.4,6,16,113.35,2026-05-13 14:51:57,14.93250992501103
4822,106.58,1,1.1,3,18,151.19,2026-05-13 14:51:57,42.296448177789536
4823,82.08,9,1.8,4,9,178.69,2026-05-13 14:51:57,27.56057977502938
4824,140.92,5,1.6,3,18,229.93,2026-05-13 14:51:57,36.772930892010606
4825,6.61,2,1.0,3,11,53.38,2026-05-13 14:51:57,7.429748969651555
4826,6.21,1,1.9,1,2,52.6,2026-05-13 14:51:57,7.083650190114068
4827,89.37,9,1.5,6,11,193.54,2026-05-13 14:51:57,27.705900589025525
4828,67.85,6,1.6,2,17,146.78,2026-05-13 14:51:57,27.735386292410407
4829,55.11,6,1.0,1,2,118.05,2026-05-13 14:51:57,28.010165184243963
4830,100.06,2,1.9,1,12,165.19,2026-05-13 14:51:57,36.34360433440281
4831,30.14,10,1.6,4,12,125.28,2026-05-13 14:51:57,14.43486590038314
4832,33.27,10,1.4,4,16,116.07,2026-05-13 14:51:57,17.198242439906956
4833,74.52,9,1.2,6,14,169.3,2026-05-13 14:51:57,26.40992321323095
4834,107.93,10,1.7,1,0,220.8,2026-05-13 14:51:57,29.328804347826086
4835,43.87,1,1.7,2,7,103.29,2026-05-13 14:51:57,25.483589892535576
4836,74.87,8,1.9,1,2,176.07,2026-05-13 14:51:57,25.513716135627877
4837,13.28,9,1.3,2,21,89.88,2026-05-13 14:51:57,8.865153538050734
4838,9.01,5,1.8,2,22,83.39,2026-05-13 14:51:57,6.482791701642883
4839,9.34,4,1.4,5,11,60.36,2026-05-13 14:51:57,9.284294234592446
4840,10.17,4,1.9,1,23,68.79,2026-05-13 14:51:57,8.870475359790667
4841,105.47,9,1.0,2,21,196.81,2026-05-13 14:51:57,32.15385397083482
4842,113.86,2,1.1,6,5,167.1,2026-05-13 14:51:57,40.88330341113107
4843,18.09,1,1.5,1,2,54.84,2026-05-13 14:51:57,19.792122538293217
4844,79.96,7,1.8,2,17,165.73,2026-05-13 14:51:57,28.948289386351295
4845,100.69,1,1.4,0,18,163.48,2026-05-13 14:51:57,36.954979202348916
4846,53.87,8,1.1,4,7,126.26,2026-05-13 14:51:57,25.59955647077459
4847,99.95,10,1.2,2,5,200.19,2026-05-13 14:51:57,29.95654128577851
4848,143.17,6,1.3,0,7,236.07,2026-05-13 14:51:57,36.388359384928194
4849,140.61,4,1.5,4,2,220.7,2026-05-13 14:51:57,38.22655188038061
4850,144.59,9,1.6,5,9,259.45,2026-05-13 14:51:57,33.437656581229525
4851,73.85,9,1.9,0,18,176.66,2026-05-13 14:51:57,25.082078569002604
4852,131.66,1,1.4,5,14,199.44,2026-05-13 14:51:57,39.608904933814685
4853,94.97,6,1.7,3,20,186.02,2026-05-13 14:51:57,30.63219008708741
4854,90.08,7,1.2,6,11,182.64,2026-05-13 14:51:57,29.59264126149803
4855,125.91,9,1.5,2,10,242.69,2026-05-13 14:51:57,31.128600271951875
4856,57.97,7,1.5,5,6,134.27,2026-05-13 14:51:57,25.90452074178893
4857,29.07,1,1.7,3,21,73.69,2026-05-13 14:51:57,23.669425973673498
4858,113.26,10,1.1,5,7,217.58,2026-05-13 14:51:57,31.23265005974814
4859,87.17,6,1.9,3,17,180.08,2026-05-13 14:51:57,29.043758329631274
4860,140.0,2,1.4,6,15,206.77,2026-05-13 14:51:57,40.62484886588963
4861,67.05,6,1.3,1,15,151.83,2026-05-13 14:51:57,26.496739774748068
4862,104.12,10,1.1,5,22,201.95,2026-05-13 14:51:57,30.934389700420898
4863,47.07,9,1.2,2,16,140.23,2026-05-13 14:51:57,20.139770377237397
4864,112.14,1,1.7,5,23,173.51,2026-05-13 14:51:57,38.77816840527924
4865,81.89,10,1.7,5,14,181.05,2026-05-13 14:51:57,27.138359569179784
4866,113.86,8,1.8,5,8,208.42,2026-05-13 14:51:57,32.77804433355724
4867,20.2,1,1.8,5,16,67.19,2026-05-13 14:51:57,18.038398571215957
4868,103.4,7,1.6,3,23,202.42,2026-05-13 14:51:57,30.649145341369433
4869,90.08,6,1.9,1,6,176.23,2026-05-13 14:51:57,30.6690120864779
4870,65.4,6,1.6,2,22,136.56,2026-05-13 14:51:57,28.73462214411248
4871,19.56,6,1.3,5,7,77.54,2026-05-13 14:51:57,15.135413979881351
4872,55.44,6,1.2,2,6,131.5,2026-05-13 14:51:57,25.295817490494294
4873,102.09,9,2.0,5,6,213.15,2026-05-13 14:51:57,28.737508796622098
4874,145.72,9,1.3,1,0,246.51,2026-05-13 14:51:57,35.46793233540221
4875,75.01,6,1.7,1,4,161.76,2026-05-13 14:51:57,27.82270029673591
4876,99.83,6,1.6,0,14,190.28,2026-05-13 14:51:57,31.478873239436616
4877,49.79,9,1.2,4,8,146.74,2026-05-13 14:51:57,20.35845713506883
4878,104.06,4,1.1,6,11,176.42,2026-05-13 14:51:57,35.3905452896497
4879,49.48,5,1.8,0,8,124.34,2026-05-13 14:51:57,23.87646774971851
4880,81.47,8,1.7,5,21,180.34,2026-05-13 14:51:57,27.105467450371517
4881,108.28,5,1.8,3,11,191.06,2026-05-13 14:51:57,34.00397780801842
4882,27.2,7,1.9,6,21,101.99,2026-05-13 14:51:57,16.001568781253063
4883,10.22,1,1.9,0,0,53.98,2026-05-13 14:51:57,11.359762875138943
4884,108.08,5,1.1,0,1,190.64,2026-05-13 14:51:57,34.01594628619388
4885,82.9,9,1.7,0,0,181.24,2026-05-13 14:51:57,27.44427278746414
4886,53.99,2,1.8,2,0,119.05,2026-05-13 14:51:57,27.210415791684166
4887,7.31,2,1.1,6,22,53.62,2026-05-13 14:51:57,8.179783662812383
4888,56.74,8,1.5,3,0,147.85,2026-05-13 14:51:57,23.02603990530944
4889,7.53,2,1.7,0,7,49.13,2026-05-13 14:51:57,9.19601058416446
4890,140.81,5,1.1,5,9,227.55,2026-05-13 14:51:57,37.128543177323664
4891,148.25,1,1.4,3,11,213.21,2026-05-13 14:51:57,41.71943154636274
4892,34.32,8,1.8,4,0,127.33,2026-05-13 14:51:57,16.172151103432025
4893,45.33,8,1.2,4,10,135.34,2026-05-13 14:51:57,20.096054381557554
4894,67.29,7,1.3,0,20,145.44,2026-05-13 14:51:57,27.759900990099013
4895,47.27,4,1.8,4,10,118.32,2026-05-13 14:51:57,23.97058823529412
4896,59.65,7,1.4,1,20,142.09,2026-05-13 14:51:57,25.188260961362516
4897,37.26,1,1.0,2,9,69.24,2026-05-13 14:51:57,32.287694974003465
4898,30.99,2,1.7,4,8,91.91,2026-05-13 14:51:57,20.230660428680228
4899,94.37,6,1.4,0,13,172.4,2026-05-13 14:51:57,32.843387470997676
4900,37.88,5,1.3,3,1,102.14,2026-05-13 14:51:57,22.251811239475234
4901,59.15,3,1.5,3,10,117.03,2026-05-13 14:51:57,30.325557549346318
4902,81.07,7,1.7,3,8,172.91,2026-05-13 14:51:57,28.13139783702504
4903,9.85,2,1.4,1,8,63.53,2026-05-13 14:51:57,9.302691641744058
4904,51.42,9,1.5,6,10,139.65,2026-05-13 14:51:57,22.092373791621913
4905,132.12,1,1.4,3,21,186.73,2026-05-13 14:51:57,42.45273924918332
4906,47.8,9,1.5,0,8,144.99,2026-05-13 14:51:57,19.780674529277878
4907,12.24,6,1.3,6,21,77.5,2026-05-13 14:51:57,9.476129032258065
4908,16.57,5,1.8,5,9,85.91,2026-05-13 14:51:57,11.572575951577232
4909,133.02,1,1.7,5,17,208.92,2026-05-13 14:51:57,38.202182653647334
4910,52.09,8,1.7,0,23,136.92,2026-05-13 14:51:57,22.826468010517097
4911,85.73,4,1.7,0,2,165.98,2026-05-13 14:51:57,30.990480780816966
4912,8.73,4,1.1,5,4,52.87,2026-05-13 14:51:57,9.907319841119728
4914,73.18,2,1.8,2,10,135.67,2026-05-13 14:51:57,32.363823984668684
4915,126.91,7,1.7,1,16,225.84,2026-05-13 14:51:57,33.716790648246544
4916,142.1,4,1.4,2,4,227.64,2026-05-13 14:51:57,37.45387453874539
4917,109.61,9,1.8,3,5,218.55,2026-05-13 14:51:57,30.09196980096088
4918,136.29,9,1.2,2,17,233.18,2026-05-13 14:51:57,35.06904537267347
4919,16.97,8,1.5,4,10,94.16,2026-05-13 14:51:57,10.813508920985557
4920,28.19,8,1.6,1,7,120.96,2026-05-13 14:51:57,13.983134920634921
4921,125.53,4,1.0,2,20,205.48,2026-05-13 14:51:57,36.65466225423399
4922,130.36,2,1.2,5,15,188.22,2026-05-13 14:51:57,41.55562639464457
4923,77.15,5,1.9,5,9,158.08,2026-05-13 14:51:57,29.282641700404856
4924,70.16,7,1.9,1,4,157.26,2026-05-13 14:51:57,26.76840900419687
4925,42.19,9,1.8,4,5,140.03,2026-05-13 14:51:57,18.07755480968364
4926,41.71,10,1.9,1,6,136.04,2026-05-13 14:51:57,18.396059982358132
4927,100.36,9,1.0,4,19,191.45,2026-05-13 14:51:57,31.45259858971011
4928,72.98,1,1.6,4,9,124.64,2026-05-13 14:51:57,35.131578947368425
4929,104.73,10,1.6,2,7,211.03,2026-05-13 14:51:57,29.776808984504573
4930,81.69,4,1.9,5,5,156.3,2026-05-13 14:51:57,31.358925143953932
4931,136.22,8,1.4,3,8,246.92,2026-05-13 14:51:57,33.10059938441601
4932,67.33,2,1.5,6,9,132.85,2026-05-13 14:51:57,30.40873165223937
4933,56.54,5,1.4,5,7,120.65,2026-05-13 14:51:57,28.117695814338997
4934,44.21,7,1.2,2,1,109.69,2026-05-13 14:51:57,24.182696690673716
4935,86.91,1,1.9,1,17,146.55,2026-05-13 14:51:57,35.58239508700102
4936,94.05,3,2.0,2,4,176.06,2026-05-13 14:51:57,32.05157332727479
4937,139.62,7,1.6,6,7,248.55,2026-05-13 14:51:57,33.70428485214243
4938,44.31,5,1.1,5,11,104.32,2026-05-13 14:51:57,25.48504601226994
4939,77.55,5,1.6,4,4,154.23,2026-05-13 14:51:57,30.169227776697138
4940,131.53,10,1.2,5,23,231.15,2026-05-13 14:51:57,34.14146658014276
4941,34.74,5,1.2,4,12,99.14,2026-05-13 14:51:57,21.02481339519871
4942,119.65,8,1.7,5,6,232.56,2026-05-13 14:51:57,30.869453044375646
4943,139.21,5,1.7,1,13,238.24,2026-05-13 14:51:57,35.05960376091337
4944,142.66,9,1.2,5,14,257.83,2026-05-13 14:51:57,33.19861924523911
4945,35.47,6,1.2,6,17,96.84,2026-05-13 14:51:57,21.976456009913257
4946,15.72,8,1.3,4,3,97.47,2026-05-13 14:51:57,9.676823638042475
4947,149.52,3,1.0,3,16,219.64,2026-05-13 14:51:57,40.84501912219997
4948,78.82,9,1.4,5,3,173.29,2026-05-13 14:51:57,27.29066882105142
4949,93.87,4,1.4,4,23,175.01,2026-05-13 14:51:57,32.18216101937032
4950,11.56,2,1.9,3,4,72.48,2026-05-13 14:51:57,9.569536423841061
4951,138.82,1,1.0,6,6,198.38,2026-05-13 14:51:57,41.98608730718822
4952,117.3,2,1.0,3,22,174.7,2026-05-13 14:51:57,40.28620492272467
4953,17.02,8,1.3,6,1,101.34,2026-05-13 14:51:57,10.076968620485493
4954,39.74,4,1.7,4,2,114.15,2026-05-13 14:51:57,20.888304862023652
4955,137.87,7,1.3,0,1,231.77,2026-05-13 14:51:57,35.69141821633516
4956,20.18,3,1.3,6,19,65.96,2026-05-13 14:51:57,18.356579745300184
4957,130.21,7,1.2,3,1,231.63,2026-05-13 14:51:57,33.72879160730476
4958,34.01,1,1.5,5,9,80.6,2026-05-13 14:51:57,25.317617866004962
4959,132.54,4,1.3,5,11,204.55,2026-05-13 14:51:57,38.87753605475434
4960,38.73,9,1.0,2,3,121.4,2026-05-13 14:51:57,19.141680395387148
4961,64.64,7,1.1,4,10,137.2,2026-05-13 14:51:57,28.268221574344025
4962,8.56,1,1.7,5,6,47.21,2026-05-13 14:51:57,10.879051048506673
4963,80.63,7,1.5,3,4,174.41,2026-05-13 14:51:57,27.738088412361677
4964,34.14,5,1.4,3,10,106.82,2026-05-13 14:51:57,19.176184235161955
4965,29.03,6,1.2,1,7,91.03,2026-05-13 14:51:57,19.134351312754035
4966,85.02,3,1.7,3,14,149.13,2026-05-13 14:51:57,34.20639710319855
4967,126.18,4,1.5,6,14,208.54,2026-05-13 14:51:57,36.303826604008826
4968,36.34,10,1.6,2,15,139.09,2026-05-13 14:51:57,15.676180890071176
4969,30.79,2,1.7,2,16,78.65,2026-05-13 14:51:57,23.48887476160203
4970,64.86,1,1.9,3,20,123.82,2026-05-13 14:51:57,31.429494427394605
4971,85.9,9,1.5,4,2,185.36,2026-05-13 14:51:57,27.805351747949935
4972,46.96,7,1.7,4,5,125.1,2026-05-13 14:51:57,22.522781774580338
4973,93.02,5,1.5,5,12,168.88,2026-05-13 14:51:57,33.048318332543815
4974,63.82,1,2.0,1,21,121.42,2026-05-13 14:51:57,31.536814363366826
4975,30.01,8,1.2,2,2,112.06,2026-05-13 14:51:57,16.06817776191326
4976,149.02,1,1.1,4,5,213.03,2026-05-13 14:51:57,41.971553302351786
4977,9.64,5,1.2,3,14,66.52,2026-05-13 14:51:57,8.695129284425738
4978,55.99,10,1.1,4,3,158.47,2026-05-13 14:51:57,21.19896510380514
4979,145.76,9,1.9,1,15,259.61,2026-05-13 14:51:57,33.68745425831054
4980,100.73,4,1.1,6,18,176.51,2026-05-13 14:51:57,34.24055294317603
4981,85.23,10,1.2,1,16,184.51,2026-05-13 14:51:57,27.71557097176305
4982,74.85,1,1.2,6,20,125.81,2026-05-13 14:51:57,35.69668547810189
4983,64.7,3,1.5,6,9,124.78,2026-05-13 14:51:57,31.110754928674467
4984,105.7,4,1.7,5,7,187.88,2026-05-13 14:51:57,33.75558867362147
4985,93.19,3,1.5,0,16,167.43,2026-05-13 14:51:57,33.395448844293135
4986,149.64,5,1.2,5,21,238.06,2026-05-13 14:51:57,37.71486179954633
4987,111.06,8,1.5,5,10,204.87,2026-05-13 14:51:57,32.525992092546495
4988,103.97,10,1.6,2,14,211.89,2026-05-13 14:51:57,29.44074755769503
4989,72.65,9,1.8,4,14,164.21,2026-05-13 14:51:57,26.54527738870958
4990,138.63,7,1.6,5,11,245.71,2026-05-13 14:51:57,33.85210207154776
4991,14.06,6,1.1,6,17,82.98,2026-05-13 14:51:57,10.166305133767173
4992,79.16,3,1.9,3,4,147.78,2026-05-13 14:51:57,32.1396670726756
4993,20.51,3,1.8,2,15,72.13,2026-05-13 14:51:57,17.060862331900736
4994,54.02,9,1.3,6,23,149.43,2026-05-13 14:51:57,21.690423609716927
4995,129.71,8,1.1,2,5,229.17,2026-05-13 14:51:57,33.95994240083781
4996,135.17,7,1.1,6,6,219.71,2026-05-13 14:51:57,36.91320376860406
4997,116.49,9,1.1,0,20,215.87,2026-05-13 14:51:57,32.377819984249776
4998,58.15,5,1.2,3,7,132.96,2026-05-13 14:51:57,26.240974729241874
4999,131.87,10,1.2,3,4,244.76,2026-05-13 14:51:57,32.32636051642425
5000,105.02,3,2.0,4,19,174.14,2026-05-13 14:51:57,36.18467899391295
